page	hf	hf_title	teil	sub	niveau	aktivitaet	lernziel
30	A		A 1.1 AUSKUNFT GEBEN	A 1.1 AUSKUNFT GEBEN	A2	am Gespräch teilnehmen	Kann einfach und kurz über seine/ihre Gründe für die Migration sprechen, z. B. über die famili- äre oder politische Situation, den Wunsch nach einer Arbeitsstelle.
30	A		A 1.1 AUSKUNFT GEBEN	A 1.1 AUSKUNFT GEBEN	A1	sprechen	Kann mit ganz einfachen Mitteln über sich und seine/ihre Situation im Herkunftsland sprechen, z. B. über die Familie, den Fluchtgrund, den erlernten Beruf.
30	A		A 1.1 AUSKUNFT GEBEN	A 1.1 AUSKUNFT GEBEN	A1	am Gespräch teilnehmen	Kann es ablehnen, über Dinge, die in der Heimat oder bei der Flucht passiert sind, zu sprechen.
30	A		A 1.1 AUSKUNFT GEBEN	A 1.1 AUSKUNFT GEBEN	A2	sprechen	Kann einfach und kurz von seinen/ihren Erfah- rungen berichten, z. B. über Unterstützung durch Familienangehörige bei der Ankunft in Deutsch- land.
30	A		A 1.1 AUSKUNFT GEBEN	A 1.1 AUSKUNFT GEBEN	A2	sprechen	Kann das Leben in seinem/ihrem Herkunftsland in einfacher Form beschreiben, z. B. das Land, die Familie, den erlernten Beruf, Alltagsgewohn- heiten und einzelne konkrete Aspekte mit der Situation in Deutschland vergleichen.
30	A		A 1.1 AUSKUNFT GEBEN	A 1.1 AUSKUNFT GEBEN	A2	am Gespräch teilnehmen	Kann in einfachen Worten Konventionen, Regeln und Normen im Herkunftsland beschreiben und mit eigenen Erfahrungen und der Lebenswirklich- keit in Deutschland vergleichen.
30	A		A 1.1 AUSKUNFT GEBEN	A 1.1 AUSKUNFT GEBEN	B1	am Gespräch teilnehmen	Kann über Unterschiede sprechen und seine/ihre eigene Position darstellen und begründen, z. B. in Bezug auf die Gleichberechtigung von Frau und Mann.
30	A		A 1.2 GEFÜHLE ÄUSSERN	A 1.2 GEFÜHLE ÄUSSERN	B1	am Gespräch teilnehmen	Kann mit einfachen Worten Gefühle über das Leben ausdrücken, z. B. Angst, Unsicherheit, Sorgen und Hoffnungen.
31	A		A 2.1 UM AUSKUNFT BITTEN, AUSKUNFT GEBEN	A 2.1 UM AUSKUNFT BITTEN, AUSKUNFT GEBEN	A1	am Gespräch teilnehmen	Kann mit ganz einfachen Mitteln ihm/ihr vertrau- te Personen und/oder fachliche Beratungsstellen fragen, ob eine bestimmte Handlung in einer be- stimmten Situation, z. B. bzgl. Pünktlichkeit oder Anredeformen/Register, angemessen ist.
31	A		A 2.1 UM AUSKUNFT BITTEN, AUSKUNFT GEBEN	A 2.1 UM AUSKUNFT BITTEN, AUSKUNFT GEBEN	A1	am Gespräch teilnehmen	Kann auf einfache Fragen, ob eine konkrete Handlung, z. B. bzgl. Pünktlichkeit oder Anrede- formen, in seiner/ihrer Herkunftskultur auch üblich ist, mit einfachen Worten antworten.
31	A		A 2.1 UM AUSKUNFT BITTEN, AUSKUNFT GEBEN	A 2.1 UM AUSKUNFT BITTEN, AUSKUNFT GEBEN	A2	sprechen schreiben	Kann beschreiben, wie man sich in bestimmten Situationen, z. B. bzgl. des Verhaltens bei Einla- dungen, in seiner/ihrer Herkunftskultur verhält, und kann Unterschiede zur deutschen Kultur deutlich machen.
31	A		A 2.1 UM AUSKUNFT BITTEN, AUSKUNFT GEBEN	A 2.1 UM AUSKUNFT BITTEN, AUSKUNFT GEBEN	A2	sprechen	Kann, z. B. bzgl. Pünktlichkeit, Anredeformen, Verhalten bei Einladungen, die Verhaltensweisen der eigenen Kultur mit den in Deutschland erleb- ten Verhaltensweisen vergleichen.
31	A		A 2.1 UM AUSKUNFT BITTEN, AUSKUNFT GEBEN	A 2.1 UM AUSKUNFT BITTEN, AUSKUNFT GEBEN	A2	sprechen	Kann sich mit einfachen Worten über das Leben in zwei (ggf. mehr) Kulturen äußern.
31	A		A 2.1 UM AUSKUNFT BITTEN, AUSKUNFT GEBEN	A 2.1 UM AUSKUNFT BITTEN, AUSKUNFT GEBEN	A2	sprechen	Kann auf einfache Art seine/ihre Meinung über erlebte oder beobachtete Aspekte des Lebens in Deutschland mitteilen, z. B. dass Sonntag ein Ruhetag ist.
31	A		A 2.1 UM AUSKUNFT BITTEN, AUSKUNFT GEBEN	A 2.1 UM AUSKUNFT BITTEN, AUSKUNFT GEBEN	B1	am Gespräch teilnehmen	Kann erklären, wie nach seiner/ihrer Meinung in seiner/ihrer Herkunftskultur bestimmte Verhal- tensweisen bewertet werden, z. B. öffentliche Liebesbekundungen, und kann solche Bewertun- gen in anderen Kulturen bzw. in der Zielkultur erfragen.
31	A		A 2.1 UM AUSKUNFT BITTEN, AUSKUNFT GEBEN	A 2.1 UM AUSKUNFT BITTEN, AUSKUNFT GEBEN	B1	am Gespräch teilnehmen	Kann mit einfachen Mitteln beschreiben, inwie- fern Handlungsoptionen in Alltagssituationen mit wichtigen Grundrechten vereinbar sind, z. B. Religionsausübung mit dem Grundrecht der Glaubensfreiheit.
32	A		A 2.2 SICH AUSTAUSCHEN	A 2.2 SICH AUSTAUSCHEN	A2	am Gespräch teilnehmen	Kann sich mit einfachen Worten über seine/ ihre interkulturellen Erfahrungen, z. B. über das Zusammentreffen mit anderen Kulturen im Heimatland bzw. mit der Zielkultur, austauschen.
32	A		A 2.2 SICH AUSTAUSCHEN	A 2.2 SICH AUSTAUSCHEN	B1	am Gespräch teilnehmen	Kann darüber berichten, wie er/sie in bestimm- ten als ungewohnt empfundenen Situationen reagiert hat, und die Gesprächspartner nach angemessenen Reaktionen fragen, z. B. bei der Arbeit, beim Einkaufen usw.
32	A		A 2.2 SICH AUSTAUSCHEN	A 2.2 SICH AUSTAUSCHEN	B1	sprechen	Kann sich über interkulturelle Erfahrungen aus- tauschen und erklären, warum er/sie bestimmte Verhaltensweisen als fremd empfunden hat.
32	A		A 2.2 SICH AUSTAUSCHEN	A 2.2 SICH AUSTAUSCHEN	B1	am Gespräch teilnehmen	Kann sich über interkulturelle Erfahrungen austauschen und Gemeinsamkeiten und Unter- schiede in der Akzeptanz von Verhaltensweisen beschreiben.
32	A		A 2.3 ETWAS ERKLÄREN	A 2.3 ETWAS ERKLÄREN	B1	am Gespräch teilnehmen	Kann interkulturell bedingte Missverständnisse ansprechen und zu Lösungen beitragen, z. B. wenn er/sie bestimmte Lebensmittel ablehnt.
32	A		A 2.3 ETWAS ERKLÄREN	A 2.3 ETWAS ERKLÄREN	B1	sprechen	Kann erläutern, wie Verhaltensweisen in seiner/ ihrer Herkunftskultur zu verstehen sind, z. B. Begrüßung, Verabschiedung.
32	A		A 2.3 ETWAS ERKLÄREN	A 2.3 ETWAS ERKLÄREN	B1	sprechen	Kann seine/ihre Sichtweise einer Situation schil- dern und erklären, wenn es sich um ein Missver- ständnis handelt, z. B. um eine Fehlinterpretation von Verhaltensweisen.
32	A		A 2.3 ETWAS ERKLÄREN	A 2.3 ETWAS ERKLÄREN	B1	am Gespräch teilnehmen	Kann erklären, was ihm/ihr wichtig ist und wie sich diese Überzeugungen auf das Handeln auswirken bzw. ausgewirkt haben, z. B. bei der Kindererziehung, bei Religionsunterschieden.
32	A		A 2.3 ETWAS ERKLÄREN	A 2.3 ETWAS ERKLÄREN	B1	am Gespräch teilnehmen	Kann seine/ihre Meinung zu Möglichkeiten der gesellschaftlichen Partizipation in Deutschland äußern, z. B. zur Möglichkeit ehrenamtlichen Engagements.
33	A		A 2.4 NACHFRAGEN	A 2.4 NACHFRAGEN	A2	am Gespräch teilnehmen	Kann bei Missverständnissen, z. B. bei Fehl- interpretation von Verhaltensweisen oder in Konfliktsituationen, darum bitten, dass Gesprächspartner ihren Standpunkt erklären, bzw. nachfragen, wie sie zu ihrem Standpunkt kommen.
33	A		A 2.4 NACHFRAGEN	A 2.4 NACHFRAGEN	B1	am Gespräch teilnehmen	Kann nachfragen, ob Stereotype oder Vorurteile, z. B. bzgl. Eigeninitiative oder Pünktlichkeit, die er/sie über das Zielsprachenland gehört hat, zutreffen.
33	A		A 2.4 NACHFRAGEN	A 2.4 NACHFRAGEN	A2	am Gespräch teilnehmen	Kann nachfragen, wie bestimmte Situationen in Deutschland gemeistert werden, z. B. landes- übliche Umgangsformen zwischen den Geschlech- tern, Einkaufssituationen, Kindererziehung usw.
33	A		A 2.4 NACHFRAGEN	A 2.4 NACHFRAGEN	B1	am Gespräch teilnehmen	Kann nachfragen, ob eigene Beobachtungen, Wahrnehmungen und Wertungen mit denen der Vertreter/Vertreterinnen der Zielkultur überein- stimmen.
33	A		A 3.1 AUSKUNFT GEBEN	A 3.1 AUSKUNFT GEBEN	A1	am Gespräch teilnehmen	Kann auf einfache Fragen zu den eigenen Fähig- keiten antworten.
33	A		A 3.1 AUSKUNFT GEBEN	A 3.1 AUSKUNFT GEBEN	A2	sprechen	Kann, z. B. in einer Vorstellungsrunde, die eige- nen Kompetenzen bzw. Fähigkeiten darstellen.
33	A		A 3.1 AUSKUNFT GEBEN	A 3.1 AUSKUNFT GEBEN	A2	schreiben	Kann in einfacher schriftlicher Form, z. B. in einem Portfolio oder einem Lerntagebuch, die eigenen Kompetenzen beschreiben.
33	A		A 3.1 AUSKUNFT GEBEN	A 3.1 AUSKUNFT GEBEN	A2	am Gespräch teilnehmen	Kann erklären, wo und wie die Kompetenzen erworben wurden, z. B. durch Erklärung oder Anleitung von einem Familienmitglied oder in der Schule/Ausbildung.
34	A		A 4.1 UNWISSENHEIT ÄUSSERN	A 4.1 UNWISSENHEIT ÄUSSERN	A2	sprechen	Kann, z. B. auf einem Amt oder einer Institution bzw. dem Arbeitgeber gegenüber, äußern, dass er/sie z. B. ein Informationsschreiben nicht verstehen kann, weil er/sie noch nicht so gut Deutsch spricht.
34	A		A 4.1 UNWISSENHEIT ÄUSSERN	A 4.1 UNWISSENHEIT ÄUSSERN	A2	sprechen	Kann bei einem Problem, z. B. auf einem Amt oder einer Institution bzw. dem Arbeitgeber ge- genüber, äußern, dass er/sie eine Vorschrift nicht kennt, weil er/sie noch nicht so gut Deutsch kann bzw. noch nicht so lange in Deutschland ist.
34	A		A 4.1 UNWISSENHEIT ÄUSSERN	A 4.1 UNWISSENHEIT ÄUSSERN	A1	am Gespräch teilnehmen	Kann mit einfachen Worten sagen, dass er/sie nicht weiß, wie etwas auf Deutsch heißt, z. B. beim Einkaufen, beim Arzt.
34	A		A 4.1 UNWISSENHEIT ÄUSSERN	A 4.1 UNWISSENHEIT ÄUSSERN	A2	sprechen	Kann mit einfachen Worten Unsicherheiten im mündlichen oder schriftlichen Ausdruck äußern, z. B. bzgl. Lexik oder Register.
34	A		A 4.1 UNWISSENHEIT ÄUSSERN	A 4.1 UNWISSENHEIT ÄUSSERN	B1	am Gespräch teilnehmen	Kann darstellen, dass er/sie nicht oder nicht genau weiß, wie bestimmte Verhaltensweisen in der Zielkultur bewertet werden.
35	A		A 4.2 NACHFRAGEN, UM UNTERSTÜTZUNG BITTEN	A 4.2 NACHFRAGEN, UM UNTERSTÜTZUNG BITTEN	A1	am Gespräch teilnehmen	Kann nachfragen, wenn er/sie etwas nicht verstanden hat, z. B. auf einer Behörde, im Unterricht, beim Arzt, bei der Arbeit.
35	A		A 4.2 NACHFRAGEN, UM UNTERSTÜTZUNG BITTEN	A 4.2 NACHFRAGEN, UM UNTERSTÜTZUNG BITTEN	A1	am Gespräch teilnehmen	Kann mit einfachen Worten um Wiederholung bitten, z. B. auf einer Behörde, im Unterricht oder im Gespräch mit Arbeitskolleginnen/-kollegen.
35	A		A 4.2 NACHFRAGEN, UM UNTERSTÜTZUNG BITTEN	A 4.2 NACHFRAGEN, UM UNTERSTÜTZUNG BITTEN	A1	am Gespräch teilnehmen	Kann Gesprächspartner, z. B. Beamte, Arbeits- kolleginnen/-kollegen oder Ärzte auch am Telefon bitten, etwas mit anderen Worten zu wiederholen.
35	A		A 4.2 NACHFRAGEN, UM UNTERSTÜTZUNG BITTEN	A 4.2 NACHFRAGEN, UM UNTERSTÜTZUNG BITTEN	A1	am Gespräch teilnehmen	Kann Gesprächspartner, z. B. Beamte oder Lehrkräfte, mit einfachen Worten darum bitten, langsamer zu sprechen.
35	A		A 4.2 NACHFRAGEN, UM UNTERSTÜTZUNG BITTEN	A 4.2 NACHFRAGEN, UM UNTERSTÜTZUNG BITTEN	A2	am Gespräch teilnehmen	Kann darauf bestehen, dass Gesprächspartner, z. B. Beamte, Lehrer oder Ärzte, auch am Telefon, langsamer sprechen bzw. sich einfacher aus- drücken.
35	A		A 4.2 NACHFRAGEN, UM UNTERSTÜTZUNG BITTEN	A 4.2 NACHFRAGEN, UM UNTERSTÜTZUNG BITTEN	A1	am Gespräch teilnehmen	Kann jemanden um Hilfe bitten, ein Anliegen angemessen zu formulieren.
35	A		A 4.2 NACHFRAGEN, UM UNTERSTÜTZUNG BITTEN	A 4.2 NACHFRAGEN, UM UNTERSTÜTZUNG BITTEN	A1	am Gespräch teilnehmen	Kann fragen, ob es bestimmte Informationen, z. B. Informationsschreiben der Schule oder schriftliche Anträge, auch in seiner/ihrer Sprache gibt oder in einer Sprache, die ihm/ihr vertraut ist.
35	A		A 4.2 NACHFRAGEN, UM UNTERSTÜTZUNG BITTEN	A 4.2 NACHFRAGEN, UM UNTERSTÜTZUNG BITTEN	A1	am Gespräch teilnehmen	Kann, z. B. Beamte, bitten, ihm/ihr beim Ausfüllen eines Formulars zu helfen.
35	A		A 4.2 NACHFRAGEN, UM UNTERSTÜTZUNG BITTEN	A 4.2 NACHFRAGEN, UM UNTERSTÜTZUNG BITTEN	A1	am Gespräch teilnehmen	Kann z. B. Beamte informieren, dass eine andere Person für ihn/sie übersetzt, z. B. ein Familien- angehöriger oder Dolmetscher.
35	A		A 4.2 NACHFRAGEN, UM UNTERSTÜTZUNG BITTEN	A 4.2 NACHFRAGEN, UM UNTERSTÜTZUNG BITTEN	B1	am Gespräch teilnehmen	Kann angemessen auf sein/ihr Recht hinweisen, z. B. Hilfe beim Ausfüllen eines Formulars zu bekommen.
36	A		A 5.1 GEFÜHLE AUSDRÜCKEN	A 5.1 GEFÜHLE AUSDRÜCKEN	B1	sprechen	Kann seine/ihre Gefühle im Hinblick auf das Lernen der deutschen Sprache äußern, z. B. Unzufriedenheit, Unsicherheit, Freude über Erfolg.
36	A		A 5.1 GEFÜHLE AUSDRÜCKEN	A 5.1 GEFÜHLE AUSDRÜCKEN	B1	am Gespräch teilnehmen	Kann positive Gefühle bzw. eine optimistische Haltung ausdrücken, z. B. dass er/sie am Arbeits- platz seine/ihre Deutschkenntnisse verbessern kann.
36	A		A 5.2 AUSKUNFT GEBEN	A 5.2 AUSKUNFT GEBEN	A2	sprechen	Kann seinen/ihren Sprachlernstand, z. B. erreichte Fertigkeiten, Defizite – auch mithilfe von Selbsteinschätzungsangeboten –, einschätzen und darüber sprechen.
36	A		A 5.2 AUSKUNFT GEBEN	A 5.2 AUSKUNFT GEBEN	A2	am Gespräch teilnehmen	Kann auf seinen/ihren Sprachlernstand hinweisen und die Gesprächspartner auffordern, bei Verständnisproblemen Rückfragen zu stellen.
36	A		A 5.2 AUSKUNFT GEBEN	A 5.2 AUSKUNFT GEBEN	A1	sprechen	Kann sagen, welche Sprachen er/sie spricht.
36	A		A 5.2 AUSKUNFT GEBEN	A 5.2 AUSKUNFT GEBEN	A2	sprechen	Kann darüber sprechen, welche Sprachen er/sie wie gut spricht und wo/wie er/sie sie gelernt hat, z. B. Griechisch auf der Flucht.
36	A		A 5.2 AUSKUNFT GEBEN	A 5.2 AUSKUNFT GEBEN	B1	am Gespräch teilnehmen	Kann thematisieren, dass es bestimmte Wörter oder Wendungen in der Herkunftssprache nicht gibt oder dass sie kulturell anders konnotiert sind.
36	A		A 5.3 SICH AUSTAUSCHEN	A 5.3 SICH AUSTAUSCHEN	A2	am Gespräch teilnehmen	Kann mit einfachen Worten über Ähnlichkeiten und Unterschiede zwischen Ziel- und Mutter- sprache sprechen.
36	A		A 5.3 SICH AUSTAUSCHEN	A 5.3 SICH AUSTAUSCHEN	B1	am Gespräch teilnehmen	Kann mit anderen darüber sprechen, wie die eigene Mehrsprachigkeit zum Erwerb der Ziel- sprache genutzt werden kann.
40	B		B 1.1 FREUDE AUSDRÜCKEN	B 1.1 FREUDE AUSDRÜCKEN	A2	am Gespräch teilnehmen	Kann seine/ihre Freude/Vorfreude ausdrücken, z. B. Freude über ein Geschenk oder Vorfreude auf das Wochenende.
40	B		B 1.2 BEDAUERN, MITGEFÜHL AUSDRÜCKEN	B 1.2 BEDAUERN, MITGEFÜHL AUSDRÜCKEN	A2	am Gespräch teilnehmen	Kann sagen, dass ihm/ihr etwas leidtut, z. B. wenn Freunde oder Bekannte krank sind, eine Prüfung nicht bestanden haben.
40	B		B 1.2 BEDAUERN, MITGEFÜHL AUSDRÜCKEN	B 1.2 BEDAUERN, MITGEFÜHL AUSDRÜCKEN	A2	am Gespräch teilnehmen	Kann sich positiv und optimistisch äußern, um anderen sein/ihr Mitgefühl zu zeigen und ihnen Mut zuzusprechen.
40	B		B 1.2 BEDAUERN, MITGEFÜHL AUSDRÜCKEN	B 1.2 BEDAUERN, MITGEFÜHL AUSDRÜCKEN	B1	am Gespräch teilnehmen	Kann im Trauerfall sein Beileid ausdrücken.
40	B		B 1.2 BEDAUERN, MITGEFÜHL AUSDRÜCKEN	B 1.2 BEDAUERN, MITGEFÜHL AUSDRÜCKEN	B1	am Gespräch teilnehmen	Kann sagen, dass ihm/ihr ein Missverständnis oder eine Regelverletzung bzw. das Missge- schick einer anderen Person leidtut, und seine/ ihre Gefühle und Gedanken ausdrücken, um das Missverständnis zu klären.
40	B		B 1.3 ZUFRIEDENHEIT, UNZUFRIEDENHEIT AUSDRÜCKEN	B 1.3 ZUFRIEDENHEIT, UNZUFRIEDENHEIT AUSDRÜCKEN	A2	am Gespräch teilnehmen	Kann Kollegen oder Bekannten sagen, dass er/ sie zufrieden ist, z. B. mit einer neuen Wohnung, einem Sprachkurs, dem Kindergarten.
40	B		B 1.3 ZUFRIEDENHEIT, UNZUFRIEDENHEIT AUSDRÜCKEN	B 1.3 ZUFRIEDENHEIT, UNZUFRIEDENHEIT AUSDRÜCKEN	B1	am Gespräch teilnehmen	Kann ausdrücken, dass er/sie unzufrieden ist, z. B. mit dem häufigen Ausfall von Kursstunden, Situationen, in denen er/sie missverstanden wurde.
40	B		B 1.4 ENTTÄUSCHUNG AUSDRÜCKEN	B 1.4 ENTTÄUSCHUNG AUSDRÜCKEN	B1	am Gespräch teilnehmen	Kann mit einfachen Worten seine/ihre Enttäu- schung ausdrücken, z. B. über das Nichtzustande- kommen eines Mietvertrags.
41	B		B 1.5 GEFALLEN, MISSFALLEN AUSDRÜCKEN	B 1.5 GEFALLEN, MISSFALLEN AUSDRÜCKEN	A1	am Gespräch teilnehmen	Kann mit einfachen Worten Gefallen und Missfal- len ausdrücken, z. B. gegenüber Bekannten sagen, was er/sie (nicht) gerne isst, welche Musik er/sie gerne hört.
41	B		B 1.5 GEFALLEN, MISSFALLEN AUSDRÜCKEN	B 1.5 GEFALLEN, MISSFALLEN AUSDRÜCKEN	A2	am Gespräch teilnehmen	Kann ausdrücken, dass ihm/ihr Vorschläge ge- fallen oder missfallen, z. B. für eine gemeinsame Unternehmung im Rahmen der Kinderbetreuung oder die geplante Aufgabenverteilung im Betrieb.
41	B		B 1.6 ÜBERRASCHUNG, ERSTAUNEN AUSDRÜCKEN	B 1.6 ÜBERRASCHUNG, ERSTAUNEN AUSDRÜCKEN	A2	am Gespräch teilnehmen	Kann mit einfachen Worten seine/ihre Über- raschung ausdrücken, z. B. über ein Geschenk, einen spontanen Besuch, die Entscheidung von Vorgesetzten.
41	B		B 1.6 ÜBERRASCHUNG, ERSTAUNEN AUSDRÜCKEN	B 1.6 ÜBERRASCHUNG, ERSTAUNEN AUSDRÜCKEN	A2	am Gespräch teilnehmen	Kann mit einfachen Worten sein/ihr Erstaunen ausdrücken, z. B. über ein als respektlos emp- fundenes Verhalten von Kolleginnen/Kollegen, Jugendlichen oder Verkaufspersonal und um Erläuterung bitten.
41	B		B 1.7 SORGE, ANGST AUSDRÜCKEN	B 1.7 SORGE, ANGST AUSDRÜCKEN	A2	am Gespräch teilnehmen	Kann Sorgen und Ängste auf einfache Art ausdrü- cken und bei Nachfragen antworten, z. B. Sorgen wegen Arbeitslosigkeit, Angst um die Familie.
41	B		B 1.7 SORGE, ANGST AUSDRÜCKEN	B 1.7 SORGE, ANGST AUSDRÜCKEN	A2	am Gespräch teilnehmen	Kann Verständnis für Gefühlsäußerungen anderer Personen zum Ausdruck bringen, z. B. Trauer beim Verlust einer nahestehenden Person.
41	B		B 1.8 HOFFNUNG AUSDRÜCKEN	B 1.8 HOFFNUNG AUSDRÜCKEN	A2	am Gespräch teilnehmen	Kann mit einfachen Worten seine/ihre Hoffnung ausdrücken, z. B. auf Familienzusammenführung, ein baldiges Genesen eines Freundes, das Bestehen einer Prüfung, eine Arbeitsstelle.
42	B		B 2.1 INTERESSE, DESINTERESSE AUSDRÜCKEN	B 2.1 INTERESSE, DESINTERESSE AUSDRÜCKEN	A1	am Gespräch teilnehmen	Kann mit einfachen Worten ausdrücken, dass ihn/ sie eine Frage interessiert bzw. nicht interessiert, z. B. bei einem Gespräch im Unterricht, in einer Beratungssituation.
42	B		B 2.2 ZUSTIMMUNG, ABLEHNUNG AUSDRÜCKEN	B 2.2 ZUSTIMMUNG, ABLEHNUNG AUSDRÜCKEN	A1	am Gespräch teilnehmen	Kann mit einfachen Worten seine/ihre Zustim- mung oder Ablehnung ausdrücken, z. B. in einem Gespräch bei der Arbeit, mit Nachbarn oder anderen Eltern.
42	B		B 2.2 ZUSTIMMUNG, ABLEHNUNG AUSDRÜCKEN	B 2.2 ZUSTIMMUNG, ABLEHNUNG AUSDRÜCKEN	B1	am Gespräch teilnehmen	Kann ausdrücken, dass er/sie bestimmte Werte, Ansichten und Verhaltensweisen, die ihr/ihm in Deutschland begegnen, befürwortet oder nicht teilt bzw. unverständlich findet, z. B. Ruhezeiten, Mülltrennung.
42	B		B 2.3 NEIGUNGEN, ABNEIGUNGEN, VORLIEBEN AUSDRÜCKEN	B 2.3 NEIGUNGEN, ABNEIGUNGEN, VORLIEBEN AUSDRÜCKEN	A1	am Gespräch teilnehmen	Kann mit einfachen Worten über Vorlieben und Abneigungen kommunizieren, z. B. bei Bekannten über Essen und Getränke.
42	B		B 2.3 NEIGUNGEN, ABNEIGUNGEN, VORLIEBEN AUSDRÜCKEN	B 2.3 NEIGUNGEN, ABNEIGUNGEN, VORLIEBEN AUSDRÜCKEN	A2	am Gespräch teilnehmen	Kann, z. B. Arbeitskollegen, auf einfache Art sagen, welche Arbeiten er/sie gerne macht und was er/sie besonders gut kann.
43	B		B 2.4 MEINUNGEN ÄUSSERN UND BEGRÜNDEN	B 2.4 MEINUNGEN ÄUSSERN UND BEGRÜNDEN	A2	am Gespräch teilnehmen	Kann in einem Gespräch mit Mitlernenden oder Nachbarn auf einfache Weise sagen, wie er/sie alltägliche Dinge findet, z. B. ein Kleidungsstück, die neue Wohnung, die Stadt, den öffentlichen Nahverkehr.
43	B		B 2.4 MEINUNGEN ÄUSSERN UND BEGRÜNDEN	B 2.4 MEINUNGEN ÄUSSERN UND BEGRÜNDEN	B1	am Gespräch teilnehmen	Kann persönliche Einschätzungen begründen und eigene Interessen zum Ausdruck bringen, z. B. zu relevanten Themen im Nahbereich oder zu Grundlagen des Miteinanders.
43	B		B 2.4 MEINUNGEN ÄUSSERN UND BEGRÜNDEN	B 2.4 MEINUNGEN ÄUSSERN UND BEGRÜNDEN	B1	am Gespräch teilnehmen	Kann in einem Gespräch mit Mitlernenden, Kolleginnen/Kollegen oder Vorgesetzten sagen, wie er/sie eine Sache/ein Verhalten/eine Entscheidung findet, z. B. Energiesparen oder Mülltrennung, und seine/ihre Meinung begründen.
43	B		B 2.5 VERMUTUNGEN AUSDRÜCKEN	B 2.5 VERMUTUNGEN AUSDRÜCKEN	A2	sprechen	Kann mit einfachen sprachlichen Mitteln eine Vermutung äußern, z. B. über die Abwesenheit von Kollegen am Arbeitsplatz oder von Mit- lernenden im Sprachunterricht.
43	B		B 2.6 WICHTIGKEIT AUSDRÜCKEN	B 2.6 WICHTIGKEIT AUSDRÜCKEN	B1	am Gespräch teilnehmen	Kann mit einfachen Worten die Wichtigkeit einer Sache ausdrücken, z. B. im Unterricht oder bei der Arbeit.
43	B		B 2.7 DISTANZIERUNG FORMULIEREN	B 2.7 DISTANZIERUNG FORMULIEREN	B1	am Gespräch teilnehmen	Kann relativ mühelos ausdrücken, dass er/sie sich von einer bestimmten Meinung oder Haltung distanzieren möchte.
44	B		B 2.8 BEFREMDEN AUSDRÜCKEN	B 2.8 BEFREMDEN AUSDRÜCKEN	B1	am Gespräch teilnehmen	Kann darstellen, dass ihm/ihr bestimmte Verhal- tensweisen und Werte in der Zielkultur unver- ständlich und fremd erscheinen.
44	B		B 2.9 BEGEISTERUNG AUSDRÜCKEN	B 2.9 BEGEISTERUNG AUSDRÜCKEN	A2	am Gespräch teilnehmen	Kann mit einfachen Worten seine/ihre Begeis- terung ausdrücken, z. B. für eine Sache, eine Entscheidung, eine Person.
48	C		C 1.1 DIE EIGENE MEINUNG AUSDRÜCKEN	C 1.1 DIE EIGENE MEINUNG AUSDRÜCKEN	A1	am Gespräch teilnehmen	Kann mit einfachen Worten äußern, dass er/sie anderer Meinung ist, z. B. während einer Teamar- beit, beim Gespräch mit Nachbarn oder Kollegen.
48	C		C 1.1 DIE EIGENE MEINUNG AUSDRÜCKEN	C 1.1 DIE EIGENE MEINUNG AUSDRÜCKEN	B1	am Gespräch teilnehmen	Kann mit einfachen Worten bei einem Dissens angemessen den eigenen Standpunkt begründen, z. B. bei der Wohnungssuche, beim Autokauf oder bei Diskussionen über Konventionen, Regeln und Normen.
48	C		C 1.1 DIE EIGENE MEINUNG AUSDRÜCKEN	C 1.1 DIE EIGENE MEINUNG AUSDRÜCKEN	A2	am Gespräch teilnehmen	Kann um Unterstützung für die eigene Meinung werben.
48	C		C 1.2 NACHFRAGEN	C 1.2 NACHFRAGEN	A1	am Gespräch teilnehmen	Kann bei Meinungsverschiedenheiten, z. B. mit Arbeitskollegen oder einer Lehrkraft, mit einfachen Mitteln nachfragen, ob er/sie richtig verstanden hat.
48	C		C 1.2 NACHFRAGEN	C 1.2 NACHFRAGEN	A2	am Gespräch teilnehmen	Kann bei Meinungsverschiedenheiten nachfragen, ob sein/ihr Anliegen, z. B. ein Urlaubswunsch, die Bitte um Gewährung einer Unterstützung, verstanden wurde.
48	C		C 1.3 MISSBILLIGUNG AUSDRÜCKEN	C 1.3 MISSBILLIGUNG AUSDRÜCKEN	A2	am Gespräch teilnehmen	Kann mit einfachen Worten angemessen aus- drücken, dass und warum er/sie mit Äußerungen oder Handlungen, z. B. von Kollegen oder einer Lehrkraft, nicht einverstanden ist.
48	C		C 1.3 MISSBILLIGUNG AUSDRÜCKEN	C 1.3 MISSBILLIGUNG AUSDRÜCKEN	A2	sprechen	Kann mit einfachen Worten angemessen ausdrü- cken, dass und warum er/sie mit der Behandlung, z. B. eines Kindes oder eines Kollegen, nicht einverstanden ist oder das Verhalten von Vorge- setzten oder einer Beraterin/eines Beraters nicht in Ordnung findet.
49	C		C 1.4 WIDERSPRECHEN	C 1.4 WIDERSPRECHEN	A1	am Gespräch teilnehmen	Kann bei einem Dissens, z. B. wegen einer Platz- reservierung, bei Vorwürfen oder Forderungen seiner/ihrer Gesprächspartner, mit einfachen Worten adäquat widersprechen.
49	C		C 2.1 NACH GRÜNDEN FRAGEN	C 2.1 NACH GRÜNDEN FRAGEN	A2	am Gespräch teilnehmen	Kann bei einer negativen Reaktion auf ein Anliegen mit einfachen Worten nach den Gründen fragen, z. B. auf einer Behörde, im Arbeits- kontext.
49	C		C 2.1 NACH GRÜNDEN FRAGEN	C 2.1 NACH GRÜNDEN FRAGEN	A2	am Gespräch teilnehmen	Kann Gesprächspartner mit einfachen Worten nach den Gründen für ihre Einstellung und ihr Verhalten fragen.
49	C		C 2.2 UM RAT FRAGEN	C 2.2 UM RAT FRAGEN	A2	am Gespräch teilnehmen	Kann Gesprächspartner mit einfachen Worten um einen Rat, eine Empfehlung bitten, wie mit einem Konflikt umgegangen werden kann.
49	C		C 2.3 JEMANDEN AUFFORDERN, ETWAS ZU TUN	C 2.3 JEMANDEN AUFFORDERN, ETWAS ZU TUN	A2	am Gespräch teilnehmen	Kann bei Konflikten, z. B. mit Servicepersonal, die betroffene Person angemessen auffordern, Vorgesetzte hinzuzuziehen.
50	C		C 2.4 LÖSUNGSVORSCHLÄGE MACHEN UND AUF LÖSUNGSVORSCHLÄGE REAGIEREN	C 2.4 LÖSUNGSVORSCHLÄGE MACHEN UND AUF LÖSUNGSVORSCHLÄGE REAGIEREN	A1	am Gespräch teilnehmen	Kann bei Konflikten mit einfachen Worten zu- stimmend oder ablehnend auf Lösungsvorschläge reagieren.
50	C		C 2.4 LÖSUNGSVORSCHLÄGE MACHEN UND AUF LÖSUNGSVORSCHLÄGE REAGIEREN	C 2.4 LÖSUNGSVORSCHLÄGE MACHEN UND AUF LÖSUNGSVORSCHLÄGE REAGIEREN	A2	am Gespräch teilnehmen	Kann in einer Konfliktsituation einfache Alter- nativ- oder Lösungsvorschläge machen, z. B. ein erneutes Gespräch vorschlagen, jemanden hinzuziehen bzw. schriftliche Regelungen berück- sichtigen.
50	C		C 2.4 LÖSUNGSVORSCHLÄGE MACHEN UND AUF LÖSUNGSVORSCHLÄGE REAGIEREN	C 2.4 LÖSUNGSVORSCHLÄGE MACHEN UND AUF LÖSUNGSVORSCHLÄGE REAGIEREN	B1	am Gespräch teilnehmen	Kann in einer Konfliktsituation andere Meinun- gen/Lösungsvorschläge anerkennen und einen Kompromiss aushandeln.
50	C		C 2.6 EINIGUNG	C 2.6 EINIGUNG	B1	am Gespräch teilnehmen	Kann nach einem Konflikt, z. B. mit den Nachbarn, bei der Arbeit, unterschiedliche Standpunkte ver- gleichen und einen Kompromiss vorschlagen.
54	D		D 1.1 JEMANDEN BEGRÜSSEN UND DARAUF REAGIEREN	D 1.1 JEMANDEN BEGRÜSSEN UND DARAUF REAGIEREN	A1	am Gespräch teilnehmen	Kann jemanden angemessen begrüßen, z. B. Nachbarn, Kolleginnen und Kollegen, Vorgesetzte, Kunden, Mitarbeiter von öffentlichen Einrichtun- gen und Behörden.
54	D		D 1.1 JEMANDEN BEGRÜSSEN UND DARAUF REAGIEREN	D 1.1 JEMANDEN BEGRÜSSEN UND DARAUF REAGIEREN	A1	am Gespräch teilnehmen	Kann auf einen Gruß angemessen reagieren, z. B. von Nachbarn, Kolleginnen und Kollegen, Vorgesetzten, Kundinnen und Kunden.
54	D		D 1.2 SICH UND ANDERE VORSTELLEN UND AUF VORSTELLUNGEN REAGIEREN	D 1.2 SICH UND ANDERE VORSTELLEN UND AUF VORSTELLUNGEN REAGIEREN	A1	am Gespräch teilnehmen	Kann sich mit einfachen Worten vorstellen, z. B. bei Mitarbeitern von öffentlichen Einrich- tungen und Behörden, Eltern am Elternabend in der Schule.
54	D		D 1.2 SICH UND ANDERE VORSTELLEN UND AUF VORSTELLUNGEN REAGIEREN	D 1.2 SICH UND ANDERE VORSTELLEN UND AUF VORSTELLUNGEN REAGIEREN	A1	am Gespräch teilnehmen	Kann jemanden mit einfachen Worten vorstellen.
54	D		D 1.2 SICH UND ANDERE VORSTELLEN UND AUF VORSTELLUNGEN REAGIEREN	D 1.2 SICH UND ANDERE VORSTELLEN UND AUF VORSTELLUNGEN REAGIEREN	A1	am Gespräch teilnehmen	Kann höflich reagieren, wenn er/sie vorgestellt wird.
54	D		D 1.2 SICH UND ANDERE VORSTELLEN UND AUF VORSTELLUNGEN REAGIEREN	D 1.2 SICH UND ANDERE VORSTELLEN UND AUF VORSTELLUNGEN REAGIEREN	A1	am Gespräch teilnehmen	Kann andere Personen darum bitten, sich vorzustellen.
55	D		D 1.3 JEMANDEN ANSPRECHEN	D 1.3 JEMANDEN ANSPRECHEN	A1	am Gespräch teilnehmen	Kann jemanden ansprechen und mit einfachen Worten um konkrete, alltägliche Dinge bitten bzw. nach etwas fragen, z. B. Verkäufer nach einer bestimmten Ware oder Mitreisende, ob der Platz neben ihnen frei ist.
55	D		D 1.3 JEMANDEN ANSPRECHEN	D 1.3 JEMANDEN ANSPRECHEN	A2	am Gespräch teilnehmen	Kann jemanden ansprechen und auf etwas hinweisen oder Hilfe anbieten, z. B. wenn jemand etwas verloren hat, jemand Probleme bei der Bedienung eines Automaten hat.
55	D		D 1.4 ANREDEFORMEN KLÄREN	D 1.4 ANREDEFORMEN KLÄREN	A1	am Gespräch teilnehmen	Kann Kollegen in der Arbeit bzw. Bekannten, die er/sie eingeladen hat, das Du anbieten.
55	D		D 1.4 ANREDEFORMEN KLÄREN	D 1.4 ANREDEFORMEN KLÄREN	A1	am Gespräch teilnehmen	Kann reagieren, wenn ihm/ihr Bekannte oder Kollegen in der Arbeit das Du anbieten.
55	D		D 1.4 ANREDEFORMEN KLÄREN	D 1.4 ANREDEFORMEN KLÄREN	A1	am Gespräch teilnehmen	Kann z. B. Mitarbeiter von öffentlichen Einrich- tungen und Behörden, auffordern, die adäquate Anredeform zu benutzen.
55	D		D 1.4 ANREDEFORMEN KLÄREN	D 1.4 ANREDEFORMEN KLÄREN	A2	am Gespräch teilnehmen	Kann sich nach der im Kontext üblichen Anrede- form erkundigen.
55	D		D 1.5 GESPRÄCHE BEENDEN	D 1.5 GESPRÄCHE BEENDEN	A1	am Gespräch teilnehmen	Kann ein Gespräch einfach und höflich beenden, z. B. mit Nachbarn, Kollegen oder Mitarbeitern von öffentlichen Einrichtungen und Behörden.
55	D		D 1.5 GESPRÄCHE BEENDEN	D 1.5 GESPRÄCHE BEENDEN	B1	am Gespräch teilnehmen	Kann unter Angabe von Gründen erklären, warum er/sie ein Gespräch beenden muss, z. B. weil er/ sie einen Termin hat, gerade einen wichtigen Anruf entgegennehmen muss, Kunden gekommen sind, und Bedauern darüber ausdrücken.
56	D		D 1.6 SICH VERABSCHIEDEN UND AUF VERABSCHIEDUNGEN REAGIEREN	D 1.6 SICH VERABSCHIEDEN UND AUF VERABSCHIEDUNGEN REAGIEREN	A1	am Gespräch teilnehmen	Kann Verabschiedungen verstehen, z. B. von Kollegen bei Arbeitsschluss, und angemessen darauf reagieren.
56	D		D 1.6 SICH VERABSCHIEDEN UND AUF VERABSCHIEDUNGEN REAGIEREN	D 1.6 SICH VERABSCHIEDEN UND AUF VERABSCHIEDUNGEN REAGIEREN	A1	am Gespräch teilnehmen	Kann sich angemessen verabschieden, z. B. nach einem Gespräch mit Nachbarn, einem Treffen mit Freunden/Bekannten.
56	D		D 2.1 NACH DEM BEFINDEN FRAGEN UND DARAUF REAGIEREN	D 2.1 NACH DEM BEFINDEN FRAGEN UND DARAUF REAGIEREN	A1	am Gespräch teilnehmen	Kann, z. B. Bekannte oder Lehrer der eigenen Kinder, fragen, wie es ihnen geht.
56	D		D 2.1 NACH DEM BEFINDEN FRAGEN UND DARAUF REAGIEREN	D 2.1 NACH DEM BEFINDEN FRAGEN UND DARAUF REAGIEREN	A1	am Gespräch teilnehmen	Kann auf Fragen nach dem Befinden reagieren, z. B. von Bekannten oder Nachbarn oder von Eltern von Mitschülern der eigenen Kinder.
56	D		D 2.2 SMALLTALK FÜHREN	D 2.2 SMALLTALK FÜHREN	A2	am Gespräch teilnehmen	Kann einfache Informationen über sich, seine/ ihre Familie und sein/ihr Umfeld austauschen, z. B. in der Mittagspause in der Arbeit, vor/nach einem Elternabend, auf einer Feier.
56	D		D 2.2 SMALLTALK FÜHREN	D 2.2 SMALLTALK FÜHREN	B1	am Gespräch teilnehmen	Kann über ihm/ihr bekannte Themen Auskunft geben und Gesprächspartnern Fragen zu diesen Themen stellen, z. B. während eines Eltern- abends, während eines Betriebsausflugs oder auf einer Feier.
56	D		D 2.2 SMALLTALK FÜHREN	D 2.2 SMALLTALK FÜHREN	B1	schreiben	Kann in einem Brief oder einer E-Mail Neuigkei- ten mitteilen, nach Neuigkeiten fragen und von Ereignissen berichten und danach fragen.
56	D		D 2.2 SMALLTALK FÜHREN	D 2.2 SMALLTALK FÜHREN	B1	am Gespräch teilnehmen	Kann, z. B. während eines Vorstellungsgesprächs, Smalltalk machen, z. B. über die Anreise, die Stadt, in der man sich gerade befindet, sprechen.
57	D		D 2.3 GEFÜHLE AUSDRÜCKEN	D 2.3 GEFÜHLE AUSDRÜCKEN	A2	am Gespräch teilnehmen	Kann sagen, dass ihm/ihr etwas leidtut, z. B. wenn Freunde oder Bekannte krank sind oder das Auto des Kollegen kaputt ist.
57	D		D 2.3 GEFÜHLE AUSDRÜCKEN	D 2.3 GEFÜHLE AUSDRÜCKEN	A2	am Gespräch teilnehmen	Kann seine/ihre Freude ausdrücken, z. B. über ein Geschenk.
57	D		D 2.4 EINLADUNGEN AUSSPRECHEN UND DARAUF REAGIEREN	D 2.4 EINLADUNGEN AUSSPRECHEN UND DARAUF REAGIEREN	A2	am Gespräch teilnehmen	Kann (auch telefonisch) z. B. Kollegen, Freunde oder befreundete Eltern fragen, ob sie zu einer Feier oder gemeinsamen Aktivität mitkommen, und einen Termin mit ihnen ausmachen.
57	D		D 2.4 EINLADUNGEN AUSSPRECHEN UND DARAUF REAGIEREN	D 2.4 EINLADUNGEN AUSSPRECHEN UND DARAUF REAGIEREN	A2	schreiben	Kann z. B. Kollegen, Freunde oder befreundete Eltern mit einer Postkarte, E-Mail oder einer Kurzmitteilung zu einer Feier oder gemeinsamen Aktivität einladen.
57	D		D 2.4 EINLADUNGEN AUSSPRECHEN UND DARAUF REAGIEREN	D 2.4 EINLADUNGEN AUSSPRECHEN UND DARAUF REAGIEREN	A2	am Gespräch teilnehmen	Kann sich (auch telefonisch) für eine Einladung bei Kollegen oder Freunden bedanken und zusagen oder freundlich und mit Angabe eines Grundes absagen.
57	D		D 2.4 EINLADUNGEN AUSSPRECHEN UND DARAUF REAGIEREN	D 2.4 EINLADUNGEN AUSSPRECHEN UND DARAUF REAGIEREN	A2	schreiben	Kann auf eine Einladung schriftlich, z. B. per E-Mail oder Kurzmitteilung, reagieren und zusagen oder freundlich und unter Angabe von Gründen absagen.
57	D		D 2.5 VERABREDUNGEN TREFFEN UND DARAUF REAGIEREN	D 2.5 VERABREDUNGEN TREFFEN UND DARAUF REAGIEREN	A1	am Gespräch teilnehmen	Kann z. B. Kollegen oder Freunde fragen, ob sie Zeit haben, gemeinsam etwas zu unternehmen.
57	D		D 2.5 VERABREDUNGEN TREFFEN UND DARAUF REAGIEREN	D 2.5 VERABREDUNGEN TREFFEN UND DARAUF REAGIEREN	A1	am Gespräch teilnehmen	Kann sagen, ob er/sie zu einem Termin Zeit hat.
58	D		D 2.6 VORSCHLÄGE ABLEHNEN	D 2.6 VORSCHLÄGE ABLEHNEN	A1	am Gespräch teilnehmen	Kann sagen, dass er/sie für eine gemeinsame Aktivität keine Zeit hat, z. B. einen Stadtbummel.
58	D		D 2.6 VORSCHLÄGE ABLEHNEN	D 2.6 VORSCHLÄGE ABLEHNEN	A2	am Gespräch teilnehmen	Kann mit einfachen Worten erklären, warum er/ sie eine bestimmte Freizeitaktivität nicht mitma- chen möchte, z. B. ein Gartenfest mit Nachbarn, einen Schwimmbadbesuch.
58	D		D 2.7 KOMPLIMENTE UND LOB AUSSPRECHEN UND DARAUF REAGIEREN	D 2.7 KOMPLIMENTE UND LOB AUSSPRECHEN UND DARAUF REAGIEREN	A1	am Gespräch teilnehmen	Kann mit sehr einfachen Worten ein Kompliment oder Lob aussprechen, z. B. sagen, dass ein Klei- dungsstück schön ist/jemandem steht oder dass jemand eine Sache, z. B. bei der Arbeit oder im Unterricht, gut gemacht hat.
58	D		D 2.7 KOMPLIMENTE UND LOB AUSSPRECHEN UND DARAUF REAGIEREN	D 2.7 KOMPLIMENTE UND LOB AUSSPRECHEN UND DARAUF REAGIEREN	A1	am Gespräch teilnehmen	Kann sich für ein Kompliment bedanken.
58	D		D 2.8 SICH ENTSCHULDIGEN UND AUF ENTSCHULDIGUNGEN REAGIEREN	D 2.8 SICH ENTSCHULDIGEN UND AUF ENTSCHULDIGUNGEN REAGIEREN	A1	am Gespräch teilnehmen	Kann sich mit ganz einfachen Worten entschuldi- gen, z. B. in der U-Bahn, wenn er/sie jemandem auf den Fuß getreten ist, auf der Straße, wenn er/sie jemanden angerempelt hat.
58	D		D 2.8 SICH ENTSCHULDIGEN UND AUF ENTSCHULDIGUNGEN REAGIEREN	D 2.8 SICH ENTSCHULDIGEN UND AUF ENTSCHULDIGUNGEN REAGIEREN	A2	am Gespräch teilnehmen	Kann sich für etwas entschuldigen, z. B. wenn er/sie eine Anweisung falsch verstanden hat.
58	D		D 2.8 SICH ENTSCHULDIGEN UND AUF ENTSCHULDIGUNGEN REAGIEREN	D 2.8 SICH ENTSCHULDIGEN UND AUF ENTSCHULDIGUNGEN REAGIEREN	B1	am Gespräch teilnehmen	Kann um Entschuldigung bitten und erklären, warum er/ sie sich in einer bestimmten Weise verhalten hat.
58	D		D 2.8 SICH ENTSCHULDIGEN UND AUF ENTSCHULDIGUNGEN REAGIEREN	D 2.8 SICH ENTSCHULDIGEN UND AUF ENTSCHULDIGUNGEN REAGIEREN	A1	am Gespräch teilnehmen	Kann mit einfachen Worten auf Entschuldigun- gen des Gesprächspartners reagieren und sie annehmen.
59	D		D 2.9 MISSVERSTÄNDNISSE KLÄREN	D 2.9 MISSVERSTÄNDNISSE KLÄREN	A2	am Gespräch teilnehmen	Kann mit einfachen Worten äußern, dass seiner/ ihrer Meinung nach ein Missverständnis vorliegt, z. B. bei Schuldzuweisungen durch Mitbewohner oder Ermahnungen durch Vorgesetzte.
59	D		D 2.9 MISSVERSTÄNDNISSE KLÄREN	D 2.9 MISSVERSTÄNDNISSE KLÄREN	B1	sprechen	Kann z. B. in einem Beratungs- oder Klärungs- gespräch mit einer Lehrkraft erklären, wie ein Missverständnis zustande kam.
59	D		D 2.10 VERSTÄNDNIS AUSDRÜCKEN	D 2.10 VERSTÄNDNIS AUSDRÜCKEN	A2	am Gespräch teilnehmen	Kann Verständnis für etwas ausdrücken, z. B. wenn jemand wegen Krankheit nicht zu einem Treffen kommen kann oder sich wegen eines Verkehrsstaus verspätet.
59	D		D 2.11 ZU BESTIMMTEN ANLÄSSEN GRATULIEREN UND DARAUF REAGIEREN	D 2.11 ZU BESTIMMTEN ANLÄSSEN GRATULIEREN UND DARAUF REAGIEREN	A1	am Gespräch teilnehmen	Kann jemandem gratulieren, z. B. Freunden zum Geburtstag, Kollegen zur Hochzeit.
59	D		D 2.11 ZU BESTIMMTEN ANLÄSSEN GRATULIEREN UND DARAUF REAGIEREN	D 2.11 ZU BESTIMMTEN ANLÄSSEN GRATULIEREN UND DARAUF REAGIEREN	A1	schreiben	Kann jemandem in einer E-Mail oder Postkarte gratulieren, z. B. Freunden zum Geburtstag, Kolle- gen zur Hochzeit.
59	D		D 2.11 ZU BESTIMMTEN ANLÄSSEN GRATULIEREN UND DARAUF REAGIEREN	D 2.11 ZU BESTIMMTEN ANLÄSSEN GRATULIEREN UND DARAUF REAGIEREN	A1	am Gespräch teilnehmen	Kann sich für Glückwünsche bedanken, z. B. eines Bekannten zu einer bestandenen Prüfung, eines Nachbarn zu einem neuen Job.
59	D		D 2.12 GUTE WÜNSCHE AUSSPRECHEN UND DARAUF REAGIEREN	D 2.12 GUTE WÜNSCHE AUSSPRECHEN UND DARAUF REAGIEREN	A1	am Gespräch teilnehmen	Kann mit einfachen Worten jemandem gute Wün- sche aussprechen, z. B. Freunden für den Urlaub, Nachbarn für das neue Jahr.
59	D		D 2.12 GUTE WÜNSCHE AUSSPRECHEN UND DARAUF REAGIEREN	D 2.12 GUTE WÜNSCHE AUSSPRECHEN UND DARAUF REAGIEREN	A1	am Gespräch teilnehmen	Kann sich für gute Wünsche bedanken und die Wünsche mit einfachen Worten erwidern.
62	E		E 1.1 NACHFRAGEN	E 1.1 NACHFRAGEN	A1	am Gespräch teilnehmen	Kann mit einfachen Worten nachfragen, ob ein Wort oder eine Formulierung richtig ist.
62	E		E 1.1 NACHFRAGEN	E 1.1 NACHFRAGEN	A1	am Gespräch teilnehmen	Kann seine/ihre Gesprächspartner um sprachliche Korrektur als Hilfe beim Sprachenlernen bitten.
62	E		E 1.1 NACHFRAGEN	E 1.1 NACHFRAGEN	A2	am Gespräch teilnehmen	Kann seine/ihre Gesprächspartner durch Um- schreibung oder ungefähre Begriffsangabe nach dem adäquaten deutschen Ausdruck fragen.
62	E		E 1.1 NACHFRAGEN	E 1.1 NACHFRAGEN	A1	am Gespräch teilnehmen	Kann seine/ihre Gesprächspartner mit einfachen Mitteln fragen, ob sie ihm/ihr gutes zusätzliches Lernmaterial empfehlen können.
62	E		E 1.1 NACHFRAGEN	E 1.1 NACHFRAGEN	A1	am Gespräch teilnehmen	Kann fragen, ob es in der Nähe einen Deutsch- kurs gibt.
62	E		E 1.1 NACHFRAGEN	E 1.1 NACHFRAGEN	A2	am Gespräch teilnehmen	Kann fragen, wo er/sie sich über weitere Lernan- gebote, z. B. weiterführende oder spezialisierte Deutschkurse, Apps, Online-Angebote, informie- ren kann.
62	E		E 1.1 NACHFRAGEN	E 1.1 NACHFRAGEN	B1	am Gespräch teilnehmen	Kann sich mit anderen darüber austauschen, welche Schritte man unternehmen kann, um den Sprachkontakt mit Deutschen bzw. mit der deutschen Sprache zu verbessern.
63	E		E 1.2 UM UNTERSTÜTZUNG BITTEN	E 1.2 UM UNTERSTÜTZUNG BITTEN	A2	am Gespräch teilnehmen	Kann um Hilfestellungen bitten oder Hinweise und Tipps zum individuellen Weiterlernen erfragen, z. B. bei Arbeitskollegen, Lehrkraft usw.
63	E		E 1.2 UM UNTERSTÜTZUNG BITTEN	E 1.2 UM UNTERSTÜTZUNG BITTEN	A2	am Gespräch teilnehmen	Kann Tipps verstehen, die ihm/ihr zum Sprach- lernen gegeben werden.
63	E		E 1.2 UM UNTERSTÜTZUNG BITTEN	E 1.2 UM UNTERSTÜTZUNG BITTEN	A2	am Gespräch teilnehmen	Kann Tipps geben, wie man schnell und effektiv eine Fremdsprache lernen kann.
63	E		E 1.2 UM UNTERSTÜTZUNG BITTEN	E 1.2 UM UNTERSTÜTZUNG BITTEN	A2	am Gespräch teilnehmen	Kann seine/ihre Gesprächspartner um eine einfa- che Worterklärung oder grammatische Erklärung bitten.
64	E		E 2.1 WORTSCHATZ LERNEN	E 2.1 WORTSCHATZ LERNEN	A1	schreiben	Kann sich ein persönliches Glossar in Form einer einfachen Kartei anlegen und benutzen.
64	E		E 2.1 WORTSCHATZ LERNEN	E 2.1 WORTSCHATZ LERNEN	A2	lesen	Kann Anweisungen in einem Übersetzungsportal im Internet verstehen.
64	E		E 2.1 WORTSCHATZ LERNEN	E 2.1 WORTSCHATZ LERNEN	A1	schreiben	Kann Wörter nach Themen gruppieren/ordnen.
64	E		E 2.1 WORTSCHATZ LERNEN	E 2.1 WORTSCHATZ LERNEN	A1	schreiben	Kann Verfahren Wörter zu memorieren anwen- den, z. B. Bezeichnungen von Alltagsgegenstän- den in der eigenen Wohnung oder am Arbeits- platz auf Klebezettel/Post-its schreiben und diese an die betreffenden Gegenstände heften.
64	E		E 2.1 WORTSCHATZ LERNEN	E 2.1 WORTSCHATZ LERNEN	A1	schreiben	Kann die graphomotorische Unterstützung beim Wörterlernen durch Schreiben beim individuellen Lernen einsetzen.
64	E		E 2.1 WORTSCHATZ LERNEN	E 2.1 WORTSCHATZ LERNEN	A1	schreiben	Kann aus Texten für ihn/sie relevante Wörter bestimmen und in sein/ihr persönliches Glossar eintragen.
64	E		E 2.1 WORTSCHATZ LERNEN	E 2.1 WORTSCHATZ LERNEN	A2	schreiben	Kann für ihn/sie relevante Wortfelder, z. B. die eigene Person betreffend, zu Interessen, zur eigenen Umgebung, strukturiert darstellen, z. B. auf einem Poster, und kontinuierlich erweitern.
64	E		E 2.1 WORTSCHATZ LERNEN	E 2.1 WORTSCHATZ LERNEN	A2	schreiben	Kann sich Plakate mit Wendungen aus Original- texten, wie z. B. Texte aus Zeitungen, Magazinen, erstellen und diese zum individuellen Lernen benutzen.
65	E		E 2.2 HÖRKOMPETENZ AUF- UND AUSBAUEN	E 2.2 HÖRKOMPETENZ AUF- UND AUSBAUEN	A1	hören	Kann die Höraufnahmen des Unterrichtsmaterials zum individuellen Training des Hörverstehens nutzen.
65	E		E 2.2 HÖRKOMPETENZ AUF- UND AUSBAUEN	E 2.2 HÖRKOMPETENZ AUF- UND AUSBAUEN	A2	hören	Kann z. B. bei Kindernachrichten im Internet den Text der gesprochenen Nachricht während des Hörens mitlesen und dies zum Training des Hörverstehens nutzen.
65	E		E 2.2 HÖRKOMPETENZ AUF- UND AUSBAUEN	E 2.2 HÖRKOMPETENZ AUF- UND AUSBAUEN	B1	hören	Kann Podcasts, Videos oder sich wiederholende Radiosendungen (z. B. Nachrichten im Halbstun- dentakt) zum Training des Hörverstehens nutzen.
65	E		E 2.2 HÖRKOMPETENZ AUF- UND AUSBAUEN	E 2.2 HÖRKOMPETENZ AUF- UND AUSBAUEN	A2	hören	Kann sein/ihr individuelles Hörziel unter Berück- sichtigung der Textsorte bestimmen und zum selegierenden oder kursorischen Hörverständnis nutzen.
65	E		E 2.2 HÖRKOMPETENZ AUF- UND AUSBAUEN	E 2.2 HÖRKOMPETENZ AUF- UND AUSBAUEN	A1	hören	Kann mit Internationalismen, Zahlen, Namen etc. in Hörtexten umgehen und benutzt diese als Verständnisinseln.
65	E		E 2.2 HÖRKOMPETENZ AUF- UND AUSBAUEN	E 2.2 HÖRKOMPETENZ AUF- UND AUSBAUEN	A1	hören	Kann Vorerwartungen zum Inhalt, z. B. einer Radiosendung (aufgrund von Sendezeit und Sprachduktus) oder eines Gesprächs (aufgrund des Geschlechts, des Alters, der Funktion der Sprechenden), aufbauen, ggf. formulieren und zum Verstehen des Hörtextes nutzen.
65	E		E 2.2 HÖRKOMPETENZ AUF- UND AUSBAUEN	E 2.2 HÖRKOMPETENZ AUF- UND AUSBAUEN	A2	hören	Kann sein/ihr Vorwissen zu einem bestimmten Thema, z. B. einer Nachrichtensendung, aktivie- ren und zum Hörverstehen nutzen.
65	E		E 2.2 HÖRKOMPETENZ AUF- UND AUSBAUEN	E 2.2 HÖRKOMPETENZ AUF- UND AUSBAUEN	A2	hören	Kann seine/ihre Kenntnis von Textsorten, z. B. Nachrichtensendungen, Durchsagen, nutzen, um Voraussagen über den Inhalt zu treffen und diese beim Hörverstehen zu nutzen.
65	E		E 2.2 HÖRKOMPETENZ AUF- UND AUSBAUEN	E 2.2 HÖRKOMPETENZ AUF- UND AUSBAUEN	A2	hören	Kann Sprechintentionen der Gesprächspartner, wie z. B. nachfragen, um etwas bitten, etwas mitteilen, erkennen und dies zum Verstehen von Äußerungen nutzen.
65	E		E 2.2 HÖRKOMPETENZ AUF- UND AUSBAUEN	E 2.2 HÖRKOMPETENZ AUF- UND AUSBAUEN	A2	hören	Kann grundlegende Emotionen und Registerwahl des Sprechers/der Sprecherin unterscheiden, z. B. Freude, Angst, Ärger, Formen und Abstufungen von Höflichkeit und Formalität.
66	E		E 2.3 HÖR-SEH-KOMPETENZ AUF- UND AUSBAUEN	E 2.3 HÖR-SEH-KOMPETENZ AUF- UND AUSBAUEN	A1	sehen und hören	Kann Untertitel bei Filmen und Videos zum Hör-Sehverstehen-Training nutzen.
66	E		E 2.3 HÖR-SEH-KOMPETENZ AUF- UND AUSBAUEN	E 2.3 HÖR-SEH-KOMPETENZ AUF- UND AUSBAUEN	A1	sehen und hören	Kann insbesondere bei Fernsehsendungen die Bildinformationen für das Verstehen nutzen.
66	E		E 2.3 HÖR-SEH-KOMPETENZ AUF- UND AUSBAUEN	E 2.3 HÖR-SEH-KOMPETENZ AUF- UND AUSBAUEN	A1	sehen und hören	Kann wichtige globale Informationen aus dem bewegten Bild entnehmen und über unverstan- dene Wörter hinweg hören.
66	E		E 2.3 HÖR-SEH-KOMPETENZ AUF- UND AUSBAUEN	E 2.3 HÖR-SEH-KOMPETENZ AUF- UND AUSBAUEN	A2	sehen und hören	Kann insbesondere bei Online-Fernsehsendungen die schriftlichen Informationen zum Hör-Sehver- stehen nutzen.
66	E		E 2.3 HÖR-SEH-KOMPETENZ AUF- UND AUSBAUEN	E 2.3 HÖR-SEH-KOMPETENZ AUF- UND AUSBAUEN	A2	sehen und hören	Kann beim Verstehen von Filmen Hörstrategien nutzen.
67	E		E 2.4 LESEKOMPETENZ AUF- UND AUSBAUEN	E 2.4 LESEKOMPETENZ AUF- UND AUSBAUEN	A1	lesen	Kann Texte im Alltag, z. B. Werbetexte, Zeitun- gen, Prospekte, zum Training des Leseverstehens nutzen.
67	E		E 2.4 LESEKOMPETENZ AUF- UND AUSBAUEN	E 2.4 LESEKOMPETENZ AUF- UND AUSBAUEN	A2	lesen	Kann sein/ihr individuelles Leseziel unter Be- rücksichtigung der Textsorte bestimmen und zum Verständnis des Textes nutzen.
67	E		E 2.4 LESEKOMPETENZ AUF- UND AUSBAUEN	E 2.4 LESEKOMPETENZ AUF- UND AUSBAUEN	A1	lesen	Kann Namen, Daten, Internationalismen, Cognates, verwandte Wörter, häufig wieder- kehrende Wörter, Wortbildungsregeln und Rück- führungsregeln bei der Wortzusammensetzung etc. für das Verstehen eines Textes nutzen.
67	E		E 2.4 LESEKOMPETENZ AUF- UND AUSBAUEN	E 2.4 LESEKOMPETENZ AUF- UND AUSBAUEN	A2	lesen	Kann sein/ihr Vorwissen zu einem bestimmten Thema anhand bestimmter Merkmale eines Textes aktivieren und zum Leseverstehen nutzen.
67	E		E 2.4 LESEKOMPETENZ AUF- UND AUSBAUEN	E 2.4 LESEKOMPETENZ AUF- UND AUSBAUEN	A1	lesen	Kann Textsortenmerkmale und typo- und topo- grafische Merkmale eines Textes zum Verständ- nis nutzen.
67	E		E 2.4 LESEKOMPETENZ AUF- UND AUSBAUEN	E 2.4 LESEKOMPETENZ AUF- UND AUSBAUEN	A2	lesen	Kann die Textsorte erkennen, sein/ihr Wissen über die Spezifik dieser Textsorte aktivieren und zum Verständnis des Textes nutzen.
67	E		E 2.4 LESEKOMPETENZ AUF- UND AUSBAUEN	E 2.4 LESEKOMPETENZ AUF- UND AUSBAUEN	A1	lesen	Kann einfache textphorische Mittel als Weg- weiser im Text erkennen und nutzen, z. B. Personalpronomen.
67	E		E 2.4 LESEKOMPETENZ AUF- UND AUSBAUEN	E 2.4 LESEKOMPETENZ AUF- UND AUSBAUEN	B1	lesen	Kann, z. B. Wortstämme und Prä- bzw. Suffixe erkennen und zur Erklärung unbekannter Wörter nutzen.
68	E		E 2.5 SPRECHFERTIGKEIT AUF- UND AUSBAUEN	E 2.5 SPRECHFERTIGKEIT AUF- UND AUSBAUEN	A1	sprechen	Kann durch Verwendung auswendig gelernter/ trainierter Wendungen, Diskursformeln, Kollo- kationen etc. flüssiger sprechen und nutzt dieses Wissen für sein/ihr Lernen.
68	E		E 2.5 SPRECHFERTIGKEIT AUF- UND AUSBAUEN	E 2.5 SPRECHFERTIGKEIT AUF- UND AUSBAUEN	A2	sprechen	Kann einen Dialogplan anlegen und mit diesem (und einem Partner/einer Partnerin) das Sprechen trainieren.
68	E		E 2.5 SPRECHFERTIGKEIT AUF- UND AUSBAUEN	E 2.5 SPRECHFERTIGKEIT AUF- UND AUSBAUEN	A2	sprechen	Kann sich Stichpunkte für sein/ihr monologisches Sprechen notieren und damit sein/ihr Sprechen trainieren.
68	E		E 2.5 SPRECHFERTIGKEIT AUF- UND AUSBAUEN	E 2.5 SPRECHFERTIGKEIT AUF- UND AUSBAUEN	A2	sprechen	Kann Wendungen, Textteile und selbst gespro- chene Texte, z. B. auf Kassette oder als MP3- Datei, aufnehmen und sich nach dem Hören, auch in Prosodie, selbst verbessern.
68	E		E 2.5 SPRECHFERTIGKEIT AUF- UND AUSBAUEN	E 2.5 SPRECHFERTIGKEIT AUF- UND AUSBAUEN	B1	sprechen	Kann z. B. einsprachige deutsche Wörterbücher zur Erweiterung der Ausdrucksfähigkeit nutzen.
68	E		E 2.5 SPRECHFERTIGKEIT AUF- UND AUSBAUEN	E 2.5 SPRECHFERTIGKEIT AUF- UND AUSBAUEN	A1	sprechen	Kann sich – auch digital - eine Redemittelkartei anlegen, z. B. von im Alltag oder am Arbeitsplatz häufig vorkommenden Wendungen, diese ständig erweitern und Beispiele daraus anwenden.
68	E		E 2.5 SPRECHFERTIGKEIT AUF- UND AUSBAUEN	E 2.5 SPRECHFERTIGKEIT AUF- UND AUSBAUEN	A1	sprechen	Kann Kompensationsstrategien, z. B. Wörter und Wendungen aus anderen Sprachen, Umschreibun- gen, verwenden, um seine/ihre Sprechintention zu realisieren.
68	E		E 2.5 SPRECHFERTIGKEIT AUF- UND AUSBAUEN	E 2.5 SPRECHFERTIGKEIT AUF- UND AUSBAUEN	A1	sprechen	Kann außersprachliche Kompensationsstrategien, z. B. Pantomime, Zeigen, Zeichnen, im Bedarfs- fall nutzen, um seine/ihre Sprechintention zu realisieren.
68	E		E 2.5 SPRECHFERTIGKEIT AUF- UND AUSBAUEN	E 2.5 SPRECHFERTIGKEIT AUF- UND AUSBAUEN	B1	sprechen	Kann die Kompensationsstrategie der Ver- wendung von Füllwörtern zum Zeitgewinn bei Ausdrucksschwierigkeiten nutzen.
69	E		E 2.6 SCHREIBFERTIGKEIT AUF- UND AUSBAUEN	E 2.6 SCHREIBFERTIGKEIT AUF- UND AUSBAUEN	A1	schreiben	Kann die Technik des Abschreibens zur Verbesse- rung der individuellen Schreibfertigkeit nutzen.
69	E		E 2.6 SCHREIBFERTIGKEIT AUF- UND AUSBAUEN	E 2.6 SCHREIBFERTIGKEIT AUF- UND AUSBAUEN	A2	schreiben	Kann Strategien und Techniken zur Überarbei- tung von Texten, z. B. die Technik des Refor- mulierens, beim Verfassen von freien Texten anwenden.
69	E		E 2.6 SCHREIBFERTIGKEIT AUF- UND AUSBAUEN	E 2.6 SCHREIBFERTIGKEIT AUF- UND AUSBAUEN	A2	schreiben	Kann eine Fehlerstatistik führen und diese zur Behebung individueller Defizite beim Schreiben nutzen.
69	E		E 2.6 SCHREIBFERTIGKEIT AUF- UND AUSBAUEN	E 2.6 SCHREIBFERTIGKEIT AUF- UND AUSBAUEN	B1	schreiben	Kann bei schriftlicher Interaktion für bestimmte Textsorten typische Redewendungen und Formulierungen identifizieren und diese bei der eigenen schriftlichen Reaktion verwenden.
69	E		E 2.6 SCHREIBFERTIGKEIT AUF- UND AUSBAUEN	E 2.6 SCHREIBFERTIGKEIT AUF- UND AUSBAUEN	A1	schreiben	Kann die Rechtschreibkontrolle von Word beim Verfassen von Texten einsetzen.
69	E		E 2.6 SCHREIBFERTIGKEIT AUF- UND AUSBAUEN	E 2.6 SCHREIBFERTIGKEIT AUF- UND AUSBAUEN	A2	schreiben	Kann einsprachige Wörterbücher zur Erweiterung der Ausdrucksfähigkeit nutzen.
69	E		E 2.6 SCHREIBFERTIGKEIT AUF- UND AUSBAUEN	E 2.6 SCHREIBFERTIGKEIT AUF- UND AUSBAUEN	B1	schreiben	Kann die Textbausteine in Word beim Verfassen von formellen Schreiben einsetzen.
69	E		E 2.6 SCHREIBFERTIGKEIT AUF- UND AUSBAUEN	E 2.6 SCHREIBFERTIGKEIT AUF- UND AUSBAUEN	A2	schreiben	Kann Originaltexte als Vorlagen für eigene Texte nutzen.
69	E		E 2.6 SCHREIBFERTIGKEIT AUF- UND AUSBAUEN	E 2.6 SCHREIBFERTIGKEIT AUF- UND AUSBAUEN	B1	schreiben	Kann Merkmale von Textsorten reproduzieren.
70	E		E 2.7 GRAMMATIK LERNEN	E 2.7 GRAMMATIK LERNEN	A1		Kann metasprachliche Begriffe im Bereich Grammatik evtl. zu muttersprachlichen Begriffen oder Begriffen in einer ihm/ihr bekannten Fremdsprache in Beziehung setzen.
70	E		E 2.7 GRAMMATIK LERNEN	E 2.7 GRAMMATIK LERNEN	A1		Kann grammatische Strukturen grafisch darstel- len oder grafische Darstellungen zum Verständnis nutzen.
70	E		E 2.7 GRAMMATIK LERNEN	E 2.7 GRAMMATIK LERNEN	A1		Kann Verfahren des selbstständigen Erkennens grammatischer Strukturen, z. B. Markieren, Sammeln, Ordnen, Systematisieren, anwenden und Regelhaftigkeiten formulieren.
70	E		E 2.7 GRAMMATIK LERNEN	E 2.7 GRAMMATIK LERNEN	A2		Kann Vergleiche zu Regelhaftigkeiten in der Herkunfts- oder einer anderen Fremdsprache ziehen und diese zum Verständnis grammatischer Strukturen im Deutschen heranziehen.
70	E		E 2.7 GRAMMATIK LERNEN	E 2.7 GRAMMATIK LERNEN	A1		Kann die unterstützende Funktion von Merk- versen zu grammatikalischen Regelhaftigkeiten für sich nutzbar machen.
70	E		E 2.7 GRAMMATIK LERNEN	E 2.7 GRAMMATIK LERNEN	A1		Kann den positiven Effekt von Berühren oder Bewegen beim Einprägen grammatischer Strukturen für sich nutzen.
70	E		E 2.7 GRAMMATIK LERNEN	E 2.7 GRAMMATIK LERNEN	A2		Kann anderen Lernern grammatische Strukturen erklären und mit Beispielen exemplifizieren.
70	E		E 2.7 GRAMMATIK LERNEN	E 2.7 GRAMMATIK LERNEN	A1		Kann Aufgaben bzw. Übungen zu grammatischen Phänomenen für Mitlernende erstellen und diese bei der Lösung der Aufgaben beraten.
70	E		E 2.7 GRAMMATIK LERNEN	E 2.7 GRAMMATIK LERNEN	A2		Kann sich eigene, einfache Übungen zu gram- matischen Phänomenen erstellen und in einer Lernkartei sammeln.
70	E		E 2.7 GRAMMATIK LERNEN	E 2.7 GRAMMATIK LERNEN	A2		Kann grammatische Strukturen in Alltagstexten identifizieren und für sich aufschreiben.
76	1	Ä MTER UND BEHÖRDEN	1.1 SICH EINEN ÜBERBLICK ÜBER ZUSTÄNDIGKEITEN UND SERVICELEISTUNGEN	1.1.1 SICH INFORMIEREN	A1	lesen	Kann dem Telefonbuch oder Internet spezifische Informationen über Behörden entnehmen, z. B. Standorte, Adressen, Öffnungs- zeiten.
76	1	Ä MTER UND BEHÖRDEN	1.1 SICH EINEN ÜBERBLICK ÜBER ZUSTÄNDIGKEITEN UND SERVICELEISTUNGEN	1.1.1 SICH INFORMIEREN	A2	am Gespräch teilnehmen	Kann sich allgemein bei Bekannten oder Beratungsstellen über Behörden informieren, z. B. über Zuständigkeiten, Service- leistungen, Ansprüche.
76	1	Ä MTER UND BEHÖRDEN	1.1 SICH EINEN ÜBERBLICK ÜBER ZUSTÄNDIGKEITEN UND SERVICELEISTUNGEN	1.1.1 SICH INFORMIEREN	A2	lesen	Kann schriftlichem Informationsmaterial, auch im Internet, für ihn/sie wichtige Informationen entnehmen, z. B. Zuständigkeiten, Ansprechpartner.
76	1	Ä MTER UND BEHÖRDEN	1.2 KOMMUNIKATION MIT ÄMTERN UND BEHÖRDEN	1.2.1 MITTEILUNGEN VERSTEHEN UND DARAUF REAGIEREN	A2	lesen	Kann schriftlichen Aufforderungen der Behörden relevante Informationen entnehmen, z. B. Fristen.
76	1	Ä MTER UND BEHÖRDEN	1.2 KOMMUNIKATION MIT ÄMTERN UND BEHÖRDEN	1.2.1 MITTEILUNGEN VERSTEHEN UND DARAUF REAGIEREN	A2	schreiben	Kann gegen einen Bescheid einfach und formelhaft schriftlich Einspruch einlegen, z. B. gegen einen Bußgeldbescheid.
76	1	Ä MTER UND BEHÖRDEN	1.2 KOMMUNIKATION MIT ÄMTERN UND BEHÖRDEN	1.2.2 FORMULARE AUSFÜLLEN UND ANTRÄGE STELLEN	A1	schreiben	Kann in Formularen persönliche Daten eintragen, z. B. in Anmel- deformularen.
76	1	Ä MTER UND BEHÖRDEN	1.2 KOMMUNIKATION MIT ÄMTERN UND BEHÖRDEN	1.2.2 FORMULARE AUSFÜLLEN UND ANTRÄGE STELLEN	A2	schreiben	Kann für ihn/sie relevante Formulare mit persönlichen und berufsbezogenen Angaben ausfüllen, z. B. Antragsformulare.
77	1	ÄMTER UND BEHÖRDEN 77	1.3 KOMMUNIKATION MIT MITARBEITERN VON ÄMTERN UND BEHÖRDEN	1.3.1 SICH INFORMIEREN UND AUSKÜNFTE GEBEN	A1	lesen	Kann einfache und standardisierte Wegweiser verstehen, z. B. im Eingangsbereich von öffentlichen Stellen oder Behörden.
77	1	ÄMTER UND BEHÖRDEN 77	1.3 KOMMUNIKATION MIT MITARBEITERN VON ÄMTERN UND BEHÖRDEN	1.3.1 SICH INFORMIEREN UND AUSKÜNFTE GEBEN	A1	am Gespräch teilnehmen	Kann am Informationsschalter gezielt Auskünfte erfragen, z. B. den richtigen Ansprechpartner, die zuständige Stelle mithilfe eines Bescheids oder Informationen in seiner/ihrer Muttersprache.
77	1	ÄMTER UND BEHÖRDEN 77	1.3 KOMMUNIKATION MIT MITARBEITERN VON ÄMTERN UND BEHÖRDEN	1.3.1 SICH INFORMIEREN UND AUSKÜNFTE GEBEN	A2	am Gespräch teilnehmen	Kann sich telefonisch, auch über die automatische Vermittlung, verbinden lassen, z. B. mit dem zuständigen Sachbearbeiter.
77	1	ÄMTER UND BEHÖRDEN 77	1.3 KOMMUNIKATION MIT MITARBEITERN VON ÄMTERN UND BEHÖRDEN	1.3.1 SICH INFORMIEREN UND AUSKÜNFTE GEBEN	A2	am Gespräch teilnehmen	Kann gegenüber Mitarbeitern seine/ihre Wünsche einfach und klar formulieren, z. B. bzgl. Umschreibung des Führerscheins, Abholung eines Einschreibens.
77	1	ÄMTER UND BEHÖRDEN 77	1.3 KOMMUNIKATION MIT MITARBEITERN VON ÄMTERN UND BEHÖRDEN	1.3.1 SICH INFORMIEREN UND AUSKÜNFTE GEBEN	A1	am Gespräch teilnehmen	Kann mit einfachen Worten auf einfache Fragen der Mitarbeiter antworten, z. B. nach persönlichen Daten, Aufenthaltsstatus, Familiensituation.
77	1	ÄMTER UND BEHÖRDEN 77	1.3 KOMMUNIKATION MIT MITARBEITERN VON ÄMTERN UND BEHÖRDEN	1.3.1 SICH INFORMIEREN UND AUSKÜNFTE GEBEN	A2	am Gespräch teilnehmen	Kann einfache und konkrete Aufforderungen der Sachbearbei- tung verstehen, z. B. weitere Schritte, Fristen.
77	1	ÄMTER UND BEHÖRDEN 77	1.3 KOMMUNIKATION MIT MITARBEITERN VON ÄMTERN UND BEHÖRDEN	1.3.1 SICH INFORMIEREN UND AUSKÜNFTE GEBEN	A2	am Gespräch teilnehmen	Kann mit einfachen Worten Mitarbeiter nach der Verbindlichkeit von Fristen und möglichen Handlungsspielräumen fragen, z. B. einer Fristverlängerung.
77	1	ÄMTER UND BEHÖRDEN 77	1.3 KOMMUNIKATION MIT MITARBEITERN VON ÄMTERN UND BEHÖRDEN	1.3.2 UM HILFE BITTEN	A1	am Gespräch teilnehmen	Kann Sachbearbeiter um Hilfe bitten, z. B. beim Ausfüllen eines Formulars.
77	1	ÄMTER UND BEHÖRDEN 77	1.3 KOMMUNIKATION MIT MITARBEITERN VON ÄMTERN UND BEHÖRDEN	1.3.2 UM HILFE BITTEN	A2	am Gespräch teilnehmen	Kann Mitarbeiter um Auskunft und Beratung bitten, z. B. zur Aufenthaltserlaubnis, Arbeitserlaubnis.
78	1	ÄMTER UND BEHÖRDEN 77	1.3 KOMMUNIKATION MIT MITARBEITERN VON ÄMTERN UND BEHÖRDEN	1.3.3 SICH BESCHWEREN	A2	am Gespräch teilnehmen	Kann sich mit einfachen Worten gegen unangemessenes Verhalten von Mitarbeitern wehren.
78	1	ÄMTER UND BEHÖRDEN 77	1.3 KOMMUNIKATION MIT MITARBEITERN VON ÄMTERN UND BEHÖRDEN	1.3.3 SICH BESCHWEREN	B1	am Gespräch teilnehmen	Kann mit einfachen, standardisierten Formulierungen bei ungerechtfertigten Forderungen Einspruch erheben, z. B. bei Zahlungsaufforderungen.
78	1	ÄMTER UND BEHÖRDEN 77	1.3 KOMMUNIKATION MIT MITARBEITERN VON ÄMTERN UND BEHÖRDEN	1.3.3 SICH BESCHWEREN	B1	schreiben	Kann mit einfachen, standardisierten Formulierungen bei ungerechtfertigten Forderungen schriftlich Einspruch erheben, z. B. bei Zahlungsaufforderungen.
78	1	ÄMTER UND BEHÖRDEN 77	1.3 KOMMUNIKATION MIT MITARBEITERN VON ÄMTERN UND BEHÖRDEN	1.3.4 AN BERATUNGSGESPRÄCHEN TEILNEHMEN	A1	sprechen	Kann in Beratungsstellen mit einfachen Worten über sich selbst informieren, z. B. über die familiäre Situation, Probleme.
78	1	ÄMTER UND BEHÖRDEN 77	1.3 KOMMUNIKATION MIT MITARBEITERN VON ÄMTERN UND BEHÖRDEN	1.3.4 AN BERATUNGSGESPRÄCHEN TEILNEHMEN	B1	sprechen	Kann bei Beratungsstellen spezifische Probleme erörtern, z. B. bzgl. Pflegedienst, Lohnsteuererklärung.
82	2	A RBEIT	2.1 KOMMUNIKATION MIT VORGESETZTEN UND KOLLEGEN	2.1.1 SICH INFORMIEREN UND AUSKÜNFTE GEBEN	A1	am Gespräch teilnehmen	Kann Kolleginnen/Kollegen mit einfachen Worten fragen, z. B. nach Feiertagen, der Verteilung von Aufgaben innerhalb eines Teams, nach Zuständigkeiten.
82	2	A RBEIT	2.1 KOMMUNIKATION MIT VORGESETZTEN UND KOLLEGEN	2.1.1 SICH INFORMIEREN UND AUSKÜNFTE GEBEN	A2	am Gespräch teilnehmen	Kann sich bei Kolleginnen/Kollegen mit einfachen Worten nach Arbeitsabläufen und Kommunikationsgepflogenheiten erkundi- gen, z. B. nach festen Besprechungsterminen, Anredeformen.
82	2	A RBEIT	2.1 KOMMUNIKATION MIT VORGESETZTEN UND KOLLEGEN	2.1.1 SICH INFORMIEREN UND AUSKÜNFTE GEBEN	B1	am Gespräch teilnehmen	Kann im Konfliktfall Kolleginnen/Kollegen mit einfachen Worten erläutern, worin ein Missverständnis besteht und warum er/sie in einer bestimmten Weise gehandelt/reagiert hat.
82	2	A RBEIT	2.1 KOMMUNIKATION MIT VORGESETZTEN UND KOLLEGEN	2.1.1 SICH INFORMIEREN UND AUSKÜNFTE GEBEN	A2	am Gespräch teilnehmen	Kann Kolleginnen/Kollegen um die Erläuterung von Regeln und Verbindlichkeiten bitten, z. B. Regelung im Krankheitsfall, Vertretungsregelung, Arbeitsschutz.
82	2	A RBEIT	2.1 KOMMUNIKATION MIT VORGESETZTEN UND KOLLEGEN	2.1.1 SICH INFORMIEREN UND AUSKÜNFTE GEBEN	A2	hören	Kann die Kernaussagen von berufsrelevanten kurzen, einfachen und klaren Durchsagen und Mitteilungen, z. B. Mitarbeiterausruf im Supermarkt, verstehen.
82	2	A RBEIT	2.1 KOMMUNIKATION MIT VORGESETZTEN UND KOLLEGEN	2.1.1 SICH INFORMIEREN UND AUSKÜNFTE GEBEN	A2	lesen	Kann listenartigen Texten zu vertrauten Themen spezifische Informationen entnehmen, z. B. Ersatzteile in einem Katalog finden.
82	2	A RBEIT	2.1 KOMMUNIKATION MIT VORGESETZTEN UND KOLLEGEN	2.1.1 SICH INFORMIEREN UND AUSKÜNFTE GEBEN	A2	am Gespräch teilnehmen	Kann im Personalbüro nach Informationen fragen, z. B. nach der Erfassung von Fehlzeiten.
82	2	A RBEIT	2.1 KOMMUNIKATION MIT VORGESETZTEN UND KOLLEGEN	2.1.1 SICH INFORMIEREN UND AUSKÜNFTE GEBEN	B1	sprechen	Kann mit einfachen Worten grundlegende Werkstoffe, Arbeits- materialien, Maschinen oder Produkte beschreiben, unter- scheiden, vergleichen und zuordnen, z. B. Eigenschaften eines Gegenstands beschreiben, seine Vor- und Nachteile nennen und ihn festgelegten Kategorien zuordnen.
82	2	A RBEIT	2.1 KOMMUNIKATION MIT VORGESETZTEN UND KOLLEGEN	2.1.1 SICH INFORMIEREN UND AUSKÜNFTE GEBEN	A2	am Gespräch teilnehmen	Kann z. B. Kolleginnen/Kollegen, Vorgesetzten, Patientinnen und Patienten, seine/ihre Tätigkeiten und Arbeitsabläufe beschrei- ben.
82	2	A RBEIT	2.1 KOMMUNIKATION MIT VORGESETZTEN UND KOLLEGEN	2.1.1 SICH INFORMIEREN UND AUSKÜNFTE GEBEN	A2	lesen	Kann schriftlichen Texten aus dem eigenen Arbeitsbereich grundlegende Informationen entnehmen, z. B. über neue Produkte, neue Aufträge.
82	2	A RBEIT	2.1 KOMMUNIKATION MIT VORGESETZTEN UND KOLLEGEN	2.1.1 SICH INFORMIEREN UND AUSKÜNFTE GEBEN	A2	hören	Kann Videos über das eigene Berufsfeld grundlegende Infor- mationen entnehmen, z. B. zu Tätigkeiten und Abläufen.
83	2	ARBEIT 83		2.1.2 AUFTRÄGE VERSTEHEN UND DARAUF REAGIEREN, AUFTRÄGE GEBEN	A1	hören	Kann das Wesentliche ganz einfacher, ihm/ihr vertrauter Arbeitsaufträge verstehen.
83	2	ARBEIT 83		2.1.2 AUFTRÄGE VERSTEHEN UND DARAUF REAGIEREN, AUFTRÄGE GEBEN	A1	am Gespräch teilnehmen	Kann mit einfachen Worten mitteilen, dass er/sie einen Auftrag verstanden hat und annimmt.
83	2	ARBEIT 83		2.1.2 AUFTRÄGE VERSTEHEN UND DARAUF REAGIEREN, AUFTRÄGE GEBEN	A2	lesen	Kann das Wesentliche ganz einfacher schriftlicher Arbeits- aufträge verstehen, z. B. auf Laufzetteln, Materialscheinen, Notizzetteln sowie in elektronischer Form.
83	2	ARBEIT 83		2.1.2 AUFTRÄGE VERSTEHEN UND DARAUF REAGIEREN, AUFTRÄGE GEBEN	A2	schreiben	Kann einfach und klar in schriftlicher Form mitteilen, dass er/sie einen Auftrag verstanden hat und annimmt.
83	2	ARBEIT 83		2.1.2 AUFTRÄGE VERSTEHEN UND DARAUF REAGIEREN, AUFTRÄGE GEBEN	A1	am Gespräch teilnehmen	Kann nachfragen, wenn er/sie etwas nicht verstanden hat, und um Wiederholung bitten.
83	2	ARBEIT 83		2.1.2 AUFTRÄGE VERSTEHEN UND DARAUF REAGIEREN, AUFTRÄGE GEBEN	A2	am Gespräch teilnehmen	Kann nach weiteren Informationen fragen, z. B. nach Arbeits- schritten, benötigtem Material, vorgesehener Zeit.
83	2	ARBEIT 83		2.1.2 AUFTRÄGE VERSTEHEN UND DARAUF REAGIEREN, AUFTRÄGE GEBEN	A2	sprechen	Kann Vorgesetzen mit einfachen Worten bestätigen, dass er/ sie einen bestimmten Auftrag in der vorgesehenen Zeit nicht erledigen kann.
83	2	ARBEIT 83		2.1.2 AUFTRÄGE VERSTEHEN UND DARAUF REAGIEREN, AUFTRÄGE GEBEN	B1	am Gespräch teilnehmen	Kann Vorgesetzten, Kolleginnen/Kollegen angemessen Alterna- tivvorschläge zu einem Arbeitsauftrag machen, z. B. in welcher Reihenfolge ihm/ihr Arbeitsschritte am sinnvollsten erscheinen.
83	2	ARBEIT 83		2.1.2 AUFTRÄGE VERSTEHEN UND DARAUF REAGIEREN, AUFTRÄGE GEBEN	A2	sprechen	Kann Mitarbeitern und Kollegen einfache Aufträge erteilen.
83	2	ARBEIT 83		2.1.2 AUFTRÄGE VERSTEHEN UND DARAUF REAGIEREN, AUFTRÄGE GEBEN	B1	am Gespräch teilnehmen	Kann jemanden nach der Erledigung von Aufträgen fragen, z. B. Kolleginnen/Kollegen oder Mitarbeitende.
84	2	ARBEIT 83		2.1.3 MITTEILUNGEN VERSTEHEN UND DARAUF REAGIEREN, MITTEILUNGEN MACHEN	A1	sprechen	Kann sich mit einfachen Worten telefonisch krankmelden.
84	2	ARBEIT 83		2.1.3 MITTEILUNGEN VERSTEHEN UND DARAUF REAGIEREN, MITTEILUNGEN MACHEN	A1	schreiben	Kann sich mit einfachen Worten schriftlich krankmelden.
84	2	ARBEIT 83		2.1.3 MITTEILUNGEN VERSTEHEN UND DARAUF REAGIEREN, MITTEILUNGEN MACHEN	B1	am Gespräch teilnehmen	Kann bei einer Krankmeldung mitteilen, welche Arbeiten er/sie nicht erledigen kann, und erklären, was zu tun ist.
84	2	ARBEIT 83		2.1.3 MITTEILUNGEN VERSTEHEN UND DARAUF REAGIEREN, MITTEILUNGEN MACHEN	B1	schreiben	Kann in informellen Mitteilungen an Kolleginnen/Kollegen Sach- verhalte aus dem eigenen Erfahrungsbereich darstellen, Gefühle und Reaktionen formulieren und begründen, z. B. zu einem Ereignis des Arbeitstages.
84	2	ARBEIT 83		2.1.3 MITTEILUNGEN VERSTEHEN UND DARAUF REAGIEREN, MITTEILUNGEN MACHEN	A2	schreiben	Kann einen einfachen Arbeitsbericht ausfüllen, z. B. über eine Pflegeleistung
84	2	ARBEIT 83		2.1.3 MITTEILUNGEN VERSTEHEN UND DARAUF REAGIEREN, MITTEILUNGEN MACHEN	A2	schreiben	Kann kurze Eintragungen ins Berichtsheft (Ausbildung) vorneh- men, z. B. Datum, Ort und Tätigkeit angeben.
84	2	ARBEIT 83		2.1.3 MITTEILUNGEN VERSTEHEN UND DARAUF REAGIEREN, MITTEILUNGEN MACHEN	A2	am Gespräch teilnehmen	Kann Zahlen, wichtige Zeit-, Orts- und Mengenangaben sowie Daten verstehen und mitteilen, z. B. sagen, wie viel Verbands- material gebraucht wird oder wann ein Kind aus der Kita abgeholt werden soll.
84	2	ARBEIT 83		2.1.3 MITTEILUNGEN VERSTEHEN UND DARAUF REAGIEREN, MITTEILUNGEN MACHEN	A1	hören	Kann einfache mündliche Warnungen verstehen, z. B. Hinweise auf Elektrizität, defekte Maschinen.
84	2	ARBEIT 83		2.1.3 MITTEILUNGEN VERSTEHEN UND DARAUF REAGIEREN, MITTEILUNGEN MACHEN	A1	lesen	Kann sehr einfache schriftliche Informationen verstehen, z. B. zu Werkzeug, Material, Mengen.
84	2	ARBEIT 83		2.1.3 MITTEILUNGEN VERSTEHEN UND DARAUF REAGIEREN, MITTEILUNGEN MACHEN	A2	hören	Kann auf die Mailbox gesprochene Mitteilungen verstehen, z. B. eine Bitte um Rückruf, und entsprechend reagieren.
84	2	ARBEIT 83		2.1.3 MITTEILUNGEN VERSTEHEN UND DARAUF REAGIEREN, MITTEILUNGEN MACHEN	A2	schreiben	Kann Kolleginnen/Kollegen, auch in elektronischer Form, eine kurze Notiz mit einer wichtigen Information hinterlassen, z. B. über eine Verunreinigung, die Verschiebung einer Besprechung.
84	2	ARBEIT 83		2.1.3 MITTEILUNGEN VERSTEHEN UND DARAUF REAGIEREN, MITTEILUNGEN MACHEN	B1	am Gespräch teilnehmen	Kann schriftliche und mündliche Informationen bestätigen lassen, z. B. Termine, Bestellungen, Medikamentenausgabe.
84	2	ARBEIT 83		2.1.3 MITTEILUNGEN VERSTEHEN UND DARAUF REAGIEREN, MITTEILUNGEN MACHEN	A1	sprechen	Kann einfache mündliche Gefahrenwarnungen aussprechen und Kolleginnen/Kollegen zur Vorsicht auffordern.
84	2	ARBEIT 83		2.1.3 MITTEILUNGEN VERSTEHEN UND DARAUF REAGIEREN, MITTEILUNGEN MACHEN	A2	sprechen	Kann bei einem Arbeitsunfall Hilfe anfordern und mit einfachen Worten kurze Angaben machen, z. B. zum Anrufer, zum Unfall- ort, zu den Verletzten.
84	2	ARBEIT 83		2.1.3 MITTEILUNGEN VERSTEHEN UND DARAUF REAGIEREN, MITTEILUNGEN MACHEN	A2	sprechen	Kann einen Unfallhergang beschreiben.
85	2	ARBEIT 85		2.1.4 VORSCHRIFTEN UND ANLEITUNGEN VERSTEHEN UND DARAUF REAGIEREN, ANLEITUNGEN GEBEN	A1	lesen	Kann die wichtigsten Informationen aus den Sicherheitsvor- schriften am Arbeitsplatz verstehen, wenn diese illustriert sind, z. B. auf Schildern, Aufklebern.
85	2	ARBEIT 85		2.1.4 VORSCHRIFTEN UND ANLEITUNGEN VERSTEHEN UND DARAUF REAGIEREN, ANLEITUNGEN GEBEN	A2	hören	Kann einfache mündliche Anleitungen verstehen, z. B. zur Benut- zung eines Gerätes.
85	2	ARBEIT 85		2.1.4 VORSCHRIFTEN UND ANLEITUNGEN VERSTEHEN UND DARAUF REAGIEREN, ANLEITUNGEN GEBEN	A2	sprechen	Kann Arbeitskollegen in einfacher Form vertraute Abläufe erklä- ren, z. B. die Bedienung eines ihm/ihr bekannten Gerätes.
85	2	ARBEIT 85		2.1.4 VORSCHRIFTEN UND ANLEITUNGEN VERSTEHEN UND DARAUF REAGIEREN, ANLEITUNGEN GEBEN	A2	am Gespräch teilnehmen	Kann bei Nichtverstehen von Anweisungen, Schildern usw. Arbeitskolleginnen/-kollegen danach fragen.
85	2	ARBEIT 85		2.1.5 ABSPRACHEN TREFFEN	A1	am Gespräch teilnehmen	Kann mit Vorgesetzten mit einfachen Worten Einzelheiten des Einsatzplans absprechen, z. B. Übernahme einer Schicht, Einsat- zorte.
85	2	ARBEIT 85		2.1.5 ABSPRACHEN TREFFEN	A2	am Gespräch teilnehmen	Kann sich mit Kolleginnen/Kollegen mit einfachen Worten über den Stand der Arbeit austauschen und Absprachen treffen, z. B. über Arbeitsteilung.
85	2	ARBEIT 85		2.1.5 ABSPRACHEN TREFFEN	B1	am Gespräch teilnehmen	Kann mit Kolleginnen/Kollegen Absprachen treffen, z. B. über einzelne Arbeitsschritte, Tausch einer Schicht, Urlaubszeiten.
85	2	ARBEIT 85		2.1.5 ABSPRACHEN TREFFEN	A1	am Gespräch teilnehmen	Kann in einfacher Form einen Terminvorschlag machen und auf einen Terminvorschlag reagieren.
85	2	ARBEIT 85		2.1.5 ABSPRACHEN TREFFEN	B1	schreiben	Kann, auch elektronisch, in Form einer schriftlichen Mitteilung eine Terminänderung weitergeben und den Grund dafür angeben.
86	2	ARBEIT 85		2.1.6 AN BESPRECHUNGEN TEILNEHMEN	A2	am Gespräch teilnehmen	Kann bei einer Besprechung einfache sachliche Informationen verstehen, die seine/ihre Arbeit betreffen, z. B. zur bevorstehen- den Hygieneschulung, und adäquat darauf reagieren.
86	2	ARBEIT 85		2.1.6 AN BESPRECHUNGEN TEILNEHMEN	B1	am Gespräch teilnehmen	Kann bei einer Besprechung angemessen seinen/ihren Stand- punkt einbringen, z. B. zu einem Problem mit einem Lieferanten.
86	2	ARBEIT 85		2.1.6 AN BESPRECHUNGEN TEILNEHMEN	B1	lesen	Kann aus einem Protokoll entnehmen, welche Aufgaben er/sie bis wann zu erledigen hat, z. B. bei Fristen, Abgabeterminen usw.
86	2	ARBEIT 85		2.1.6 AN BESPRECHUNGEN TEILNEHMEN	B1	schreiben	Kann für ihn/sie wichtige Ergebnisse einer Besprechung in Stichworten festhalten.
86	2	ARBEIT 85		2.1.7 ZUFRIEDENHEIT/UNZUFRIEDENHEIT, LOB AUSDRÜCKEN	A2	am Gespräch teilnehmen	Kann Zufriedenheit bzw. Unzufriedenheit mit den Arbeitsergeb- nissen von Kolleginnen/Kollegen oder Mitarbeiterinnen/Mitar- beitern äußern.
86	2	ARBEIT 85		2.1.7 ZUFRIEDENHEIT/UNZUFRIEDENHEIT, LOB AUSDRÜCKEN	B1	am Gespräch teilnehmen	Kann eine Beschwerde vorbringen, z. B. bei Überstunden.
87	2	ARBEIT 87	2.2 KOMMUNIKATION MIT DER PERSONALABTEILUNG BZW. DEM ARBEITGEBER	2.2.1 VERTRÄGE VERSTEHEN UND ABSCHLIESSEN, VERTRÄGE KÜNDIGEN	A2	hören	Kann bei mündlichen Arbeitsverträgen die wesentlichen Informationen verstehen, z. B. zu Arbeitszeiten, Aufgaben und Arbeitsentgelt.
87	2	ARBEIT 87	2.2 KOMMUNIKATION MIT DER PERSONALABTEILUNG BZW. DEM ARBEITGEBER	2.2.1 VERTRÄGE VERSTEHEN UND ABSCHLIESSEN, VERTRÄGE KÜNDIGEN	A2	lesen	Kann einem Arbeitsvertrag relevante Angaben entnehmen, z. B. zu Arbeitszeit und Arbeitsentgelt und ihn abschließen.
87	2	ARBEIT 87	2.2 KOMMUNIKATION MIT DER PERSONALABTEILUNG BZW. DEM ARBEITGEBER	2.2.1 VERTRÄGE VERSTEHEN UND ABSCHLIESSEN, VERTRÄGE KÜNDIGEN	B1	lesen	Kann einem Arbeitsvertrag wesentliche Angaben entnehmen, z. B. zu Arbeitsentgelt, Zahlungsmodalitäten, Kündigungsfrist oder Urlaubsanspruch, Pflicht zur Verschwiegenheit, und ihn abschließen.
87	2	ARBEIT 87	2.2 KOMMUNIKATION MIT DER PERSONALABTEILUNG BZW. DEM ARBEITGEBER	2.2.1 VERTRÄGE VERSTEHEN UND ABSCHLIESSEN, VERTRÄGE KÜNDIGEN	A2	am Gespräch teilnehmen	Kann nachfragen, wenn er/sie Informationen aus dem Arbeits- vertrag nicht versteht.
87	2	ARBEIT 87	2.2 KOMMUNIKATION MIT DER PERSONALABTEILUNG BZW. DEM ARBEITGEBER	2.2.1 VERTRÄGE VERSTEHEN UND ABSCHLIESSEN, VERTRÄGE KÜNDIGEN	A2	lesen	Kann die wichtigsten Informationen in einem Kündigungs- schreiben verstehen, z. B. Kündigungsfrist und -grund.
87	2	ARBEIT 87	2.2 KOMMUNIKATION MIT DER PERSONALABTEILUNG BZW. DEM ARBEITGEBER	2.2.1 VERTRÄGE VERSTEHEN UND ABSCHLIESSEN, VERTRÄGE KÜNDIGEN	A2	sprechen	Kann Arbeitgebern mündlich in einfacher Form kündigen.
87	2	ARBEIT 87	2.2 KOMMUNIKATION MIT DER PERSONALABTEILUNG BZW. DEM ARBEITGEBER	2.2.1 VERTRÄGE VERSTEHEN UND ABSCHLIESSEN, VERTRÄGE KÜNDIGEN	B1	schreiben	Kann Arbeitgebern in einfacher Form schriftlich kündigen.
87	2	ARBEIT 87	2.2 KOMMUNIKATION MIT DER PERSONALABTEILUNG BZW. DEM ARBEITGEBER	2.2.1 VERTRÄGE VERSTEHEN UND ABSCHLIESSEN, VERTRÄGE KÜNDIGEN	A2	am Gespräch teilnehmen	Kann im Fall einer Kündigung ein Beratungsgespräch mit dem Betriebsrat führen.
87	2	ARBEIT 87	2.2 KOMMUNIKATION MIT DER PERSONALABTEILUNG BZW. DEM ARBEITGEBER	2.2.1 VERTRÄGE VERSTEHEN UND ABSCHLIESSEN, VERTRÄGE KÜNDIGEN	B1	am Gespräch teilnehmen	Kann Informationen über Arbeitnehmer- und Arbeitgeberrechte und -pflichten am Arbeitsplatz erfragen.
88	2	ARBEIT 87	2.2 KOMMUNIKATION MIT DER PERSONALABTEILUNG BZW. DEM ARBEITGEBER	2.2.2 DOKUMENTE VERSTEHEN, FORMULARE AUSFÜLLEN	A2	lesen	Kann in Arbeitsdokumenten die wesentlichen Informationen ver- stehen, z. B. in Arbeitszeitkonten die Anzahl der Überstunden, in Gehaltsabrechnungen das Nettoeinkommen.
88	2	ARBEIT 87	2.2 KOMMUNIKATION MIT DER PERSONALABTEILUNG BZW. DEM ARBEITGEBER	2.2.2 DOKUMENTE VERSTEHEN, FORMULARE AUSFÜLLEN	A2	schreiben	Kann einfache Angaben zur Person, Ausbildung und beruflichen Tätigkeit machen, z. B. in einem Personalbogen, Urlaubsantrag.
88	2	ARBEIT 87	2.2 KOMMUNIKATION MIT DER PERSONALABTEILUNG BZW. DEM ARBEITGEBER	2.2.2 DOKUMENTE VERSTEHEN, FORMULARE AUSFÜLLEN	A1	schreiben	Kann einfache und sehr gebräuchliche Checklisten und Kontroll- formulare ausfüllen, z. B. Stundenzettel.
88	2	ARBEIT 87	2.2 KOMMUNIKATION MIT DER PERSONALABTEILUNG BZW. DEM ARBEITGEBER	2.2.2 DOKUMENTE VERSTEHEN, FORMULARE AUSFÜLLEN	A1	lesen	Kann Dienstpläne, z. B. Wochenpläne, Aktivitätenpläne, Pflege- pläne verstehen.
88	2	ARBEIT 87	2.2 KOMMUNIKATION MIT DER PERSONALABTEILUNG BZW. DEM ARBEITGEBER	2.2.2 DOKUMENTE VERSTEHEN, FORMULARE AUSFÜLLEN	A2	lesen	Kann einfache Maß- und Mengenverhältnisse in schriftlichen Texten verstehen, z. B. größer, kleiner, ist mehr als.
88	2	ARBEIT 87	2.2 KOMMUNIKATION MIT DER PERSONALABTEILUNG BZW. DEM ARBEITGEBER	2.2.2 DOKUMENTE VERSTEHEN, FORMULARE AUSFÜLLEN	A2	lesen	Kann grundlegende Informationen aus zentralen Textsorten am Arbeitsplatz entnehmen, z. B. Definitionen, Termine, Zuständig- keiten aus Protokollen.
88	2	ARBEIT 87	2.2 KOMMUNIKATION MIT DER PERSONALABTEILUNG BZW. DEM ARBEITGEBER	2.2.2 DOKUMENTE VERSTEHEN, FORMULARE AUSFÜLLEN	B1	lesen	Kann auf Basis von Schlüsselbegriffen durch ein betriebliches Informationssystem navigieren, es zur Bearbeitung von Aufträ- gen anwenden und zur Beschaffung von technischen Unterlagen und Informationen nutzen.
88	2	ARBEIT 87	2.2 KOMMUNIKATION MIT DER PERSONALABTEILUNG BZW. DEM ARBEITGEBER	2.2.2 DOKUMENTE VERSTEHEN, FORMULARE AUSFÜLLEN	B1	lesen	Kann Instandsetzungs-, Montage-, Inbetriebnahme- oder Betriebsanleitungen verstehen, wenn sie durch Bildmaterial ergänzt werden.
88	2	ARBEIT 87	2.2 KOMMUNIKATION MIT DER PERSONALABTEILUNG BZW. DEM ARBEITGEBER	2.2.2 DOKUMENTE VERSTEHEN, FORMULARE AUSFÜLLEN	A2	lesen	Kann in kurzen informierenden Texten vorhandene Abbildungen, Fotos, Grafiken oder Tabellen auf Aussagen/Informationen im Text beziehen.
88	2	ARBEIT 87	2.2 KOMMUNIKATION MIT DER PERSONALABTEILUNG BZW. DEM ARBEITGEBER	2.2.2 DOKUMENTE VERSTEHEN, FORMULARE AUSFÜLLEN	B1	sprechen	Kann einfache grafische Darstellungen auswerten und die Infor- mationen mündlich zusammenfassen.
88	2	ARBEIT 87	2.2 KOMMUNIKATION MIT DER PERSONALABTEILUNG BZW. DEM ARBEITGEBER	2.2.3 ANTRÄGE STELLEN	A2	schreiben	Kann geläufige Anträge ausfüllen, z. B. einen Urlaubsantrag, einen Antrag auf Freizeitausgleich.
89	2	ARBEIT 89	2.3 KOMMUNIKATION MIT KUNDEN, LIEFERANTEN, GÄSTEN, PATIENTEN ETC.	2.3.1 SICH INFORMIEREN UND AUSKÜNFTE GEBEN	A2	schreiben	Kann eine kurze schriftliche Wegbeschreibung zu einem Treff- punkt oder zum Arbeitsplatz geben.
89	2	ARBEIT 89	2.3 KOMMUNIKATION MIT KUNDEN, LIEFERANTEN, GÄSTEN, PATIENTEN ETC.	2.3.1 SICH INFORMIEREN UND AUSKÜNFTE GEBEN	A2	am Gespräch teilnehmen	Kann, auch telefonisch, bei Kunden, Lieferanten, Gästen oder Patienten Mengen-, Preis- und Terminangaben erfragen.
89	2	ARBEIT 89	2.3 KOMMUNIKATION MIT KUNDEN, LIEFERANTEN, GÄSTEN, PATIENTEN ETC.	2.3.1 SICH INFORMIEREN UND AUSKÜNFTE GEBEN	B1	am Gespräch teilnehmen	Kann bei Kunden, Lieferanten, Gästen oder Patienten nach- fragen, ob bestimmte Arbeiten bereits von Kollegen erledigt wurden.
89	2	ARBEIT 89	2.3 KOMMUNIKATION MIT KUNDEN, LIEFERANTEN, GÄSTEN, PATIENTEN ETC.	2.3.1 SICH INFORMIEREN UND AUSKÜNFTE GEBEN	A1	am Gespräch teilnehmen	Kann, auch telefonisch, auf einfache Fragen zu Ort, Zeit oder Ansprechpartnern Auskunft geben.
89	2	ARBEIT 89	2.3 KOMMUNIKATION MIT KUNDEN, LIEFERANTEN, GÄSTEN, PATIENTEN ETC.	2.3.1 SICH INFORMIEREN UND AUSKÜNFTE GEBEN	A2	schreiben	Kann per Mail oder Kurzmitteilung auf einfache Fragen zu Ort, Zeit oder Ansprechpartnern Auskunft geben.
89	2	ARBEIT 89	2.3 KOMMUNIKATION MIT KUNDEN, LIEFERANTEN, GÄSTEN, PATIENTEN ETC.	2.3.1 SICH INFORMIEREN UND AUSKÜNFTE GEBEN	B1	am Gespräch teilnehmen	Kann Kunden bzw. Gästen Auskunft darüber geben, ob z. B. eine gewünschte Ware vorrätig ist, und ggf. Alternativen vorschlagen.
89	2	ARBEIT 89	2.3 KOMMUNIKATION MIT KUNDEN, LIEFERANTEN, GÄSTEN, PATIENTEN ETC.	2.3.1 SICH INFORMIEREN UND AUSKÜNFTE GEBEN	A2	am Gespräch teilnehmen	Kann Kundinnen/Kunden bzw. Gäste an andere zuständige Personen oder Stellen verweisen.
89	2	ARBEIT 89	2.3 KOMMUNIKATION MIT KUNDEN, LIEFERANTEN, GÄSTEN, PATIENTEN ETC.	2.3.1 SICH INFORMIEREN UND AUSKÜNFTE GEBEN	B1	am Gespräch teilnehmen	Kann, auch telefonisch, relativ flüssig von Kunden, Lieferanten, Gästen oder Patienten Termine, Preise, Mengen etc. erfragen und über Preise oder Angebote Auskunft geben.
89	2	ARBEIT 89	2.3 KOMMUNIKATION MIT KUNDEN, LIEFERANTEN, GÄSTEN, PATIENTEN ETC.	2.3.1 SICH INFORMIEREN UND AUSKÜNFTE GEBEN	B1	schreiben	Kann von Kunden, Lieferanten oder Gästen schriftlich Termine, Preise, Mengen etc. erfragen und über Preise und Angebote Auskunft geben.
89	2	ARBEIT 89	2.3 KOMMUNIKATION MIT KUNDEN, LIEFERANTEN, GÄSTEN, PATIENTEN ETC.	2.3.1 SICH INFORMIEREN UND AUSKÜNFTE GEBEN	B1	schreiben	Kann Kunden in Form von Auftragsbestätigungen, Lieferschei- nen, Quittungen, Rechnungen oder einfachen Angeboten schrift- lich Auskunft geben.
89	2	ARBEIT 89	2.3 KOMMUNIKATION MIT KUNDEN, LIEFERANTEN, GÄSTEN, PATIENTEN ETC.	2.3.1 SICH INFORMIEREN UND AUSKÜNFTE GEBEN	B1	am Gespräch teilnehmen	Kann, auch telefonisch, Kunden oder Gäste einfach und ange- messen beraten.
89	2	ARBEIT 89	2.3 KOMMUNIKATION MIT KUNDEN, LIEFERANTEN, GÄSTEN, PATIENTEN ETC.	2.3.1 SICH INFORMIEREN UND AUSKÜNFTE GEBEN	B1	am Gespräch teilnehmen	Kann Arbeitshandlungen begleitend erläutern, z. B. beim Waschen der Patientin sagen, welcher Körperteil als nächstes gewaschen wird, sowie Kundinnen/Kunden, Patientinnen/Patien- ten usw. über Vorhaben und Pläne informieren.
89	2	ARBEIT 89	2.3 KOMMUNIKATION MIT KUNDEN, LIEFERANTEN, GÄSTEN, PATIENTEN ETC.	2.3.2 NACH WÜNSCHEN FRAGEN UND WÜNSCHE ÄUSSERN	A2	am Gespräch teilnehmen	Kann im Kontakt mit Kunden oder Gästen nach Wünschen fragen und als Kunde oder Gast Wünsche äußern.
90	2	ARBEIT 89	2.3 KOMMUNIKATION MIT KUNDEN, LIEFERANTEN, GÄSTEN, PATIENTEN ETC.	2.3.3 BESTELLUNGEN AUFGEBEN UND LIEFERUNGEN ENTGEGENNEHMEN	A2	am Gespräch teilnehmen	Kann, auch telefonisch, einfache Bestellungen aufgeben und aufnehmen.
90	2	ARBEIT 89	2.3 KOMMUNIKATION MIT KUNDEN, LIEFERANTEN, GÄSTEN, PATIENTEN ETC.	2.3.3 BESTELLUNGEN AUFGEBEN UND LIEFERUNGEN ENTGEGENNEHMEN	A2	schreiben	Kann Bestellungen aufnehmen, z. B. mithilfe eines elektroni- schen Bestellsystems.
90	2	ARBEIT 89	2.3 KOMMUNIKATION MIT KUNDEN, LIEFERANTEN, GÄSTEN, PATIENTEN ETC.	2.3.3 BESTELLUNGEN AUFGEBEN UND LIEFERUNGEN ENTGEGENNEHMEN	A2	schreiben	Kann schriftlich Bestellungen aufgeben, z. B. mithilfe von Be- stellformularen.
90	2	ARBEIT 89	2.3 KOMMUNIKATION MIT KUNDEN, LIEFERANTEN, GÄSTEN, PATIENTEN ETC.	2.3.3 BESTELLUNGEN AUFGEBEN UND LIEFERUNGEN ENTGEGENNEHMEN	A2	lesen	Kann eine Lieferung mit dem Lieferschein abgleichen, Lieferan- schrift und Inhalt der Lieferung auf Korrektheit und Vollständig- keit prüfen.
90	2	ARBEIT 89	2.3 KOMMUNIKATION MIT KUNDEN, LIEFERANTEN, GÄSTEN, PATIENTEN ETC.	2.3.4 ABSPRACHEN TREFFEN	B1	am Gespräch teilnehmen	Kann sich telefonisch Termine, Preise oder Mengen bestätigen lassen und ggf. Änderungen festhalten und weitergeben.
90	2	ARBEIT 89	2.3 KOMMUNIKATION MIT KUNDEN, LIEFERANTEN, GÄSTEN, PATIENTEN ETC.	2.3.5 BESCHWERDEN VERSTEHEN UND DARAUF REAGIEREN, MIT PROBLEMEN UMGEHEN	B1	am Gespräch teilnehmen	Kann eine Beschwerde von Gästen, Kunden oder Patienten verstehen und angemessen darauf reagieren.
90	2	ARBEIT 89	2.3 KOMMUNIKATION MIT KUNDEN, LIEFERANTEN, GÄSTEN, PATIENTEN ETC.	2.3.5 BESCHWERDEN VERSTEHEN UND DARAUF REAGIEREN, MIT PROBLEMEN UMGEHEN	B1	am Gespräch teilnehmen	Kann z. B. Kundinnen/Kunden, Patientinnen/Patienten, Gäste beruhigen, trösten, ermutigen.
94	3	ARBEITSSUCHE	3.1 DIE EIGENEN QUALIFIKATIONEN UND KOMPETENZEN DARSTELLEN	3.1.1 DIE EIGENE BILDUNGSBIOGRAFIE DARSTELLEN	A2	am Gespräch teilnehmen	Kann in einfachen Worten mitteilen, welche Schulen er/sie wo und wie lange besucht hat und welche Abschlüsse er/sie erwor- ben hat.
94	3	ARBEITSSUCHE	3.1 DIE EIGENEN QUALIFIKATIONEN UND KOMPETENZEN DARSTELLEN	3.1.1 DIE EIGENE BILDUNGSBIOGRAFIE DARSTELLEN	A2	am Gespräch teilnehmen	Kann in einfachen Worten mitteilen, welche beruflichen oder anderen Ausbildungen er/sie gemacht hat und welche Abschlüs- se er/sie erworben hat.
94	3	ARBEITSSUCHE	3.1 DIE EIGENEN QUALIFIKATIONEN UND KOMPETENZEN DARSTELLEN	3.1.1 DIE EIGENE BILDUNGSBIOGRAFIE DARSTELLEN	B1	am Gespräch teilnehmen	Kann mitteilen, welche seiner/ihrer Abschlüsse in Deutschland anerkannt bzw. noch nicht anerkannt sind.
94	3	ARBEITSSUCHE	3.1 DIE EIGENEN QUALIFIKATIONEN UND KOMPETENZEN DARSTELLEN	3.1.1 DIE EIGENE BILDUNGSBIOGRAFIE DARSTELLEN	A2	am Gespräch teilnehmen	Kann in einfachen Worten darstellen, welche beruflichen Erfah- rungen er/sie gesammelt hat, z. B. Berufstätigkeit, Nebenjobs, Aushilfe im Familienbetrieb, Praktika.
94	3	ARBEITSSUCHE	3.1 DIE EIGENEN QUALIFIKATIONEN UND KOMPETENZEN DARSTELLEN	3.1.1 DIE EIGENE BILDUNGSBIOGRAFIE DARSTELLEN	A2	am Gespräch teilnehmen	Kann mit einfachen Worten darstellen, welche weiteren Qualifi- kationen er/sie erworben hat, z. B. PC-Schulungen, Führerschein, technische Qualifikation beim Militär.
94	3	ARBEITSSUCHE	3.1 DIE EIGENEN QUALIFIKATIONEN UND KOMPETENZEN DARSTELLEN	3.1.1 DIE EIGENE BILDUNGSBIOGRAFIE DARSTELLEN	A2	am Gespräch teilnehmen	Kann in einfachen Worten mitteilen, welche besonderen Auf- gaben er/sie in der Familie, der Nachbarschaft, der Gemeinde, in Vereinen hat/hatte, z. B. die Pflege alter Menschen, hand- werkliche Arbeiten.
94	3	ARBEITSSUCHE	3.1 DIE EIGENEN QUALIFIKATIONEN UND KOMPETENZEN DARSTELLEN	3.1.1 DIE EIGENE BILDUNGSBIOGRAFIE DARSTELLEN	A2	am Gespräch teilnehmen	Kann darstellen, welche Kompetenzen er/sie informell erworben hat, z. B. Kenntnisse in Medizin, kreative Fertigkeiten.
94	3	ARBEITSSUCHE	3.1 DIE EIGENEN QUALIFIKATIONEN UND KOMPETENZEN DARSTELLEN	3.1.1 DIE EIGENE BILDUNGSBIOGRAFIE DARSTELLEN	B1	am Gespräch teilnehmen	Kann mitteilen, welche schwierigen Situationen er/sie schon gemeistert hat und was er/sie dabei gelernt hat, z. B. Flucht und Einleben in eine neue Gesellschaft, mit Arbeitslosigkeit umge- hen, mit wenig Geld auskommen.
94	3	ARBEITSSUCHE	3.1 DIE EIGENEN QUALIFIKATIONEN UND KOMPETENZEN DARSTELLEN	3.1.2 SPRACHKOMPETENZEN DARSTELLEN	A2	am Gespräch teilnehmen	Kann mitteilen, welche Sprachen er/sie als Kind oder später gelernt hat.
94	3	ARBEITSSUCHE	3.1 DIE EIGENEN QUALIFIKATIONEN UND KOMPETENZEN DARSTELLEN	3.1.2 SPRACHKOMPETENZEN DARSTELLEN	B1	lesen	Kann das Raster zur Selbsteinschätzung des Gemeinsamen Europäischen Referenzrahmens für Sprachen für sich ausfüllen
95	3	ARBEITSSUCHE 95		3.1.3 STÄRKEN UND FÄHIGKEITEN BENENNEN	A2	am Gespräch teilnehmen	Kann mitteilen, was ihn/sie in der Ausbildung/bei der Arbeit besonders angesprochen, interessiert, begeistert hat.
95	3	ARBEITSSUCHE 95		3.1.3 STÄRKEN UND FÄHIGKEITEN BENENNEN	A1	am Gespräch teilnehmen	Kann mitteilen, was er/sie besonders gut/gerne tut, z. B. auf Kinder aufpassen, Elektrogeräte reparieren.
95	3	ARBEITSSUCHE 95		3.1.3 STÄRKEN UND FÄHIGKEITEN BENENNEN	B1	schreiben	Kann in Formularen Angaben über Stärken/Kompetenzen machen.
95	3	ARBEITSSUCHE 95		3.1.4 ZIELE UND BERUFSWÜNSCHE FORMULIEREN	A2	am Gespräch teilnehmen	Kann persönliche Zielvorstellungen benennen, z. B. in Deutsch- land bleiben, eine Ausbildung machen.
95	3	ARBEITSSUCHE 95		3.1.4 ZIELE UND BERUFSWÜNSCHE FORMULIEREN	B1	am Gespräch teilnehmen	Kann Ziele, Hoffnungen, Wünsche konkretisieren und mögliche Wege zur Zielerreichung benennen, z. B. berufliche Anerken- nung.
96	3	ARBEITSSUCHE 95	3.2 SICH EINEN ÜBERBLICK ÜBER DEN STELLENMARKT UND	3.2.1 SICH INFORMIEREN	A2	am Gespräch teilnehmen	Kann Freundinnen/Freunde, Nachbarinnen/Nachbarn, Bekannte darüber informieren, was er/sie beruflich machen möchte und dass er/sie gerade eine Stelle sucht.
96	3	ARBEITSSUCHE 95	3.2 SICH EINEN ÜBERBLICK ÜBER DEN STELLENMARKT UND	3.2.1 SICH INFORMIEREN	A2	lesen	Kann, auch im Internet, die Hauptinformationen über einen ihn/ sie interessierenden Beruf oder eine Arbeitsstelle sammeln, z. B. auf den Seiten der Agentur für Arbeit.
96	3	ARBEITSSUCHE 95	3.2 SICH EINEN ÜBERBLICK ÜBER DEN STELLENMARKT UND	3.2.1 SICH INFORMIEREN	A2	am Gespräch teilnehmen	Kann bei Bekannten oder Beratungsstellen mit einfachen Worten für ihn/sie wichtige Informationen bzgl. Arbeitssuche erfragen, z. B. konkrete Beschäftigungsmöglichkeiten, Beratungsstellen, Informationsquellen, Möglichkeiten der ehrenamtlichen Tätig- keit.
96	3	ARBEITSSUCHE 95	3.2 SICH EINEN ÜBERBLICK ÜBER DEN STELLENMARKT UND	3.2.1 SICH INFORMIEREN	B1	am Gespräch teilnehmen	Kann bei Bekannten oder Beratungsstellen Informationen über bestimmte Berufe erfragen, z. B. zu Aufgaben, nötigen Qualifika- tionen, Arbeitsbedingungen, Voraussetzungen für die Stelle.
96	3	ARBEITSSUCHE 95	3.2 SICH EINEN ÜBERBLICK ÜBER DEN STELLENMARKT UND	3.2.1 SICH INFORMIEREN	A1	lesen	Kann sich, auch im Internet, über Beratungseinrichtungen infor- mieren, z. B. über die Bezeichnung einer Einrichtung, Öffnungs- zeiten, Adresse.
96	3	ARBEITSSUCHE 95	3.2 SICH EINEN ÜBERBLICK ÜBER DEN STELLENMARKT UND	3.2.1 SICH INFORMIEREN	B1	lesen	Kann, auch im Internet, wichtige Informationen und Tipps zum Thema Arbeitssuche verstehen, z. B. zur Möglichkeit des Quereinstiegs, zur Form der Bewerbung.
96	3	ARBEITSSUCHE 95	3.2 SICH EINEN ÜBERBLICK ÜBER DEN STELLENMARKT UND	3.2.1 SICH INFORMIEREN	A2	lesen	Kann Ankündigungen zu Informationsveranstaltungen, z. B. in Broschüren, im Internet oder auf Aushängen, wichtige Infor- mationen entnehmen, z. B. Thema der Veranstaltung, Ort, Datum und Zeit.
96	3	ARBEITSSUCHE 95	3.2 SICH EINEN ÜBERBLICK ÜBER DEN STELLENMARKT UND	3.2.1 SICH INFORMIEREN	B1	lesen	Kann unterschiedlichen Quellen, z. B. dem Internet und Broschüren, Informationen über einen ihn/sie interessierenden Beruf oder eine Arbeitsstelle entnehmen, z. B. Voraussetzungen, Qualifikationen, mögliche Arbeitgeber, mögliche Gehälter.
96	3	ARBEITSSUCHE 95	3.2 SICH EINEN ÜBERBLICK ÜBER DEN STELLENMARKT UND	3.2.1 SICH INFORMIEREN	B1	hören	Kann auf Informationsveranstaltungen die wichtigsten Infor- mationen zu einer ihn/sie interessierenden Tätigkeit verstehen, z. B. Voraussetzungen, erforderliche Abschlüsse, mögliche Arbeitgeber.
96	3	ARBEITSSUCHE 95	3.2 SICH EINEN ÜBERBLICK ÜBER DEN STELLENMARKT UND	3.2.1 SICH INFORMIEREN	B1	lesen	Kann dem Internet oder Broschüren Informationen über die berufliche Selbstständigkeit entnehmen, z. B. zu Schritten und Formalia für den Weg in die berufliche Selbstständigkeit.
97	3	ARBEITSSUCHE 97	3.3 KOMMUNIKATION MIT ÖFFENTLICHEN STELLEN UND BEHÖRDEN	3.3.1 AN BERATUNGSGESPRÄCHEN TEILNEHMEN	A2	am Gespräch teilnehmen	Kann in Beratungsgesprächen auf einfache Fragen Auskunft geben, z. B. über den gesuchten Beruf, die gesuchte Stelle, seine/ihre Kompetenzen und beruflichen Erfahrungen.
97	3	ARBEITSSUCHE 97	3.3 KOMMUNIKATION MIT ÖFFENTLICHEN STELLEN UND BEHÖRDEN	3.3.1 AN BERATUNGSGESPRÄCHEN TEILNEHMEN	A2	am Gespräch teilnehmen	Kann in einem Beratungsgespräch mit einfachen Worten indivi- duelle berufliche Vorstellungen, Wünsche und Ziele äußern, z. B. zu Tätigkeitsfeldern, Weiterbildung.
97	3	ARBEITSSUCHE 97	3.3 KOMMUNIKATION MIT ÖFFENTLICHEN STELLEN UND BEHÖRDEN	3.3.1 AN BERATUNGSGESPRÄCHEN TEILNEHMEN	B1	am Gespräch teilnehmen	Kann in einem Beratungsgespräch mit einfachen Worten nach dem Stellenwert von Verhaltensweisen fragen, z. B. nach Eigen- initiative bei Bewerbungen.
97	3	ARBEITSSUCHE 97	3.3 KOMMUNIKATION MIT ÖFFENTLICHEN STELLEN UND BEHÖRDEN	3.3.1 AN BERATUNGSGESPRÄCHEN TEILNEHMEN	B1	am Gespräch teilnehmen	Kann die Vorschläge der Beratenden zu seiner/ihrer beruflichen Zukunft verstehen und darauf reagieren, z. B. zu Nachqualifi- zierungsmaßnahmen im Zusammenhang mit der beruflichen Anerkennung oder Bewerbungen in anderen Bereichen.
97	3	ARBEITSSUCHE 97	3.3 KOMMUNIKATION MIT ÖFFENTLICHEN STELLEN UND BEHÖRDEN	3.3.1 AN BERATUNGSGESPRÄCHEN TEILNEHMEN	B1	am Gespräch teilnehmen	Kann in einem Beratungsgespräch seine/ihre Fragen zur Berufs- wahl stellen.
97	3	ARBEITSSUCHE 97	3.3 KOMMUNIKATION MIT ÖFFENTLICHEN STELLEN UND BEHÖRDEN	3.3.1 AN BERATUNGSGESPRÄCHEN TEILNEHMEN	A2	sprechen	Kann einen vereinbarten Termin zur Beratung telefonisch verschieben bzw. absagen
97	3	ARBEITSSUCHE 97	3.3 KOMMUNIKATION MIT ÖFFENTLICHEN STELLEN UND BEHÖRDEN	3.3.2 FORMULARE AUSFÜLLEN	A2	schreiben	Kann, auch im Internet, die wesentlichen Felder in Formularen zur Arbeits- oder Jobsuche mit persönlichen Daten ausfüllen, z. B. Beruf, möglicher Einsatzort, möglicher Arbeitsbeginn.
97	3	ARBEITSSUCHE 97	3.3 KOMMUNIKATION MIT ÖFFENTLICHEN STELLEN UND BEHÖRDEN	3.3.2 FORMULARE AUSFÜLLEN	B1	schreiben	Kann, auch im Internet, in Formularen von Arbeitsvermittlungs- stellen frei zu formulierende Textfelder ausfüllen, z. B. das Textfeld Bewerbungsprofil.
98	3	ARBEITSSUCHE 97	3.4 KOMMUNIKATION MIT POTENZIELLEN ARBEITGEBERN	3.4.1 STELLENANGEBOTE VERSTEHEN UND DARAUF REAGIEREN, STELLENGESUCHE AUFGEBEN	A1	lesen	Kann die wichtigsten Informationen von Stellenanzeigen in Zeitungen, im Internet oder am Schwarzen Brett eines Super- markts verstehen, z. B. gesuchten Beruf, Datum des Stellen- antritts.
98	3	ARBEITSSUCHE 97	3.4 KOMMUNIKATION MIT POTENZIELLEN ARBEITGEBERN	3.4.1 STELLENANGEBOTE VERSTEHEN UND DARAUF REAGIEREN, STELLENGESUCHE AUFGEBEN	A2	schreiben	Kann einen einfachen, klaren Aushang für ein Schwarzes Brett, z. B. im Supermarkt oder an der Universität, schreiben und darin eine Dienstleistung anbieten.
98	3	ARBEITSSUCHE 97	3.4 KOMMUNIKATION MIT POTENZIELLEN ARBEITGEBERN	3.4.1 STELLENANGEBOTE VERSTEHEN UND DARAUF REAGIEREN, STELLENGESUCHE AUFGEBEN	B1	schreiben	Kann ein Stellengesuch aufgeben, z. B. in der Zeitung, in einer Job-Suchmaschine oder -Datenbank im Internet und darin wich- tige Auskünfte geben, z. B. Berufsprofil, gesuchte Arbeitsstelle.
98	3	ARBEITSSUCHE 97	3.4 KOMMUNIKATION MIT POTENZIELLEN ARBEITGEBERN	3.4.2 SICH BEWERBEN	A2	am Gespräch teilnehmen	Kann sehr einfach und klar, auch telefonisch, mitteilen, dass er/ sie einen bestimmten Beruf oder Job ausüben kann und möchte.
98	3	ARBEITSSUCHE 97	3.4 KOMMUNIKATION MIT POTENZIELLEN ARBEITGEBERN	3.4.2 SICH BEWERBEN	B1	am Gespräch teilnehmen	Kann telefonisch wichtige Informationen zur ausgeschriebenen Stelle erfragen, z. B. Arbeitszeiten, Antrittstermin, Qualifikation, Befristung/Entfristung, Praktikum.
98	3	ARBEITSSUCHE 97	3.4 KOMMUNIKATION MIT POTENZIELLEN ARBEITGEBERN	3.4.2 SICH BEWERBEN	A1	schreiben	Kann eine ganz einfache Mitteilung schreiben und darin wichtige Auskünfte geben, z. B. Name, Erreichbarkeit per Telefon bzw. E-Mail.
99	3	ARBEITSSUCHE 99		3.4.3 EINE BEWERBUNGSMAPPE ZUSAMMENSTELLEN	A2	schreiben	Kann mithilfe einer Vorlage am PC einen tabellarischen Lebens- lauf schreiben.
99	3	ARBEITSSUCHE 99		3.4.3 EINE BEWERBUNGSMAPPE ZUSAMMENSTELLEN	B1	schreiben	Kann mithilfe einer Vorlage ein einfaches Bewerbungsschreiben verfassen und darin wichtige Auskünfte über sich geben, z. B. Gründe für die Bewerbung, Eignung für die Stelle, Fähigkeiten, Erfahrung usw.
99	3	ARBEITSSUCHE 99		3.4.3 EINE BEWERBUNGSMAPPE ZUSAMMENSTELLEN	B1	schreiben	Kann sich online bewerben, ein Bewerbungsformular online ausfüllen und die erforderlichen Dateien anhängen.
99	3	ARBEITSSUCHE 99		3.4.3 EINE BEWERBUNGSMAPPE ZUSAMMENSTELLEN	A2	lesen	Kann sich auch im Internet über Möglichkeiten informieren, Arbeitszeugnisse übersetzen und beglaubigen zu lassen.
100	3	ARBEITSSUCHE 99		3.4.4 AN EINEM VORSTELLUNGSGESPRÄCH TEILNEHMEN	A2	lesen	Kann ein einfaches Antwortschreiben auf eine Bewerbung verstehen, z. B. Einladung zum Vorstellungsgespräch, Absage- schreiben.
100	3	ARBEITSSUCHE 99		3.4.4 AN EINEM VORSTELLUNGSGESPRÄCH TEILNEHMEN	A2	am Gespräch teilnehmen	Kann den Arbeitgeber im Vorstellungsgespräch angemessen begrüßen und auf allgemeine Fragen antworten, z. B. zum Befin- den, zur Anfahrt.
100	3	ARBEITSSUCHE 99		3.4.4 AN EINEM VORSTELLUNGSGESPRÄCH TEILNEHMEN	A2	am Gespräch teilnehmen	Kann passende Antworten auf übliche Fragen in Vorstellungs- gesprächen geben, z. B. Warum haben Sie sich in unserer Firma beworben?
100	3	ARBEITSSUCHE 99		3.4.4 AN EINEM VORSTELLUNGSGESPRÄCH TEILNEHMEN	A2	am Gespräch teilnehmen	Kann in einem Vorstellungsgespräch einfach und klar wichtige Auskünfte geben, z. B. dass und warum er/sie einen bestimmten Job ausüben kann und möchte, Stundenlohn, wann er/sie die Stelle antreten kann.
100	3	ARBEITSSUCHE 99		3.4.4 AN EINEM VORSTELLUNGSGESPRÄCH TEILNEHMEN	A2	am Gespräch teilnehmen	Kann im Vorstellungsgespräch einfache Informationen verste- hen, z. B. zu Arbeitszeiten, Bezahlung und Arbeitsort, und darauf reagieren.
100	3	ARBEITSSUCHE 99		3.4.4 AN EINEM VORSTELLUNGSGESPRÄCH TEILNEHMEN	A2	am Gespräch teilnehmen	Kann im Vorstellungsgespräch mit einfachen Worten sein/ihr Einverständnis mit bestimmten Arbeitsbedingungen oder eigene Vorstellungen äußern und Rückfragen stellen.
100	3	ARBEITSSUCHE 99		3.4.4 AN EINEM VORSTELLUNGSGESPRÄCH TEILNEHMEN	A2	am Gespräch teilnehmen	Kann im Vorstellungsgespräch Informationen erfragen, z. B. über die Firma, die Tätigkeit, Arbeitsregelungen oder den Arbeits- platz.
100	3	ARBEITSSUCHE 99		3.4.4 AN EINEM VORSTELLUNGSGESPRÄCH TEILNEHMEN	B1	am Gespräch teilnehmen	Kann im Vorstellungsgespräch auf die Fragen der Gesprächspart- ner eingehen, z. B. zu seiner/ihrer Ausbildung und seinen/ihren bisherigen beruflichen Erfahrungen.
100	3	ARBEITSSUCHE 99		3.4.4 AN EINEM VORSTELLUNGSGESPRÄCH TEILNEHMEN	B1	sprechen	Kann im Vorstellungsgespräch über grundlegende berufliche Erfahrungen und Qualifikationen berichten und dabei auch auf Rollen und Funktionen eingehen.
100	3	ARBEITSSUCHE 99		3.4.4 AN EINEM VORSTELLUNGSGESPRÄCH TEILNEHMEN	B1	am Gespräch teilnehmen	Kann im Vorstellungsgespräch seine/ihre Vorstellungen zur Bezahlung äußern, begründen und ggf. einen Kompromiss formulieren.
100	3	ARBEITSSUCHE 99		3.4.4 AN EINEM VORSTELLUNGSGESPRÄCH TEILNEHMEN	A2	am Gespräch teilnehmen	Kann nach einem Vorstellungsgespräch telefonisch den Stand der Dinge erfragen.
104	4	AUS- UND WEITERBILDUNG	4.1 SICH EINEN ÜBERBLICK ÜBER AUS- UND	4.1.1 SICH INFORMIEREN UND AUSKÜNFTE GEBEN	A2	am Gespräch teilnehmen	Kann mit einfachen Worten das Wesentliche von Ausbildungs- struktur und Ausbildungsmöglichkeiten erfragen, z. B. zur Gleich- behandlung von Frauen und Männern.
104	4	AUS- UND WEITERBILDUNG	4.1 SICH EINEN ÜBERBLICK ÜBER AUS- UND	4.1.1 SICH INFORMIEREN UND AUSKÜNFTE GEBEN	A2	am Gespräch teilnehmen	Kann bei Bekannten und in Beratungsstellen einfache Informa- tionen über eine bestimmte Ausbildung erfragen, z. B. Ausbil- dungsdauer, Anlaufstellen, Anbieter.
104	4	AUS- UND WEITERBILDUNG	4.1 SICH EINEN ÜBERBLICK ÜBER AUS- UND	4.1.1 SICH INFORMIEREN UND AUSKÜNFTE GEBEN	A2	lesen	Kann, z. B. in Broschüren, Stellenangeboten, Berufsbeschreibun- gen, die wichtigsten Informationen über Aus- oder Weiterbil- dungsinhalte verstehen.
104	4	AUS- UND WEITERBILDUNG	4.1 SICH EINEN ÜBERBLICK ÜBER AUS- UND	4.1.1 SICH INFORMIEREN UND AUSKÜNFTE GEBEN	A2	lesen	Kann, auch im Internet, Informationen von Beratungsstellen zu Aus- und Weiterbildung entnehmen, z. B. Angebotspalette, Vermittlungsverfahren.
104	4	AUS- UND WEITERBILDUNG	4.1 SICH EINEN ÜBERBLICK ÜBER AUS- UND	4.1.1 SICH INFORMIEREN UND AUSKÜNFTE GEBEN	B1	lesen	Kann die wichtigsten Informationen in Ausbildungsplatz- oder Berufsbeschreibungen für seinen/ihren (Wunsch-) Beruf verste- hen, z. B. typische Tätigkeiten, wichtige Anforderungen.
104	4	AUS- UND WEITERBILDUNG	4.1 SICH EINEN ÜBERBLICK ÜBER AUS- UND	4.1.1 SICH INFORMIEREN UND AUSKÜNFTE GEBEN	A2	lesen	Kann einfachen Anzeigen zu Aus- und Weiterbildungsangeboten wichtige Informationen entnehmen, z. B. Anforderungen, Dauer, Ausbildungsziele.
105	4	AUS- UND WEITERBILDUNG 105	4.2 KOMMUNIKATION MIT BEHÖRDEN, ÖFFENTLICHEN STELLEN UND	4.2.1 SICH INFORMIEREN, AN BERATUNGSGESPRÄCHEN TEILNEHMEN	A2	am Gespräch teilnehmen	Kann einen Berufswunsch äußern und einfache Informatio- nen über eine bestimmte Ausbildung erfragen, z. B. Dauer der Ausbildung.
105	4	AUS- UND WEITERBILDUNG 105	4.2 KOMMUNIKATION MIT BEHÖRDEN, ÖFFENTLICHEN STELLEN UND	4.2.1 SICH INFORMIEREN, AN BERATUNGSGESPRÄCHEN TEILNEHMEN	A2	am Gespräch teilnehmen	Kann sich zu einer Fortbildungsmaßnahme anmelden, z. B. bei einem Weiterbildungsträger zu einem Computerkurs.
105	4	AUS- UND WEITERBILDUNG 105	4.2 KOMMUNIKATION MIT BEHÖRDEN, ÖFFENTLICHEN STELLEN UND	4.2.1 SICH INFORMIEREN, AN BERATUNGSGESPRÄCHEN TEILNEHMEN	B1	am Gespräch teilnehmen	Kann Auskunft über seine/ihre beruflichen Erfahrungen geben und seine/ihre Wünsche und Ziele bzgl. einer Aus- oder Weiter- bildung ausdrücken.
105	4	AUS- UND WEITERBILDUNG 105	4.2 KOMMUNIKATION MIT BEHÖRDEN, ÖFFENTLICHEN STELLEN UND	4.2.1 SICH INFORMIEREN, AN BERATUNGSGESPRÄCHEN TEILNEHMEN	B1	am Gespräch teilnehmen	Kann nachfragen, was es für ihn/sie an Angeboten gibt, z. B. Praktikums- oder Ausbildungsplatz, Möglichkeiten zur Nach- qualifizierung.
105	4	AUS- UND WEITERBILDUNG 105	4.2 KOMMUNIKATION MIT BEHÖRDEN, ÖFFENTLICHEN STELLEN UND	4.2.1 SICH INFORMIEREN, AN BERATUNGSGESPRÄCHEN TEILNEHMEN	A2	am Gespräch teilnehmen	Kann nach Unterschieden im Ausbildungssystem im Vergleich zu seinem/ihrem Herkunftsland fragen.
105	4	AUS- UND WEITERBILDUNG 105	4.2 KOMMUNIKATION MIT BEHÖRDEN, ÖFFENTLICHEN STELLEN UND	4.2.1 SICH INFORMIEREN, AN BERATUNGSGESPRÄCHEN TEILNEHMEN	B1	am Gespräch teilnehmen	Kann Vorschläge von Gesprächspartnern bzgl. seiner/ihrer be- ruflichen Zukunft verstehen, z. B. zu Umschulung oder Weiterbil- dung, und darauf mit Rückfragen oder ggf. Alternativvorschlägen reagieren.
105	4	AUS- UND WEITERBILDUNG 105	4.2 KOMMUNIKATION MIT BEHÖRDEN, ÖFFENTLICHEN STELLEN UND	4.2.1 SICH INFORMIEREN, AN BERATUNGSGESPRÄCHEN TEILNEHMEN	B1	hören	Kann auf für ihn/sie interessanten Informationsveranstaltungen zu Aus- oder Weiterbildungsangeboten die wichtigsten Infor- mationen verstehen, z. B. Struktur, Dauer und Gegenstand der Bildungsmaßnahme.
105	4	AUS- UND WEITERBILDUNG 105	4.2 KOMMUNIKATION MIT BEHÖRDEN, ÖFFENTLICHEN STELLEN UND	4.2.1 SICH INFORMIEREN, AN BERATUNGSGESPRÄCHEN TEILNEHMEN	B1	sprechen	Kann nach Anerkennungsmöglichkeiten des eigenen Berufsab- schlusses fragen.
105	4	AUS- UND WEITERBILDUNG 105	4.2 KOMMUNIKATION MIT BEHÖRDEN, ÖFFENTLICHEN STELLEN UND	4.2.1 SICH INFORMIEREN, AN BERATUNGSGESPRÄCHEN TEILNEHMEN	B1	lesen	Kann Möglichkeiten und Vorgehensweisen zur Anerkennung der eigenen Berufsqualifikation im Internet recherchieren.
105	4	AUS- UND WEITERBILDUNG 105	4.2 KOMMUNIKATION MIT BEHÖRDEN, ÖFFENTLICHEN STELLEN UND	4.2.1 SICH INFORMIEREN, AN BERATUNGSGESPRÄCHEN TEILNEHMEN	B1	schreiben	Kann vor einem Beratungsgespräch wichtige Fragen notieren.
105	4	AUS- UND WEITERBILDUNG 105	4.2 KOMMUNIKATION MIT BEHÖRDEN, ÖFFENTLICHEN STELLEN UND	4.2.1 SICH INFORMIEREN, AN BERATUNGSGESPRÄCHEN TEILNEHMEN	B1	schreiben	Kann im Beratungsgespräch wichtige Informationen notieren.
106	4	AUS- UND WEITERBILDUNG 105	4.2 KOMMUNIKATION MIT BEHÖRDEN, ÖFFENTLICHEN STELLEN UND	4.2.2 FORMULARE AUSFÜLLEN	A2	schreiben	Kann mithilfe von Wörterbüchern o. Ä. Formulare ausfüllen, z. B. Anmeldeformular für eine Aus- oder Weiterbildung oder Formu- lar zur Aus- oder Weiterbildungsunterstützung.
106	4	AUS- UND WEITERBILDUNG 105	4.2 KOMMUNIKATION MIT BEHÖRDEN, ÖFFENTLICHEN STELLEN UND	4.2.2 FORMULARE AUSFÜLLEN	A2	schreiben	Kann sich, z. B. bei der Bundesagentur für Arbeit, online als Nutzerin/Nutzer anmelden.
106	4	AUS- UND WEITERBILDUNG 105	4.2 KOMMUNIKATION MIT BEHÖRDEN, ÖFFENTLICHEN STELLEN UND	4.2.2 FORMULARE AUSFÜLLEN	B1	lesen	Kann in den Datenbanken der Bundesagentur für Arbeit Infor- mationen zur gewünschten Ausbildung recherchieren.
110	5	B ANKEN UND	5.1 SICH EINEN ÜBERBLICK ÜBER BANKEN UND VERSICHERUNGEN	5.1.1 SICH INFORMIEREN	A1	am Gespräch teilnehmen	Kann Bekannte und Freunde um Empfehlungen bitten, z. B. für eine Bank, Versicherungsgesellschaft.
110	5	B ANKEN UND	5.1 SICH EINEN ÜBERBLICK ÜBER BANKEN UND VERSICHERUNGEN	5.1.1 SICH INFORMIEREN	A2	am Gespräch teilnehmen	Kann sich allgemein, auch bei Bekannten, über Banken und Versicherungen informieren, z. B. über Standorte, Leistungen, generelle Kosten.
110	5	B ANKEN UND	5.1 SICH EINEN ÜBERBLICK ÜBER BANKEN UND VERSICHERUNGEN	5.1.1 SICH INFORMIEREN	B1	am Gespräch teilnehmen	Kann sich bei Bekannten über Versicherungsdetails informie- ren, z. B. über Höhe der Versicherungssumme, Abschluss einer Zusatzversicherung.
110	5	B ANKEN UND	5.1 SICH EINEN ÜBERBLICK ÜBER BANKEN UND VERSICHERUNGEN	5.1.1 SICH INFORMIEREN	A1	lesen	Kann dem Telefonbuch oder Internet spezifische Informationen über Banken und Versicherungen entnehmen, z. B. Adressen, Öffnungszeiten.
110	5	B ANKEN UND	5.1 SICH EINEN ÜBERBLICK ÜBER BANKEN UND VERSICHERUNGEN	5.1.1 SICH INFORMIEREN	A2	lesen	Kann kurzem und klarem schriftlichem Informationsmaterial, auch im Internet, für ihn/sie wichtige Informationen entnehmen, z. B. Produktpalette, Kosten, Qualität.
110	5	B ANKEN UND	5.2 KOMMUNIKATION MIT BANKEN	5.2.1 ANLEITUNGEN VERSTEHEN UND DARAUF REAGIEREN	A1	lesen	Kann Hinweisschildern in Banken die wichtigsten Informationen entnehmen.
110	5	B ANKEN UND	5.2 KOMMUNIKATION MIT BANKEN	5.2.1 ANLEITUNGEN VERSTEHEN UND DARAUF REAGIEREN	A1	lesen	Kann bei der Bedienung von Automaten, z. B. Geldautomaten oder Selbstbedienungsterminals, die wichtigsten und einfachsten Anweisungen für Eingabeschritte verstehen.
110	5	B ANKEN UND	5.2 KOMMUNIKATION MIT BANKEN	5.2.1 ANLEITUNGEN VERSTEHEN UND DARAUF REAGIEREN	A1	schreiben	Kann bei der Bedienung von Automaten, z. B. Geldautomaten oder Selbstbedienungsterminals, die erforderlichen Daten eingeben.
111	5	BANKEN UND VERSICHERUNGEN 111		5.2.2 MITTEILUNGEN VERSTEHEN UND MITTEILUNGEN MACHEN	A1	lesen	Kann einem Kontoauszug wesentliche Informationen entnehmen, z. B. Haben, Soll, Umsatz.
111	5	BANKEN UND VERSICHERUNGEN 111		5.2.2 MITTEILUNGEN VERSTEHEN UND MITTEILUNGEN MACHEN	A1	schreiben	Kann der Bank mit einfachen Worten wichtige Informationen schriftlich mitteilen, z. B. Adressänderung.
111	5	BANKEN UND VERSICHERUNGEN 111		5.2.3 FORMULARE AUSFÜLLEN	A1	schreiben	Kann wichtige Formulare im Zahlungsverkehr ausfüllen, z. B. Überweisungen oder Schecks.
111	5	BANKEN UND VERSICHERUNGEN 111	5.3 KOMMUNIKATION MIT VERSICHERUNGEN	5.3.1 SICH INFORMIEREN	A2	lesen	Kann einfachem Werbematerial von Versicherungen Informatio- nen entnehmen, z. B. über Produkte, Kosten.
111	5	BANKEN UND VERSICHERUNGEN 111	5.3 KOMMUNIKATION MIT VERSICHERUNGEN	5.3.1 SICH INFORMIEREN	B1	lesen	Kann Prospekten zur gesuchten Versicherung, z. B. Haftpflicht- versicherung, Hausratversicherung, die wesentlichen Informati- onen entnehmen.
111	5	BANKEN UND VERSICHERUNGEN 111	5.3 KOMMUNIKATION MIT VERSICHERUNGEN	5.3.2 MITTEILUNGEN VERSTEHEN UND MITTEILUNGEN MACHEN	A2	lesen	Kann Standardbriefen der Versicherung wesentliche Informati- onen entnehmen, z. B. Erhöhung der Beiträge, Beitragsrücker- stattung.
111	5	BANKEN UND VERSICHERUNGEN 111	5.3 KOMMUNIKATION MIT VERSICHERUNGEN	5.3.2 MITTEILUNGEN VERSTEHEN UND MITTEILUNGEN MACHEN	A2	schreiben	Kann der Versicherung Änderungen mitteilen, z. B. bzgl. Adresse, Familienstand, Stilllegung des Kraftfahrzeugs.
111	5	BANKEN UND VERSICHERUNGEN 111	5.3 KOMMUNIKATION MIT VERSICHERUNGEN	5.3.2 MITTEILUNGEN VERSTEHEN UND MITTEILUNGEN MACHEN	A2	Schreiben	Kann der Versicherung kurz und einfach mitteilen, dass er/sie bestimmte Dokumente benötigt, z. B. Versicherungsnachweis, Grüne Versicherungskarte.
111	5	BANKEN UND VERSICHERUNGEN 111	5.3 KOMMUNIKATION MIT VERSICHERUNGEN	5.3.2 MITTEILUNGEN VERSTEHEN UND MITTEILUNGEN MACHEN	B1	schreiben	Kann der Versicherung in einem einfachen Schreiben Schadens- fälle mitteilen, z. B. Wasserschaden, Einbruch, Unfall.
112	5	BANKEN UND VERSICHERUNGEN 111	5.3 KOMMUNIKATION MIT VERSICHERUNGEN	5.3.3 VERTRÄGE VERSTEHEN UND ABSCHLIESSEN	A2	lesen	Kann einem Vertrag einfache Informationen entnehmen, z. B. zu Laufzeit, Tarifen, Gültigkeit oder Zahlungsmodalitäten.
112	5	BANKEN UND VERSICHERUNGEN 111	5.4 KOMMUNIKATION MIT MITARBEITERN VON BANKEN UND VERSICHERUNGEN	5.4.1 SICH INFORMIEREN UND AUSKÜNFTE GEBEN	A1	am Gespräch teilnehmen	Kann mit einfachen Worten Mitarbeiter einer Bank oder Versicherung nach Informationsmaterial fragen.
112	5	BANKEN UND VERSICHERUNGEN 111	5.4 KOMMUNIKATION MIT MITARBEITERN VON BANKEN UND VERSICHERUNGEN	5.4.1 SICH INFORMIEREN UND AUSKÜNFTE GEBEN	A2	am Gespräch teilnehmen	Kann sich über Bankdienstleistungen informieren, z. B. Kredite oder Anlagemöglichkeiten.
112	5	BANKEN UND VERSICHERUNGEN 111	5.4 KOMMUNIKATION MIT MITARBEITERN VON BANKEN UND VERSICHERUNGEN	5.4.1 SICH INFORMIEREN UND AUSKÜNFTE GEBEN	B1	am Gespräch teilnehmen	Kann im Gespräch mit Versicherungsmitarbeitern wichtige Infor- mationen verstehen, z. B. Leistungen der Versicherung, Kosten.
112	5	BANKEN UND VERSICHERUNGEN 111	5.4 KOMMUNIKATION MIT MITARBEITERN VON BANKEN UND VERSICHERUNGEN	5.4.1 SICH INFORMIEREN UND AUSKÜNFTE GEBEN	A2	am Gespräch teilnehmen	Kann am Schalter beim Kauf von Bankdienstleistungen die erforderlichen Auskünfte geben, z. B. Daten des Begünstigten, Kreditlinie, Name des Arbeitgebers.
112	5	BANKEN UND VERSICHERUNGEN 111	5.4 KOMMUNIKATION MIT MITARBEITERN VON BANKEN UND VERSICHERUNGEN	5.4.1 SICH INFORMIEREN UND AUSKÜNFTE GEBEN	B1	am Gespräch teilnehmen	Kann im Gespräch mit Versicherungsmitarbeitern die erforder- lichen Auskünfte geben, z. B. Höhe der Versicherungssumme.
112	5	BANKEN UND VERSICHERUNGEN 111	5.4 KOMMUNIKATION MIT MITARBEITERN VON BANKEN UND VERSICHERUNGEN	5.4.2 BEDÜRFNISSE ÄUSSERN, AUFTRÄGE ERTEILEN	A1	am Gespräch teilnehmen	Kann am Bankschalter oder in einem Gespräch mit Versiche- rungsvertretern mit einfachen Worten einen Auftrag erteilen, z. B. Ausfertigung einer Überweisung.
112	5	BANKEN UND VERSICHERUNGEN 111	5.4 KOMMUNIKATION MIT MITARBEITERN VON BANKEN UND VERSICHERUNGEN	5.4.2 BEDÜRFNISSE ÄUSSERN, AUFTRÄGE ERTEILEN	A2	am Gespräch teilnehmen	Kann einfach und klar äußern, welche Versicherung er/sie abschließen möchte.
112	5	BANKEN UND VERSICHERUNGEN 111	5.4 KOMMUNIKATION MIT MITARBEITERN VON BANKEN UND VERSICHERUNGEN	5.4.2 BEDÜRFNISSE ÄUSSERN, AUFTRÄGE ERTEILEN	A2	am Gespräch teilnehmen	Kann, auch telefonisch, Verlustmeldungen machen, z. B. von Scheckkarte, Versicherungskarte, und um Ersatz bitten.
116	6	B ETREUUNG UND	6.1 SICH EINEN ÜBERBLICK ÜBER BETREUUNGS- UND AUSBILDUNGSMÖGLICHKEITEN	6.1.1 SICH INFORMIEREN UND AUSKÜNFTE GEBEN	A1	am Gespräch teilnehmen	Kann sich bei Eltern oder Bekannten mit einfachen Worten nach Betreuungseinrichtungen erkundigen, z. B. nach in Frage kom- menden Kindergärten, empfehlenswerten Krippen.
116	6	B ETREUUNG UND	6.1 SICH EINEN ÜBERBLICK ÜBER BETREUUNGS- UND AUSBILDUNGSMÖGLICHKEITEN	6.1.1 SICH INFORMIEREN UND AUSKÜNFTE GEBEN	A2	am Gespräch teilnehmen	Kann sich bei Freunden oder Bekannten mit einfachen Worten nach den Grundzügen des Schulsystems erkundigen, z. B. nach Schularten, öffentlichen bzw. privaten Einrichtungen.
116	6	B ETREUUNG UND	6.1 SICH EINEN ÜBERBLICK ÜBER BETREUUNGS- UND AUSBILDUNGSMÖGLICHKEITEN	6.1.1 SICH INFORMIEREN UND AUSKÜNFTE GEBEN	A1	lesen	Kann dem Telefonbuch, Branchenbuch oder Internet Adressen und Telefonnummern entnehmen, z. B. von Tagesmüttern, Kin- dertagesstätten, Kindergärten.
116	6	B ETREUUNG UND	6.1 SICH EINEN ÜBERBLICK ÜBER BETREUUNGS- UND AUSBILDUNGSMÖGLICHKEITEN	6.1.1 SICH INFORMIEREN UND AUSKÜNFTE GEBEN	A2	lesen	Kann Informationsmaterialien einfache Informationen über in Frage kommende Schulen entnehmen, z. B. zu Schultyp, Fächer- verbindung.
116	6	B ETREUUNG UND	6.1 SICH EINEN ÜBERBLICK ÜBER BETREUUNGS- UND AUSBILDUNGSMÖGLICHKEITEN	6.1.1 SICH INFORMIEREN UND AUSKÜNFTE GEBEN	A2	lesen	Kann Aushängen die wesentlichen Informationen über außer- schulische Angebote entnehmen, z. B. zu Nachhilfe, Musikunter- richt.
116	6	B ETREUUNG UND	6.1 SICH EINEN ÜBERBLICK ÜBER BETREUUNGS- UND AUSBILDUNGSMÖGLICHKEITEN	6.1.1 SICH INFORMIEREN UND AUSKÜNFTE GEBEN	A2	sprechen	Kann mit einfachen Worten wesentliche Informationen zum Betreuungs- bzw. Ausbildungssystem im Herkunftsland geben.
116	6	B ETREUUNG UND	6.2 KOMMUNIKATION ZWISCHEN ELTERN UND BETREUUNGSEINRICHTUNGEN,	6.2.1 SICH INFORMIEREN, INFORMATIONEN GEBEN	A2	hören	Kann die wesentlichen Informationen bei Informationsveran- staltungen von Kindergarten bzw. Schule verstehen, z. B. zu Tagesablauf, Elternmitarbeit.
116	6	B ETREUUNG UND	6.2 KOMMUNIKATION ZWISCHEN ELTERN UND BETREUUNGSEINRICHTUNGEN,	6.2.1 SICH INFORMIEREN, INFORMATIONEN GEBEN	A2	am Gespräch teilnehmen	Kann, auch telefonisch, einfache Informationen erfragen, z. B. zu Betreuungszeiten oder Gruppengröße, bzw. als Mitarbeiter/in der Betreuungseinrichtung dazu Auskunft geben.
116	6	B ETREUUNG UND	6.2 KOMMUNIKATION ZWISCHEN ELTERN UND BETREUUNGSEINRICHTUNGEN,	6.2.1 SICH INFORMIEREN, INFORMATIONEN GEBEN	A2	am Gespräch teilnehmen	Kann wichtige Regelungen erfragen, z. B. bzgl. Abholzeiten in Kindergarten oder Hort, bzw. z. B. als Mitarbeiter/in der Betreu- ungseinrichtung über Regelungen informieren.
117	6	BETREUUNG UND AUSBILDUNG DER KINDER 117		6.2.2 MITTEILUNGEN VERSTEHEN UND DARAUF REAGIEREN, MITTEILUNGEN MACHEN	A2	lesen	Kann einem Schreiben der Stadt- oder Gemeindeverwaltung die relevanten Informationen zur Einschulung entnehmen, z. B. zu Schule, Einschreibungstermin.
117	6	BETREUUNG UND AUSBILDUNG DER KINDER 117		6.2.2 MITTEILUNGEN VERSTEHEN UND DARAUF REAGIEREN, MITTEILUNGEN MACHEN	A2	sprechen	Kann wesentliche Informationen über das Kind mitteilen, z. B. zu Allergien, Verletzungen.
117	6	BETREUUNG UND AUSBILDUNG DER KINDER 117		6.2.2 MITTEILUNGEN VERSTEHEN UND DARAUF REAGIEREN, MITTEILUNGEN MACHEN	A2	lesen	Kann das Wesentliche von einfachen Informationsschreiben der Schule verstehen, z. B. zu Klassenfahrt, Bücherkauf.
117	6	BETREUUNG UND AUSBILDUNG DER KINDER 117		6.2.2 MITTEILUNGEN VERSTEHEN UND DARAUF REAGIEREN, MITTEILUNGEN MACHEN	A1	schreiben	Kann zurückzugebende Abschnitte von Elternmitteilungen aus- füllen, z. B. Zusage zur Teilnahme an einer Veranstaltung.
117	6	BETREUUNG UND AUSBILDUNG DER KINDER 117		6.2.2 MITTEILUNGEN VERSTEHEN UND DARAUF REAGIEREN, MITTEILUNGEN MACHEN	A2	schreiben	Kann ganz einfache, kurze schriftliche Mitteilungen machen, z. B. Entschuldigungen schreiben.
117	6	BETREUUNG UND AUSBILDUNG DER KINDER 117		6.2.2 MITTEILUNGEN VERSTEHEN UND DARAUF REAGIEREN, MITTEILUNGEN MACHEN	B1	schreiben	Kann als Mitarbeiter/in einer Betreuungseinrichtung einfache Mitteilungen an die Eltern schreiben, z. B. zu einem geplanten Ausflug.
117	6	BETREUUNG UND AUSBILDUNG DER KINDER 117		6.2.2 MITTEILUNGEN VERSTEHEN UND DARAUF REAGIEREN, MITTEILUNGEN MACHEN	A1	sprechen	Kann auf einfache Art und Weise mündliche Mitteilungen machen, z. B. Krankheit eines Kindes.
117	6	BETREUUNG UND AUSBILDUNG DER KINDER 117		6.2.3 ANTRÄGE STELLEN UND FORMULARE AUSFÜLLEN	A1	schreiben	Kann die erforderlichen Informationen in ein Formular zur Krankmeldung/Entschuldigung des Schulkindes eintragen.
117	6	BETREUUNG UND AUSBILDUNG DER KINDER 117		6.2.3 ANTRÄGE STELLEN UND FORMULARE AUSFÜLLEN	A2	schreiben	Kann in einem formlosen Schreiben etwas beantragen, z. B. Schulbefreiung bei einem Todes- oder schweren Krankheitsfall.
117	6	BETREUUNG UND AUSBILDUNG DER KINDER 117		6.2.3 ANTRÄGE STELLEN UND FORMULARE AUSFÜLLEN	B1	sprechen	Kann, auch telefonisch, beim Elternbeirat einen Antrag stellen, z. B. auf Zuschuss zu einer Klassenfahrt.
117	6	BETREUUNG UND AUSBILDUNG DER KINDER 117		6.2.3 ANTRÄGE STELLEN UND FORMULARE AUSFÜLLEN	A2	schreiben	Kann Formulare ausfüllen, z. B. Antrag auf Kindergeld, Zuschuss zu einer Klassenfahrt, Anmeldung zum Kindergarten oder Sport- verein.
118	6	BETREUUNG UND AUSBILDUNG DER KINDER 117	6.3 KOMMUNIKATION MIT/ALS ERZIEHER/IN, MIT LEHRKRÄFTEN BZW. SCHULLEITUNG	6.3.1 SICH INFORMIEREN UND AUSKÜNFTE GEBEN	A1	sprechen	Kann mit einfachen Worten über die Schullaufbahn des Kindes im Herkunftsland berichten.
118	6	BETREUUNG UND AUSBILDUNG DER KINDER 117	6.3 KOMMUNIKATION MIT/ALS ERZIEHER/IN, MIT LEHRKRÄFTEN BZW. SCHULLEITUNG	6.3.1 SICH INFORMIEREN UND AUSKÜNFTE GEBEN	B1	am Gespräch teilnehmen	Kann Eltern auch telefonisch wesentliche Informationen zur Einrichtung geben.
118	6	BETREUUNG UND AUSBILDUNG DER KINDER 117	6.3 KOMMUNIKATION MIT/ALS ERZIEHER/IN, MIT LEHRKRÄFTEN BZW. SCHULLEITUNG	6.3.1 SICH INFORMIEREN UND AUSKÜNFTE GEBEN	A2	am Gespräch teilnehmen	Kann sich z. B. bei Lehrkräften über die Art der Leistungsmes- sung oder die Voraussetzungen zum Übertritt in eine weiterfüh- rende Schule erkundigen.
118	6	BETREUUNG UND AUSBILDUNG DER KINDER 117	6.3 KOMMUNIKATION MIT/ALS ERZIEHER/IN, MIT LEHRKRÄFTEN BZW. SCHULLEITUNG	6.3.1 SICH INFORMIEREN UND AUSKÜNFTE GEBEN	A2	am Gespräch teilnehmen	Kann sich mit einfachen Worten nach Funktion und Aufgaben des Elternbeirats oder Aufgaben von Lehrkräften/Erziehern/ Erzieherinnen erkundigen.
118	6	BETREUUNG UND AUSBILDUNG DER KINDER 117	6.3 KOMMUNIKATION MIT/ALS ERZIEHER/IN, MIT LEHRKRÄFTEN BZW. SCHULLEITUNG	6.3.1 SICH INFORMIEREN UND AUSKÜNFTE GEBEN	A2	am Gespräch teilnehmen	Kann Auskunft über die tatsächlichen Kenntnisse des Kindes geben, unabhängig von der Bestätigung der früheren Schule (z. B. wie regelmäßig die Schule besucht wurde, inwieweit das Kind im lateinischen Schriftsystem alphabetisiert ist).
118	6	BETREUUNG UND AUSBILDUNG DER KINDER 117	6.3 KOMMUNIKATION MIT/ALS ERZIEHER/IN, MIT LEHRKRÄFTEN BZW. SCHULLEITUNG	6.3.2 AN INFORMATIONSVERANSTALTUNGEN TEILNEHMEN	A2	hören	Kann an einem Elternabend die für ihn/sie wichtigsten Informa- tionen verstehen, z. B. zu anstehenden Festen, zu Aufgaben, die übernommen werden sollen.
118	6	BETREUUNG UND AUSBILDUNG DER KINDER 117	6.3 KOMMUNIKATION MIT/ALS ERZIEHER/IN, MIT LEHRKRÄFTEN BZW. SCHULLEITUNG	6.3.2 AN INFORMATIONSVERANSTALTUNGEN TEILNEHMEN	B1	hören	Kann die Beschreibung von Sachverhalten verstehen, z. B. die wichtigsten Informationen zum Verfahren bei der Elternbeirats- wahl.
118	6	BETREUUNG UND AUSBILDUNG DER KINDER 117	6.3 KOMMUNIKATION MIT/ALS ERZIEHER/IN, MIT LEHRKRÄFTEN BZW. SCHULLEITUNG	6.3.2 AN INFORMATIONSVERANSTALTUNGEN TEILNEHMEN	A2	sprechen	Kann mit einfachen Worten seine/ihre Interessen und Wünsche einbringen, z. B. bzgl. Unterstützung bei schulischen Problemen, Übernahme von Aufgaben bei Schulfesten.
118	6	BETREUUNG UND AUSBILDUNG DER KINDER 117	6.3 KOMMUNIKATION MIT/ALS ERZIEHER/IN, MIT LEHRKRÄFTEN BZW. SCHULLEITUNG	6.3.2 AN INFORMATIONSVERANSTALTUNGEN TEILNEHMEN	A2	schreiben	Kann sich einfache Notizen machen, z. B. Termine, Übernahme von Aufgaben.
119	6	BETREUUNG UND AUSBILDUNG DER KINDER 119		6.3.3 MITTEILUNGEN VERSTEHEN UND MITTEILUNGEN MACHEN	A2	lesen	Kann einfache schriftliche Mitteilungen der Lehrkräfte verste- hen, z. B. im Hausaufgaben- oder Mitteilungsheft.
119	6	BETREUUNG UND AUSBILDUNG DER KINDER 119		6.3.3 MITTEILUNGEN VERSTEHEN UND MITTEILUNGEN MACHEN	A2	schreiben	Kann einfache Mitteilungen an die Lehrkräfte schreiben, z. B. Entschuldigung für versäumte Hausaufgaben.
119	6	BETREUUNG UND AUSBILDUNG DER KINDER 119		6.3.4 AN BERATUNGSGESPRÄCHEN TEILNEHMEN	A1	am Gespräch teilnehmen	Kann mit einfachen Worten auf einfache Fragen Auskunft geben, z. B. zu Herkunft, Lernschwierigkeiten des Kindes.
119	6	BETREUUNG UND AUSBILDUNG DER KINDER 119		6.3.4 AN BERATUNGSGESPRÄCHEN TEILNEHMEN	A2	am Gespräch teilnehmen	Kann sich mit einfachen sprachlichen Mitteln über das Kind erkundigen, z. B. über Mitarbeit, Leistungsstand.
119	6	BETREUUNG UND AUSBILDUNG DER KINDER 119		6.3.4 AN BERATUNGSGESPRÄCHEN TEILNEHMEN	A2	am Gespräch teilnehmen	Kann mit einfachen sprachlichen Mitteln um Erklärungen bitten, z. B. zu einer Benotung oder Sanktion.
119	6	BETREUUNG UND AUSBILDUNG DER KINDER 119		6.3.4 AN BERATUNGSGESPRÄCHEN TEILNEHMEN	B1	hören	Kann in einem Beratungsgespräch Hinweise und Ratschläge zur Förderung und Erziehung des Kindes verstehen, z. B. zur Organi- sation des häuslichen Lernens, Benutzung von Hilfsmitteln zum Lernen, bzw. kann als Mitarbeiter/in einer Betreuungseinrich- tung solche Hinweise und Ratschläge geben.
119	6	BETREUUNG UND AUSBILDUNG DER KINDER 119		6.3.4 AN BERATUNGSGESPRÄCHEN TEILNEHMEN	A2	am Gespräch teilnehmen	Kann mit einfachen Worten Vorschläge und Wünsche einbringen, z. B. zu Sitzordnung, Zusatzförderung, und darauf reagieren.
119	6	BETREUUNG UND AUSBILDUNG DER KINDER 119		6.3.4 AN BERATUNGSGESPRÄCHEN TEILNEHMEN	A2	am Gespräch teilnehmen	Kann die Lehrkraft um Unterstützung bitten, z. B. für zusätzliche Förderung für das Kind, Bitte um einen Gesprächstermin zu Hause.
120	6	BETREUUNG UND AUSBILDUNG DER KINDER 119		6.3.5 BESCHWERDEN VERSTEHEN, DARAUF REAGIEREN, SICH BESCHWEREN	B1	am Gespräch teilnehmen	Kann einfache, klare Beschwerden über das Kind, z. B. über auffälliges Verhalten, verstehen, ggf. zurückweisen, nachfragen oder zustimmen, bzw. als Mitarbeiter/in einer Betreuungs- einrichtung Beschwerden äußern.
120	6	BETREUUNG UND AUSBILDUNG DER KINDER 119		6.3.5 BESCHWERDEN VERSTEHEN, DARAUF REAGIEREN, SICH BESCHWEREN	A2	am Gespräch teilnehmen	Kann sich mit einfachen Worten beschweren, z. B. über eine Diskriminierung des Kindes, bzw. als Mitarbeiter/in einer Betreuungseinrichtung Beschwerden verstehen.
120	6	BETREUUNG UND AUSBILDUNG DER KINDER 119		6.3.5 BESCHWERDEN VERSTEHEN, DARAUF REAGIEREN, SICH BESCHWEREN	A2	am Gespräch teilnehmen	Kann in Besprechungen mit Lehrkräften mit einfachen Worten zu einem konkreten Problem Lösungsvorschläge machen, z. B. zur Organisation des häuslichen Lernens.
120	6	BETREUUNG UND AUSBILDUNG DER KINDER 119		6.3.5 BESCHWERDEN VERSTEHEN, DARAUF REAGIEREN, SICH BESCHWEREN	A2	am Gespräch teilnehmen	Kann Kinder loben, kritisieren, beruhigen.
120	6	BETREUUNG UND AUSBILDUNG DER KINDER 119		6.3.6 ABSPRACHEN TREFFEN	A2	am Gespräch teilnehmen	Kann mit Lehrkräften oder Nachhilfelehrern/-lehrerinnen einfache Absprachen treffen, z. B. über Inhalte und Dauer der Nachhilfestunden.
120	6	BETREUUNG UND AUSBILDUNG DER KINDER 119	6.4 KOMMUNIKATION MIT ELTERN BZW. MITSCHÜLERN/MITSCHÜLERINNEN DES KINDES	6.4.1 ABSPRACHEN TREFFEN	A2	am Gespräch teilnehmen	Kann mit einfachen Worten mit anderen Eltern Vereinbarungen treffen, z. B. über Aufgabenverteilung wie Transport zur Schule, Organisation von Kindergeburtstagen.
124	7	EINKAUFEN	7.1 SICH EINEN ÜBERBLICK ÜBER PRODUKTE UND	7.1.1 SICH INFORMIEREN UND AUSKÜNFTE GEBEN	A1	am Gespräch teilnehmen	Kann sich allgemein bei Bekannten oder Nachbarn über gesuch- te Produkte informieren, z. B. über Marken, Anbieter, Preise.
124	7	EINKAUFEN	7.1 SICH EINEN ÜBERBLICK ÜBER PRODUKTE UND	7.1.1 SICH INFORMIEREN UND AUSKÜNFTE GEBEN	B1	am Gespräch teilnehmen	Kann sich mit Bekannten oder Nachbarn über Vor- und Nachteile bestimmter Einkaufsmöglichkeiten und Zahlungsmodalitäten austauschen, z. B. Preisvergleich zwischen Kauf in Geschäften und im Internet, Vor- und Nachteile von Ratenzahlung.
124	7	EINKAUFEN	7.1 SICH EINEN ÜBERBLICK ÜBER PRODUKTE UND	7.1.1 SICH INFORMIEREN UND AUSKÜNFTE GEBEN	A2	hören	Kann Fernseh- und Radiowerbung relevante Informationen zu ihm/ihr vertrauten Produkten entnehmen, z. B. Marken, Anbie- ter.
124	7	EINKAUFEN	7.1 SICH EINEN ÜBERBLICK ÜBER PRODUKTE UND	7.1.1 SICH INFORMIEREN UND AUSKÜNFTE GEBEN	A1	lesen	Kann Werbeanzeigen in Hauswurfsendungen, Zeitungen, Zeitschriften oder auf Werbeplakaten relevante Informationen entnehmen, z. B. Marken, Anbieter.
124	7	EINKAUFEN	7.1 SICH EINEN ÜBERBLICK ÜBER PRODUKTE UND	7.1.1 SICH INFORMIEREN UND AUSKÜNFTE GEBEN	A1	lesen	Kann das Wesentliche aus Produktinformationen entnehmen, z. B. Haltbarkeitsdatum, Lagerungshinweise, Inhaltsstoffe.
124	7	EINKAUFEN	7.1 SICH EINEN ÜBERBLICK ÜBER PRODUKTE UND	7.1.1 SICH INFORMIEREN UND AUSKÜNFTE GEBEN	A2	lesen	Kann in listenartigen Texten spezifische Informationen auffinden und entnehmen, z. B. in Speisekarten Vorspeisen, in Onlinekata- logen eine bestimmte Art der Kleidung.
124	7	EINKAUFEN	7.2 KOMMUNIKATION IM BEREICH HANDEL, VERKAUF, DIENSTLEISTUNG	7.2.1 SICH INFORMIEREN UND AUSKÜNFTE GEBEN	A1	am Gespräch teilnehmen	Kann grundlegende, einfache Informationen zu Produkten erfragen bzw. geben, z. B. Preise, Größen, Regal, Abteilung.
124	7	EINKAUFEN	7.2 KOMMUNIKATION IM BEREICH HANDEL, VERKAUF, DIENSTLEISTUNG	7.2.1 SICH INFORMIEREN UND AUSKÜNFTE GEBEN	A2	am Gespräch teilnehmen	Kann, auch telefonisch und online, Informationen zu Produkten erfragen bzw. geben, z. B. Herkunft, vorrätige Modelle, Haltbar- keit.
124	7	EINKAUFEN	7.2 KOMMUNIKATION IM BEREICH HANDEL, VERKAUF, DIENSTLEISTUNG	7.2.1 SICH INFORMIEREN UND AUSKÜNFTE GEBEN	B1	am Gespräch teilnehmen	Kann, auch telefonisch, Zahlungsmodalitäten und Lieferbedin- gungen erfragen bzw. als Mitarbeiter/in darüber informieren.
124	7	EINKAUFEN	7.2 KOMMUNIKATION IM BEREICH HANDEL, VERKAUF, DIENSTLEISTUNG	7.2.1 SICH INFORMIEREN UND AUSKÜNFTE GEBEN	A1	sprechen	Kann gut verständlich Zahlenangaben machen, z. B. Preise wiederholen, Größen angeben.
124	7	EINKAUFEN	7.2 KOMMUNIKATION IM BEREICH HANDEL, VERKAUF, DIENSTLEISTUNG	7.2.1 SICH INFORMIEREN UND AUSKÜNFTE GEBEN	A1	am Gespräch teilnehmen	Kann mit einfachen Worten fragen, ob es bei einer bestimmten Ware einen Preisnachlass gibt, z. B. bei Beschädigung.
125	7	EINKAUFEN 125		7.2.2 BESTELLUNGEN AUFGEBEN UND ENTGEGENNEHMEN, RESERVIERUNGEN TÄTIGEN UND ANNEHMEN	A2	am Gespräch teilnehmen	Kann, auch telefonisch, Bestellungen aufgeben und dafür relevante Daten mitteilen, z. B. Größe und Zahl der Produkte, Kontonummer, Lieferadresse, bzw. als Mitarbeiter/in Bestellun- gen entgegennehmen und Daten erfragen.
125	7	EINKAUFEN 125		7.2.2 BESTELLUNGEN AUFGEBEN UND ENTGEGENNEHMEN, RESERVIERUNGEN TÄTIGEN UND ANNEHMEN	A2	am Gespräch teilnehmen	Kann in einer Gaststätte gewünschte Speisen und Getränke bestellen und ggf. um Zusatzinformationen bitten, z. B. zu Inhaltsstoffen, Zubereitungsart, bzw. als Mitarbeiter/in Bestel- lungen entgegennehmen.
125	7	EINKAUFEN 125		7.2.2 BESTELLUNGEN AUFGEBEN UND ENTGEGENNEHMEN, RESERVIERUNGEN TÄTIGEN UND ANNEHMEN	A2	am Gespräch teilnehmen	Kann, auch telefonisch, mit einfachen Mitteln eine Reservierung tätigen, z. B. für ein Hotelzimmer, einen Tisch im Restaurant, bzw. eine Reservierung aufnehmen.
125	7	EINKAUFEN 125		7.2.2 BESTELLUNGEN AUFGEBEN UND ENTGEGENNEHMEN, RESERVIERUNGEN TÄTIGEN UND ANNEHMEN	A1	schreiben	Kann, auch im Internet, Bestellungen aufgeben und dafür in Bestellformulare relevante Daten eingeben, z. B. Kontonummer, Größe und Zahl der Produkte, Lieferadresse.
125	7	EINKAUFEN 125		7.2.2 BESTELLUNGEN AUFGEBEN UND ENTGEGENNEHMEN, RESERVIERUNGEN TÄTIGEN UND ANNEHMEN	A2	hören, schreiben	Kann im Rahmen einer beschränkten Angebotspalette mündliche Bestellungen aufnehmen/notieren und ggf. in ein Bestellformular eintragen.
125	7	EINKAUFEN 125		7.2.3 VERTRÄGE ABSCHLIESSEN UND WIDERRUFEN BZW. KÜNDIGEN	A2	lesen	Kann in Verträgen die wichtigsten Informationen zu Preisen, Kündigungsfristen und Zahlungsmodalitäten verstehen, z. B. in Kaufverträgen oder Zeitschriftenabonnements.
125	7	EINKAUFEN 125		7.2.3 VERTRÄGE ABSCHLIESSEN UND WIDERRUFEN BZW. KÜNDIGEN	B1	lesen	Kann bei Bestellungen die wichtigsten Punkte der Allgemeinen Geschäftsbedingungen verstehen.
125	7	EINKAUFEN 125		7.2.3 VERTRÄGE ABSCHLIESSEN UND WIDERRUFEN BZW. KÜNDIGEN	A2	schreiben	Kann mit sehr einfachen Worten einen Kaufvertrag schriftlich widerrufen oder ein Abonnement kündigen.
125	7	EINKAUFEN 125		7.2.4 SICH BESCHWEREN, AUF BESCHWERDEN REAGIEREN	A2	am Gespräch teilnehmen	Kann sich mit einfachen Worten gegen unfreundliche Behand- lung wehren bzw. als Mitarbeiter/in darauf reagieren.
125	7	EINKAUFEN 125		7.2.4 SICH BESCHWEREN, AUF BESCHWERDEN REAGIEREN	B1	am Gespräch teilnehmen	Kann sich mit einfachen Worten beschweren, z. B. über fehler- hafte Ware, Nichteinhaltung eines Liefertermins, und Umtausch oder Geldrückzahlung verlangen bzw. als Mitarbeiter/in darauf reagieren.
126	7	EINKAUFEN 125		7.2.5 WÜNSCHE ÄUSSERN, AUF WÜNSCHE REAGIEREN	A2	am Gespräch teilnehmen	Kann Verkaufs- oder Servicepersonal darum bitten, eine Frage zu beantworten bzw. eine Bestellung aufzunehmen, oder den Wunsch äußern zu zahlen bzw. als Verkaufs- oder Servicemitar- beiter/in entsprechend reagieren.
126	7	EINKAUFEN 125		7.2.5 WÜNSCHE ÄUSSERN, AUF WÜNSCHE REAGIEREN	B1	am Gespräch teilnehmen	Kann mit einfachen Worten um eine Beratung zu für ihn/sie interessanten Produkten bitten, z. B. zu Qualität des Materials, Kompatibilität mit anderen Produkten, bzw. mit einfachen Wor- ten dazu Auskunft geben.
130	8	GESUNDHEIT	8.1 SICH EINEN ÜBERBLICK ÜBER MÖGLICHKEITEN DER MEDIZINISCHEN	8.1.1 SICH INFORMIEREN	A1	am Gespräch teilnehmen	Kann sich bei Bekannten oder Beratungsstellen mit einfachen Worten über das Wesentliche der Struktur der medizinischen Grundversorgung informieren, z. B. wo man Medikamente bekommt, wer die Kosten trägt.
130	8	GESUNDHEIT	8.1 SICH EINEN ÜBERBLICK ÜBER MÖGLICHKEITEN DER MEDIZINISCHEN	8.1.1 SICH INFORMIEREN	A1	am Gespräch teilnehmen	Kann mit einfachen Worten Empfehlungen und Adressen erfra- gen, z. B. von Ärzten oder Krankenhäusern in der Nähe.
130	8	GESUNDHEIT	8.1 SICH EINEN ÜBERBLICK ÜBER MÖGLICHKEITEN DER MEDIZINISCHEN	8.1.1 SICH INFORMIEREN	A1	lesen	Kann dem Telefonbuch oder Internet wichtige Informationen zur medizinischen Versorgung entnehmen, z. B. Adressen von Ärzten oder Apotheken in der Nähe.
130	8	GESUNDHEIT	8.1 SICH EINEN ÜBERBLICK ÜBER MÖGLICHKEITEN DER MEDIZINISCHEN	8.1.1 SICH INFORMIEREN	A2	lesen	Kann Broschüren, Ratgebern von Krankenkassen, Apotheken o. ä., auch Zeitschriften oder dem Internet, relevante Informa- tionen zum Thema Gesundheit entnehmen, z. B. zu Ernährung, Sportangeboten, Bonusprogrammen oder Entbindung.
130	8	GESUNDHEIT	8.1 SICH EINEN ÜBERBLICK ÜBER MÖGLICHKEITEN DER MEDIZINISCHEN	8.1.1 SICH INFORMIEREN	A2	am Gespräch teilnehmen	Kann sich im Gespräch mit Bekannten über Behandlungsmög- lichkeiten und evtl. anfallende Kosten informieren, z. B. bei einer Entbindung.
130	8	GESUNDHEIT	8.1 SICH EINEN ÜBERBLICK ÜBER MÖGLICHKEITEN DER MEDIZINISCHEN	8.1.1 SICH INFORMIEREN	B1	lesen	Kann die wichtigsten Informationen in Angeboten von Kranken- versicherungen verstehen, z. B. zu Versicherungsleistungen oder Kosten, und die Angebote verschiedener Versicherungen vergleichen.
131	8	GESUNDHEIT 131		8.2.2 SICH INFORMIEREN UND AUSKÜNFTE GEBEN	A1	am Gespräch teilnehmen	Kann Auskünfte zur Person bei der Anmeldung beim Arzt oder im Krankenhaus geben, z. B. Name, Adresse, Telefonnummer, Versicherung, Grund des Arztbesuchs.
131	8	GESUNDHEIT 131		8.2.2 SICH INFORMIEREN UND AUSKÜNFTE GEBEN	A1	am Gespräch teilnehmen	Kann mitteilen, wie es ihm/ihr geht und, auch mithilfe von Gesten, beschreiben, was ihm/ihr wehtut.
131	8	GESUNDHEIT 131		8.2.2 SICH INFORMIEREN UND AUSKÜNFTE GEBEN	A1	hören	Kann im Gespräch mit Ärzten oder Apothekern relevante Informationen verstehen, z. B. Höhe der zu zahlenden Gebühr, Abholung eines Medikaments.
131	8	GESUNDHEIT 131		8.2.2 SICH INFORMIEREN UND AUSKÜNFTE GEBEN	A1	sprechen	Kann im Gespräch mit Ärzten/Pflegepersonal Körperteile und Organe benennen.
131	8	GESUNDHEIT 131		8.2.2 SICH INFORMIEREN UND AUSKÜNFTE GEBEN	A2	hören	Kann relevante Informationen über unterschiedliche Behand- lungsmöglichkeiten verstehen, z. B. zu Dauer der Behandlung, Nebenwirkungen von Medikamenten, Kosten, und darauf reagieren.
131	8	GESUNDHEIT 131		8.2.2 SICH INFORMIEREN UND AUSKÜNFTE GEBEN	A2	am Gespräch teilnehmen	Kann im Gespräch mit Ärzten einfache Informationen zur Per- son, zum Gesundheitszustand und ggf. zur bisherigen Therapie im Herkunftsland geben, z. B. zu Vorerkrankungen, Beschwer- den, Medikation.
131	8	GESUNDHEIT 131		8.2.3 BEDÜRFNISSE UND WÜNSCHE ÄUSSERN, AUF BEDÜRFNISSE UND WÜNSCHE REAGIEREN	A2	am Gespräch teilnehmen	Kann im Gespräch mit Pflegepersonal, Ärzten, Apothekern Wün- sche äußern, z. B. zur Art der Behandlung, Medikation, Verpfle- gung im Krankenhaus, bzw. auf Wünsche von Patientinnen und Patienten reagieren.
131	8	GESUNDHEIT 131		8.2.4 ANWEISUNGEN VERSTEHEN, ANWEISUNGEN GEBEN UND DARAUF REAGIEREN	A1	lesen	Kann die wichtigsten Informationen auf Beipackzetteln verste- hen, z. B. Einnahmezeiten und -mengen.
131	8	GESUNDHEIT 131		8.2.4 ANWEISUNGEN VERSTEHEN, ANWEISUNGEN GEBEN UND DARAUF REAGIEREN	A1	hören	Kann in Gesprächen mit Ärzten oder Apothekern einfache An- weisungen verstehen, z. B. bzgl. Medikamenteneinnahme.
131	8	GESUNDHEIT 131		8.2.4 ANWEISUNGEN VERSTEHEN, ANWEISUNGEN GEBEN UND DARAUF REAGIEREN	A2	am Gespräch teilnehmen	Kann in Gesprächen mit Ärzten oder Hebammen einfache Ver- haltenshinweise verstehen, z. B. bei einer Schwangerschaft, und darauf reagieren, bzw. Schwangeren einfache Verhaltenshinwei- se geben.
132	8	GESUNDHEIT 131		8.2.5 FORMULARE AUSFÜLLEN	A1	schreiben	Kann in Formularen seine/ihre persönlichen Daten eintragen, z. B. in Aufnahmeformularen im Krankenhaus, Einverständniser- klärung für Operationen.
132	8	GESUNDHEIT 131		8.2.5 FORMULARE AUSFÜLLEN	A2	schreiben	Kann Formulare ausfüllen und dort bisherige Erkrankungen, All- ergien etc. eintragen, z. B. Aufnahmeformulare im Krankenhaus.
132	8	GESUNDHEIT 131		8.2.6 EINEN NOTRUF ABSETZEN	A1	am Gespräch teilnehmen	Kann telefonisch einen Notruf tätigen und die wichtigsten Informationen nennen, z. B. Ort, Zahl der Verletzten, Grad der Verletzung.
132	8	GESUNDHEIT 131		8.2.6 EINEN NOTRUF ABSETZEN	A2	am Gespräch teilnehmen	Kann bei einem Notruf konkrete Anweisungen der Rettungsleit- stelle verstehen, z. B. Hinweise zur Einweisung des Krankenwa- gens, Sicherung der Unfallstelle.
132	8	GESUNDHEIT 131	8.3 KOMMUNIKATION MIT BEKANNTEN, KOLLEGINNEN/KOLLEGEN,	8.3.1 NACH DEM BEFINDEN FRAGEN UND AUF DIE FRAGE NACH DEM BEFINDEN REAGIEREN	A1	am Gespräch teilnehmen	Kann mit einfachen Worten Bekannte, Kolleginnen/Kollegen, Pa- tientinnen/Patienten oder Nachbarn nach dem Befinden fragen.
132	8	GESUNDHEIT 131	8.3 KOMMUNIKATION MIT BEKANNTEN, KOLLEGINNEN/KOLLEGEN,	8.3.1 NACH DEM BEFINDEN FRAGEN UND AUF DIE FRAGE NACH DEM BEFINDEN REAGIEREN	A1	am Gespräch teilnehmen	Kann mit einfachen Worten auf die Frage, wie es ihm/ihr geht, reagieren.
132	8	GESUNDHEIT 131	8.3 KOMMUNIKATION MIT BEKANNTEN, KOLLEGINNEN/KOLLEGEN,	8.3.1 NACH DEM BEFINDEN FRAGEN UND AUF DIE FRAGE NACH DEM BEFINDEN REAGIEREN	A2	am Gespräch teilnehmen	Kann Bekannte, Kolleginnen/Kollegen, oder Patientinnen/Patien- ten mit einfachen Worten fragen, wo sie Schmerzen haben bzw. welche Probleme sie haben, und auf solche Fragen reagieren.
132	8	GESUNDHEIT 131	8.3 KOMMUNIKATION MIT BEKANNTEN, KOLLEGINNEN/KOLLEGEN,	8.3.1 NACH DEM BEFINDEN FRAGEN UND AUF DIE FRAGE NACH DEM BEFINDEN REAGIEREN	A2	am Gespräch teilnehmen	Kann Patientinnen/Patienten mit einfachen Worten nach Vorer- krankungen (ggf. Behandlungen), Allergien, Operationen, Drogen etc. fragen und auf solche Fragen reagieren.
132	8	GESUNDHEIT 131	8.3 KOMMUNIKATION MIT BEKANNTEN, KOLLEGINNEN/KOLLEGEN,	8.3.1 NACH DEM BEFINDEN FRAGEN UND AUF DIE FRAGE NACH DEM BEFINDEN REAGIEREN	A2	am Gespräch teilnehmen	Kann Patientinnen/Patienten nach regelmäßig eingenommenen Medikamenten und weiteren gesundheitlichen Maßnahmen fragen und auf solche Fragen reagieren.
132	8	GESUNDHEIT 131	8.3 KOMMUNIKATION MIT BEKANNTEN, KOLLEGINNEN/KOLLEGEN,	8.3.1 NACH DEM BEFINDEN FRAGEN UND AUF DIE FRAGE NACH DEM BEFINDEN REAGIEREN	A2	am Gespräch teilnehmen	Kann sich mit einfachen Mitteln über das Thema Gesundheit austauschen und Vergleiche ziehen.
132	8	GESUNDHEIT 131	8.3 KOMMUNIKATION MIT BEKANNTEN, KOLLEGINNEN/KOLLEGEN,	8.3.1 NACH DEM BEFINDEN FRAGEN UND AUF DIE FRAGE NACH DEM BEFINDEN REAGIEREN	B1	am Gespräch teilnehmen	Kann über das Thema Gesundheit sprechen, dabei auch über Gefühle und Ängste reden bzw. auf die Gefühle und Ängste der Gesprächspartner eingehen.
133	8	GESUNDHEIT 133		8.3.2 UM RAT FRAGEN UND JEMANDEN BERATEN	A2	am Gespräch teilnehmen	Kann mitteilen, dass er/sie ein gesundheitliches Problem oder eine die Gesundheit betreffende Frage hat, und mit einfachen Worten Gesprächspartner um Rat oder Hilfe bitten bzw. mit einfachen Worten auf ein gesundheitliches Problem oder eine die Gesundheit betreffende Frage reagieren.
133	8	GESUNDHEIT 133		8.3.2 UM RAT FRAGEN UND JEMANDEN BERATEN	A2	am Gespräch teilnehmen	Kann Gesprächspartnern einfache, die Gesundheit betreffen- de Ratschläge geben, z. B. bzgl. Hausmitteln, Ernährung, bzw. Patientinnen und Patienten Behandlungsempfehlungen geben, z. B. bezüglich Ernährung, Medikamenteneinnahme, Verbands- wechsel.
133	8	GESUNDHEIT 133		8.3.2 UM RAT FRAGEN UND JEMANDEN BERATEN	B1	am Gespräch teilnehmen	Kann Gesprächspartner um Erklärung von ihm/ihr unbekannten Themen bitten, z. B. bzgl. Medikationen, Behandlungsmethoden, oder nachfragen, ob sie damit Erfahrungen gemacht haben, bzw. diesbezüglich Erklärungen geben.
133	8	GESUNDHEIT 133		8.3.2 UM RAT FRAGEN UND JEMANDEN BERATEN	B1	am Gespräch teilnehmen	Kann mit einfachen Worten Informationen über Behandlungs- möglichkeiten geben, z. B. zur Dauer der Behandlung, Neben- wirkungen von Medikamenten.
133	8	GESUNDHEIT 133		8.3.2 UM RAT FRAGEN UND JEMANDEN BERATEN	A2	am Gespräch teilnehmen	Kann einfach formulierte Anweisungen und Hinweise der behan- delnden Ärztinnen/Ärzte verstehen und darauf reagieren.
133	8	GESUNDHEIT 133		8.3.2 UM RAT FRAGEN UND JEMANDEN BERATEN	B1	am Gespräch teilnehmen	Kann Gesprächspartner um Tipps oder Empfehlungen bitten, z. B. bzgl. Heilverfahren oder Therapieformen, bzw. Tipps geben.
133	8	GESUNDHEIT 133		8.3.3 DEN BEHANDLUNGSABLAUF DARSTELLEN	A2	am Gespräch teilnehmen	Kann Patientinnen und Patienten mit einfachen Worten erklären, was er/sie gerade tut oder tun möchte, z. B. Pflegepersonal beim Waschen.
133	8	GESUNDHEIT 133		8.3.3 DEN BEHANDLUNGSABLAUF DARSTELLEN	A2	am Gespräch teilnehmen	Kann mit einfachen Worten auf Ängste und Bedenken von Patientinnen und Patienten eingehen und sie beruhigen.
133	8	GESUNDHEIT 133		8.3.3 DEN BEHANDLUNGSABLAUF DARSTELLEN	B1	schreiben	Kann vollzogene Behandlungen bzw. Pflegemaßnahmen formel- haft beschreiben, z. B. Verband gewechselt, und in den dafür vorgesehenen Formularen dokumentieren.
133	8	GESUNDHEIT 133		8.3.3 DEN BEHANDLUNGSABLAUF DARSTELLEN	B1	am Gespräch teilnehmen	Kann Beobachtungen, z. B. zum Zustand von Patienten, den behandelnden Ärzten mitteilen.
133	8	GESUNDHEIT 133		8.3.4 EINE PFLEGEÜBERGABE MACHEN	B1	am Gespräch teilnehmen	Kann bei der Pflegeübergabe kurz Behandlungsbedürfnisse und Pflegemaßnahmen zusammenfassen.
134	8	GESUNDHEIT 133	8.4 KOMMUNIKATION MIT DER KRANKENKASSE	8.4.1 SICH INFORMIEREN	A2	am Gespräch teilnehmen	Kann, auch telefonisch, Informationen erfragen, z. B. bzgl. Kostenübernahme von Behandlungen, Zusendung einer Krank- meldung, Beantragung einer Mutter/Vater-Kind-Kur.
134	8	GESUNDHEIT 133	8.4 KOMMUNIKATION MIT DER KRANKENKASSE	8.4.3 MITTEILUNGEN VERSTEHEN UND MITTEILUNGEN MACHEN	A2	lesen	Kann Standardbriefen der Krankenversicherung wesentliche Informationen entnehmen, z. B. Änderung der Beitragshöhe, Angebot von Zusatzversicherungen.
134	8	GESUNDHEIT 133	8.4 KOMMUNIKATION MIT DER KRANKENKASSE	8.4.3 MITTEILUNGEN VERSTEHEN UND MITTEILUNGEN MACHEN	A2	schreiben	Kann der Krankenversicherung Änderungen mitteilen, z. B. Adresse, Familienstand.
134	8	GESUNDHEIT 133	8.4 KOMMUNIKATION MIT DER KRANKENKASSE	8.4.4 FORMULARE AUSFÜLLEN	A2	schreiben	Kann Formulare mit seinen/ihren wichtigsten Daten ausfüllen, z. B. Antrag auf Kostenübernahme.
138	9	MEDIENNUTZUNG	9.1 SICH ALLGEMEINE INFORMATIONEN BESCHAFFEN	9.1.1 SICH INFORMIEREN UND AUSKÜNFTE GEBEN	A2	am Gespräch teilnehmen	Kann sich mit einfachen Worten bei Bekannten über die wesentliche Struktur der Medien informieren, z. B. Sender und Sendezeiten von Nachrichten, Kinoprogramm.
138	9	MEDIENNUTZUNG	9.1 SICH ALLGEMEINE INFORMATIONEN BESCHAFFEN	9.1.1 SICH INFORMIEREN UND AUSKÜNFTE GEBEN	B1	am Gespräch teilnehmen	Kann sich mit Bekannten oder Freunden über Medienerfahrun- gen austauschen, z. B. häufig besuchte Internetseiten, Radio- oder Fernsehsendungen.
138	9	MEDIENNUTZUNG	9.1 SICH ALLGEMEINE INFORMATIONEN BESCHAFFEN	9.1.1 SICH INFORMIEREN UND AUSKÜNFTE GEBEN	A1	lesen	Kann dem Fernsehprogramm die wesentlichen Informationen entnehmen, z. B. Programme, Sendezeiten.
138	9	MEDIENNUTZUNG	9.1 SICH ALLGEMEINE INFORMATIONEN BESCHAFFEN	9.1.1 SICH INFORMIEREN UND AUSKÜNFTE GEBEN	A1	am Gespräch teilnehmen	Kann Bekannte mit einfachen Worten nach Informationsstellen fragen, z. B. Bibliothek, Internetcafé.
138	9	MEDIENNUTZUNG	9.1 SICH ALLGEMEINE INFORMATIONEN BESCHAFFEN	9.1.1 SICH INFORMIEREN UND AUSKÜNFTE GEBEN	A1	lesen	Kann Ankündigungen für Veranstaltungen wesentliche Informa- tionen entnehmen, z. B. Aufführungsbeginn, Ort.
138	9	MEDIENNUTZUNG	9.2 MEDIEN NUTZEN	9.2.1 SICH INFORMIEREN	A2	hören	Kann kurzen, deutlich gesprochenen Radiomeldungen für ihn/sie relevante Informationen entnehmen, z. B. Verkehrsmeldungen, Wettervorhersagen.
138	9	MEDIENNUTZUNG	9.2 MEDIEN NUTZEN	9.2.1 SICH INFORMIEREN	A2	hören	Kann Fernseh- und Radiowerbung für vertraute Produkte relev ante Informationen entnehmen, z. B. Sonderpreise, Aktionsa ngebote.
138	9	MEDIENNUTZUNG	9.2 MEDIEN NUTZEN	9.2.1 SICH INFORMIEREN	A1	lesen	Kann Werbeanzeigen in Hauswurfsendungen, Zeitungen, Zeitschriften oder auf Werbeplakaten relevante Informationen entnehmen, z. B. Preise.
138	9	MEDIENNUTZUNG	9.2 MEDIEN NUTZEN	9.2.1 SICH INFORMIEREN	A2	lesen	Kann kurzen Berichten in Zeitungen oder im Internet, die stark auf Namen, Zahlen, Überschriften und Bildern aufbauen, wichtige Informationen entnehmen.
138	9	MEDIENNUTZUNG	9.2 MEDIEN NUTZEN	9.2.1 SICH INFORMIEREN	A2	lesen	Kann in Zeitungen und Zeitschriften, auch online, thematische Schwerpunkte und Rubriken verstehen und das Gewünschte auswählen.
138	9	MEDIENNUTZUNG	9.2 MEDIEN NUTZEN	9.2.1 SICH INFORMIEREN	A2	hören	Kann die wesentlichsten Informationen von Nachrichtensendun- gen über ihm/ihr vertraute Themen im Fernsehen, Radio oder Internet verstehen.
138	9	MEDIENNUTZUNG	9.2 MEDIEN NUTZEN	9.2.1 SICH INFORMIEREN	B1	lesen	Kann die wesentlichen Handlungszüge eines literarischen Textes, der weitgehend auf dem Grundwortschatz und einer einfachen, konkreten Handlung basiert, verstehen, z. B. vereinfachte Lese- texte oder einfache Kurzgeschichten.
138	9	MEDIENNUTZUNG	9.2 MEDIEN NUTZEN	9.2.1 SICH INFORMIEREN	B1	hören	Kann die Handlung und Abfolge der Ereignisse eines Films oder Theaterstücks verstehen, wenn diese stark durch visuelle Elemente unterstützt werden.
139	9	MEDIENNUTZUNG 139	9.3 UMGANG MIT DEM INTERNET UND ANDEREN DIGITALEN MEDIEN	9.3.1 SICH INFORMIEREN UND AUSKÜNFTE GEBEN	A1	schreiben	Kann für ihn/sie wichtige und ihm/ihr vertraute Suchbefehle in Suchmaschinen des Internets eingeben.
139	9	MEDIENNUTZUNG 139	9.3 UMGANG MIT DEM INTERNET UND ANDEREN DIGITALEN MEDIEN	9.3.1 SICH INFORMIEREN UND AUSKÜNFTE GEBEN	A1	lesen	Kann einfache Anweisungen im Internet verstehen, z. B. zum Download einer Datei.
139	9	MEDIENNUTZUNG 139	9.3 UMGANG MIT DEM INTERNET UND ANDEREN DIGITALEN MEDIEN	9.3.1 SICH INFORMIEREN UND AUSKÜNFTE GEBEN	A2	lesen	Kann einfache, standardisierte Menüpunkte verstehen und Gewünschtes auswählen, z. B. Publikationen, Kontakt.
139	9	MEDIENNUTZUNG 139	9.3 UMGANG MIT DEM INTERNET UND ANDEREN DIGITALEN MEDIEN	9.3.1 SICH INFORMIEREN UND AUSKÜNFTE GEBEN	A2	lesen	Kann einfache Warnhinweise und Fehlermeldungen verstehen, z. B. Hinweise auf unsichere Seiten, erforderlichen Software- download.
139	9	MEDIENNUTZUNG 139	9.3 UMGANG MIT DEM INTERNET UND ANDEREN DIGITALEN MEDIEN	9.3.1 SICH INFORMIEREN UND AUSKÜNFTE GEBEN	A2	lesen	Kann geläufige Befehle in deutschsprachigen Versionen von Office-Programmen verstehen.
139	9	MEDIENNUTZUNG 139	9.3 UMGANG MIT DEM INTERNET UND ANDEREN DIGITALEN MEDIEN	9.3.1 SICH INFORMIEREN UND AUSKÜNFTE GEBEN	A2	schreiben	Kann an Online-Kommunikationsformen zu einem ihm/ihr vertrauten Thema teilnehmen, z. B. Beiträge in Foren oder Chats verfassen.
139	9	MEDIENNUTZUNG 139	9.3 UMGANG MIT DEM INTERNET UND ANDEREN DIGITALEN MEDIEN	9.3.1 SICH INFORMIEREN UND AUSKÜNFTE GEBEN	A1	lesen	Kann einfache Menüpunkte im Handy verstehen und ausführen, z. B. Adressbuch, speichern, einstellen.
142	10	MOBILITÄT	10.1 SICH ALLGEMEINE INFORMATIONEN ÜBER REISEMÖGLICHKEITEN UND	10.1.1 SICH INFORMIEREN, INFORMATIONEN GEBEN	A1	am Gespräch teilnehmen	Kann bei Bekannten mit einfachen Worten nach Reisemöglich- keiten fragen, z. B. nach bestem Verkehrsmittel für eine Reise.
142	10	MOBILITÄT	10.1 SICH ALLGEMEINE INFORMATIONEN ÜBER REISEMÖGLICHKEITEN UND	10.1.1 SICH INFORMIEREN, INFORMATIONEN GEBEN	B1	am Gespräch teilnehmen	Kann an Informationsschaltern nach Verbindungen fragen, z. B. nach der besten Verbindung zur Arbeitsstelle, und auf entspre- chende Fragen reagieren.
142	10	MOBILITÄT	10.1 SICH ALLGEMEINE INFORMATIONEN ÜBER REISEMÖGLICHKEITEN UND	10.1.1 SICH INFORMIEREN, INFORMATIONEN GEBEN	A1	lesen	Kann Hinweisschildern an Bahnhöfen, auf Flughäfen und im Straßenverkehr die wichtigsten Informationen entnehmen.
142	10	MOBILITÄT	10.1 SICH ALLGEMEINE INFORMATIONEN ÜBER REISEMÖGLICHKEITEN UND	10.1.1 SICH INFORMIEREN, INFORMATIONEN GEBEN	A2	lesen	Kann die Signalanlagen begleitenden schriftlichen Anweisungen verstehen, z. B. Schranken, Türöffner in Zügen.
142	10	MOBILITÄT	10.1 SICH ALLGEMEINE INFORMATIONEN ÜBER REISEMÖGLICHKEITEN UND	10.1.1 SICH INFORMIEREN, INFORMATIONEN GEBEN	A2	lesen	Kann die wichtigsten Gebots- und Verbotsschilder verstehen.
142	10	MOBILITÄT	10.1 SICH ALLGEMEINE INFORMATIONEN ÜBER REISEMÖGLICHKEITEN UND	10.1.1 SICH INFORMIEREN, INFORMATIONEN GEBEN	A1	lesen	Kann Fahrplänen für ihn/sie relevante Informationen entneh- men, z. B. Abfahrtszeiten, Ortsangaben.
142	10	MOBILITÄT	10.1 SICH ALLGEMEINE INFORMATIONEN ÜBER REISEMÖGLICHKEITEN UND	10.1.1 SICH INFORMIEREN, INFORMATIONEN GEBEN	A2	lesen	Kann relevante Abkürzungen und Symbole in Fahrplänen verste- hen, z. B. ICE, RE, Sa, So, Symbol für Werktag.
142	10	MOBILITÄT	10.1 SICH ALLGEMEINE INFORMATIONEN ÜBER REISEMÖGLICHKEITEN UND	10.1.1 SICH INFORMIEREN, INFORMATIONEN GEBEN	A2	lesen	Kann, auch dem Internet, wesentliche Informationen über Reise- möglichkeiten entnehmen, z. B. Reiseverbindungen, Reisedaten, Buchungsmöglichkeiten, Spezialangebote.
142	10	MOBILITÄT	10.1 SICH ALLGEMEINE INFORMATIONEN ÜBER REISEMÖGLICHKEITEN UND	10.1.1 SICH INFORMIEREN, INFORMATIONEN GEBEN	A2	lesen	Kann Übersichten über Streckennetze bzw. Verkehrsnetze spezifische Informationen entnehmen, z. B. Zonen, Fahrpreise, Gültigkeiten von Fahrscheinen.
143	10	M OBILITÄT 143	10.2 K OMMUNIKATION MIT REISEANBIETERN, FLUGGESELLSCHAFTEN	10.2.1 SICH INFORMIEREN, INFORMATIONEN GEBEN	A1	am Gespräch teilnehmen	Kann am Schalter oder Telefon Informationen, die im Wesent- lichen auf Zahlen basieren, erfragen/geben, z. B. Abfahrtszeiten, Preise.
143	10	M OBILITÄT 143	10.2 K OMMUNIKATION MIT REISEANBIETERN, FLUGGESELLSCHAFTEN	10.2.1 SICH INFORMIEREN, INFORMATIONEN GEBEN	A2	am Gespräch teilnehmen	Kann mit einfachen Worten Informationen zu Örtlichkeiten am Bahnhof, am Flughafen oder in der Autobahnraststätte erfragen/ geben, z. B. zu Parkhaus, Toiletten, Polizei oder Gepäckaufbe- wahrung.
143	10	M OBILITÄT 143	10.2 K OMMUNIKATION MIT REISEANBIETERN, FLUGGESELLSCHAFTEN	10.2.1 SICH INFORMIEREN, INFORMATIONEN GEBEN	A2	am Gespräch teilnehmen	Kann am Schalter oder Telefon relevante Informationen verste- hen, z. B. TÜV-Termin, benötigte Unterlagen für die Zulassung eines Fahrzeuges, den Führerschein, bzw. kann entsprechende Informationen geben.
143	10	M OBILITÄT 143	10.2 K OMMUNIKATION MIT REISEANBIETERN, FLUGGESELLSCHAFTEN	10.2.1 SICH INFORMIEREN, INFORMATIONEN GEBEN	A2	lesen	Kann Merkblättern relevante Informationen entnehmen, z. B. TÜV-Termin, benötigte Unterlagen für die Zulassung eines Fahrzeugs.
143	10	M OBILITÄT 143	10.2 K OMMUNIKATION MIT REISEANBIETERN, FLUGGESELLSCHAFTEN	10.2.1 SICH INFORMIEREN, INFORMATIONEN GEBEN	B1	am Gespräch teilnehmen	Kann am Schalter oder Telefon spezielle Reiserouten, Angebote und Konditionen erfragen, z. B. Sonderpreise, Wochenkarten, bzw. Reiserouten empfehlen und ihre Vor- und Nachteile nennen.
143	10	M OBILITÄT 143	10.2 K OMMUNIKATION MIT REISEANBIETERN, FLUGGESELLSCHAFTEN	10.2.2 DURCHSAGEN VERSTEHEN UND MACHEN	A2	hören	Kann wichtige Informationen in einfachen Lautsprecherdurch- sagen im Zug, am Bahnhof oder am Flughafen verstehen, z. B. Gleisänderungen oder Angaben von Verspätungen.
143	10	M OBILITÄT 143	10.2 K OMMUNIKATION MIT REISEANBIETERN, FLUGGESELLSCHAFTEN	10.2.2 DURCHSAGEN VERSTEHEN UND MACHEN	B1	sprechen	Kann wichtige Informationen in einfachen Lautsprecherdurch- sagen im Zug, am Bahnhof oder am Flughafen geben, auch mit Hilfe schriftlicher Vorlagen, z. B. Gleisänderungen oder Angaben von Verspätungen.
143	10	M OBILITÄT 143	10.2 K OMMUNIKATION MIT REISEANBIETERN, FLUGGESELLSCHAFTEN	10.2.2 DURCHSAGEN VERSTEHEN UND MACHEN	A2	hören	Kann Verkehrsmeldungen im Radio relevante Informationen entnehmen, z. B. Staumeldungen, Sperrung einer Autobahn.
143	10	M OBILITÄT 143	10.2 K OMMUNIKATION MIT REISEANBIETERN, FLUGGESELLSCHAFTEN	10.2.2 DURCHSAGEN VERSTEHEN UND MACHEN	A2	hören	Kann Telefonansagen von Informationszentren der Flughäfen oder vom Reisezentrum der Deutschen Bahn relevante Infor- mationen entnehmen, z. B. welche Nummer zu wählen ist, um mit der entsprechenden Stelle verbunden zu werden.
144	10	M OBILITÄT 143	10.2 K OMMUNIKATION MIT REISEANBIETERN, FLUGGESELLSCHAFTEN	10.2.3 MITTEILUNGEN VERSTEHEN UND DARAUF REAGIEREN, MITTEILUNGEN MACHEN	A1	am Gespräch teilnehmen	Kann mit Gesten unterstützte Hinweise von Schalterbeamten verstehen, z. B. welcher Schalter als Nächstes aufzusuchen ist.
144	10	M OBILITÄT 143	10.2 K OMMUNIKATION MIT REISEANBIETERN, FLUGGESELLSCHAFTEN	10.2.3 MITTEILUNGEN VERSTEHEN UND DARAUF REAGIEREN, MITTEILUNGEN MACHEN	A2	sprechen	Kann auf Gefahren hinweisen bzw. in Gefahrensituationen klare Anweisungen erteilen, z. B. als Security-Mitarbeiter/in am Bahn- hof oder als Flugbegleiterin/Flugbegleiter.
144	10	M OBILITÄT 143	10.2 K OMMUNIKATION MIT REISEANBIETERN, FLUGGESELLSCHAFTEN	10.2.3 MITTEILUNGEN VERSTEHEN UND DARAUF REAGIEREN, MITTEILUNGEN MACHEN	A2	am Gespräch teilnehmen	Kann einen Notruf telefonisch oder an der Notrufsäule absetzen, z. B. in der U-Bahn, am Bahnhof oder auf der Autobahn.
144	10	M OBILITÄT 143	10.2 K OMMUNIKATION MIT REISEANBIETERN, FLUGGESELLSCHAFTEN	10.2.3 MITTEILUNGEN VERSTEHEN UND DARAUF REAGIEREN, MITTEILUNGEN MACHEN	A2	sprechen	Kann einen Unfallhergang grob schildern, z. B. gegenüber Polizisten.
144	10	M OBILITÄT 143	10.2 K OMMUNIKATION MIT REISEANBIETERN, FLUGGESELLSCHAFTEN	10.2.4 ANLEITUNGEN VERSTEHEN UND DARAUF REAGIEREN	A1	lesen	Kann das Wesentliche von Anleitungen an Fahrkartenautomaten o. Ä. verstehen, wenn diese mit Illustrationen unterstützt sind.
144	10	M OBILITÄT 143	10.2 K OMMUNIKATION MIT REISEANBIETERN, FLUGGESELLSCHAFTEN	10.2.4 ANLEITUNGEN VERSTEHEN UND DARAUF REAGIEREN	A2	am Gespräch teilnehmen	Kann mit einfachen Worten erfragen/erklären, wie ein Fahr- kartenautomat/Kassenautomat im Parkhaus zu bedienen ist.
144	10	M OBILITÄT 143	10.2 K OMMUNIKATION MIT REISEANBIETERN, FLUGGESELLSCHAFTEN	10.2.5 FORMULARE AUSFÜLLEN	A2	schreiben	Kann in einfachen Antragsformularen persönliche Daten und gewünschte Leistungen ausfüllen, z. B. für Schülermonatskarte, Bahncard, Buchungsformulare.
144	10	M OBILITÄT 143	10.2 K OMMUNIKATION MIT REISEANBIETERN, FLUGGESELLSCHAFTEN	10.2.6 EINE BUCHUNG TÄTIGEN UND ENTGEGENNEHMEN	A2	am Gespräch teilnehmen	Kann eine Reise mit dem Zug oder Flugzeug am Schalter oder telefonisch buchen, bzw. eine Buchung entgegennehmen.
144	10	M OBILITÄT 143	10.2 K OMMUNIKATION MIT REISEANBIETERN, FLUGGESELLSCHAFTEN	10.2.6 EINE BUCHUNG TÄTIGEN UND ENTGEGENNEHMEN	A2	am Gespräch teilnehmen	Kann einen Platz am Schalter oder telefonisch reservieren, bzw. eine Reservierung entgegennehmen.
144	10	M OBILITÄT 143	10.2 K OMMUNIKATION MIT REISEANBIETERN, FLUGGESELLSCHAFTEN	10.2.6 EINE BUCHUNG TÄTIGEN UND ENTGEGENNEHMEN	A2	lesen	Kann in einer Buchungsbestätigung die wesentlichen Informa- tionen verstehen und diese mit der Buchung vergleichen.
145	10	M OBILITÄT 145	10.3 KOMMUNIKATION MIT MITREISENDEN UND PASSANTEN	10.3.1 SICH INFORMIEREN UND AUSKÜNFTE GEBEN	A1	am Gespräch teilnehmen	Kann Mitreisende fragen, ob ein Platz frei ist, und auf eine solche Frage reagieren.
145	10	M OBILITÄT 145	10.3 KOMMUNIKATION MIT MITREISENDEN UND PASSANTEN	10.3.1 SICH INFORMIEREN UND AUSKÜNFTE GEBEN	A2	sprechen	Kann äußern, dass er/sie einen bestimmten Platz reserviert hat.
145	10	M OBILITÄT 145	10.3 KOMMUNIKATION MIT MITREISENDEN UND PASSANTEN	10.3.1 SICH INFORMIEREN UND AUSKÜNFTE GEBEN	A1	am Gespräch teilnehmen	Kann Mitreisende oder Passanten nach dem Weg fragen und das Wesentliche einer Wegbeschreibung verstehen.
145	10	M OBILITÄT 145	10.3 KOMMUNIKATION MIT MITREISENDEN UND PASSANTEN	10.3.1 SICH INFORMIEREN UND AUSKÜNFTE GEBEN	A2	sprechen	Kann Mitreisenden oder Passanten einen Weg beschreiben.
148	11	U NTERRICHT	11.1 KOMMUNIKATION MIT LEHRKRÄFTEN UND KURSTEILNEHMERN IM UNTERRICHT	11.1.1 SICH INFORMIEREN	A1	am Gespräch teilnehmen	Kann in einem Gespräch, auch telefonisch, ganz einfache organisatorische Informationen zum Integrationskurs verstehen, z. B. Unterrichtszeit und -ort, Titel der Arbeitsmaterialien.
148	11	U NTERRICHT	11.1 KOMMUNIKATION MIT LEHRKRÄFTEN UND KURSTEILNEHMERN IM UNTERRICHT	11.1.1 SICH INFORMIEREN	A1	lesen	Kann schriftliche Informationen zum Integrationskurs bzw. zu Prüfungen auf Aushängen und Informationsblättern verstehen, z. B. Raum- und Zeitangaben.
148	11	U NTERRICHT	11.1 KOMMUNIKATION MIT LEHRKRÄFTEN UND KURSTEILNEHMERN IM UNTERRICHT	11.1.1 SICH INFORMIEREN	A2	am Gespräch teilnehmen	Kann um Beratung für außerunterrichtliches Lernen bitten und Tipps zum außerunterrichtlichen Lernen verstehen.
148	11	U NTERRICHT	11.1 KOMMUNIKATION MIT LEHRKRÄFTEN UND KURSTEILNEHMERN IM UNTERRICHT	11.1.1 SICH INFORMIEREN	A2	am Gespräch teilnehmen	Kann sich erkundigen, wie er/sie sich auf die Prüfung vorberei- ten kann, und Ratschläge dazu verstehen.
148	11	U NTERRICHT	11.1 KOMMUNIKATION MIT LEHRKRÄFTEN UND KURSTEILNEHMERN IM UNTERRICHT	11.1.2 ARBEITSAUFTRÄGE VERSTEHEN	A1	hören	Kann einfache mündliche Anweisungen der Lehrkräfte verstehen.
148	11	U NTERRICHT	11.1 KOMMUNIKATION MIT LEHRKRÄFTEN UND KURSTEILNEHMERN IM UNTERRICHT	11.1.2 ARBEITSAUFTRÄGE VERSTEHEN	A1	lesen	Kann einfache schriftliche Arbeitsanweisungen, z. B. auf Arbeits- blättern, in Lehrbüchern bzw. Prüfungsblättern, verstehen.
148	11	U NTERRICHT	11.1 KOMMUNIKATION MIT LEHRKRÄFTEN UND KURSTEILNEHMERN IM UNTERRICHT	11.1.3 ERKLÄRUNGEN VERSTEHEN UND UM ERKLÄRUNGEN BITTEN	A1	hören	Kann einfache Erklärungen der Lehrkräfte verstehen, z.B. zur Grammatik, Wortbedeutung.
148	11	U NTERRICHT	11.1 KOMMUNIKATION MIT LEHRKRÄFTEN UND KURSTEILNEHMERN IM UNTERRICHT	11.1.3 ERKLÄRUNGEN VERSTEHEN UND UM ERKLÄRUNGEN BITTEN	A1	am Gespräch teilnehmen	Kann nachfragen, wenn er/sie im Unterricht oder bei den Hausaufgaben etwas nicht verstanden hat, z. B. grammatische Struktur, Wortbedeutung, Korrektur.
148	11	U NTERRICHT	11.1 KOMMUNIKATION MIT LEHRKRÄFTEN UND KURSTEILNEHMERN IM UNTERRICHT	11.1.3 ERKLÄRUNGEN VERSTEHEN UND UM ERKLÄRUNGEN BITTEN	A1	am Gespräch teilnehmen	Kann mit einfachen Worten um Wiederholung bitten, wenn er/sie etwas nicht verstanden hat.
149	11	UNTERRICHT 149		11.1.4 MITTEILUNGEN MACHEN	A1	am Gespräch teilnehmen	Kann sich, auch telefonisch, mit einfachen Worten krankmelden.
149	11	UNTERRICHT 149		11.1.4 MITTEILUNGEN MACHEN	A1	am Gespräch teilnehmen	Kann sich mit einfachen Worten für Zuspätkommen oder früheres Gehen unter Angabe von Gründen entschuldigen.
149	11	UNTERRICHT 149		11.1.4 MITTEILUNGEN MACHEN	A2	schreiben	Kann sich schriftlich entschuldigen, wenn er/sie den Unterricht nicht besuchen kann oder konnte.
149	11	UNTERRICHT 149		11.1.5 ÜBER INDIVIDUELLE LERNZIELE UND DAS EIGENE LERNEN SPRECHEN	A2	sprechen	Kann individuelle Sprachlernbedürfnisse und Ziele äußern, z. B. Verbesserung des schriftlichen Ausdrucks.
149	11	UNTERRICHT 149		11.1.5 ÜBER INDIVIDUELLE LERNZIELE UND DAS EIGENE LERNEN SPRECHEN	A2	sprechen	Kann sich über die Bedeutung des Erlernens der Zielsprache für die eigene Zukunft äußern, z. B. Benötigung des Deutschen für bessere Kommunikation mit der Grundschullehrkraft, um die Chancen auf dem Arbeitsmarkt zu verbessern oder mit Nach- barn ins Gespräch zu kommen.
149	11	UNTERRICHT 149		11.1.5 ÜBER INDIVIDUELLE LERNZIELE UND DAS EIGENE LERNEN SPRECHEN	A2	sprechen	Kann Wünsche für den Unterricht und eine Meinung über den Unterricht äußern, z. B. Lerntempo, Hausaufgabenmenge.
149	11	UNTERRICHT 149		11.1.5 ÜBER INDIVIDUELLE LERNZIELE UND DAS EIGENE LERNEN SPRECHEN	B1	am Gespräch teilnehmen	Kann sich über Lerntraditionen, Erfahrungen und Schwierigkei- ten austauschen, z. B. beim Erlernen der ersten Fremdsprache.
149	11	UNTERRICHT 149		11.1.6 ABSPRACHEN TREFFEN	A2	am Gespräch teilnehmen	Kann innerhalb einer Gruppenarbeit mit Arbeitsgruppenpartnern die Arbeitsaufteilung aushandeln.
149	11	UNTERRICHT 149		11.1.6 ABSPRACHEN TREFFEN	A2	am Gespräch teilnehmen	Kann Wünsche äußern, welche Aufgaben er/sie bei einer Grup- penarbeit übernehmen möchte.
149	11	UNTERRICHT 149		11.1.6 ABSPRACHEN TREFFEN	A2	am Gespräch teilnehmen	Kann mit anderen Arbeitsgruppenmitgliedern mit einfachen Mitteln einen Kompromiss aushandeln.
150	11	UNTERRICHT 149	11.2 KOMMUNIKATION MIT KURSTEILNEHMERN AUSSERHALB DES UNTERRICHTS	11.2.1 SICH INFORMIEREN UND AUSKÜNFTE GEBEN	A1	am Gespräch teilnehmen	Kann nach Abwesenheit erfragen, was im Unterricht durchge- nommen und als Hausaufgabe aufgegeben wurde, z. B. Seiten, Übungen im Lehrwerk.
150	11	UNTERRICHT 149	11.2 KOMMUNIKATION MIT KURSTEILNEHMERN AUSSERHALB DES UNTERRICHTS	11.2.1 SICH INFORMIEREN UND AUSKÜNFTE GEBEN	A1	am Gespräch teilnehmen	Kann Kursteilnehmern, die gefehlt haben, mitteilen, was im Unterricht durchgenommen und als Hausaufgabe aufgegeben wurde, z. B. Seiten, Übungen im Lehrwerk.
150	11	UNTERRICHT 149	11.2 KOMMUNIKATION MIT KURSTEILNEHMERN AUSSERHALB DES UNTERRICHTS	11.2.2 ABSPRACHEN TREFFEN	A1	am Gespräch teilnehmen	Kann sich mit anderen Kursteilnehmern zum gemeinsamen Lernen, Üben verabreden.
150	11	UNTERRICHT 149	11.2 KOMMUNIKATION MIT KURSTEILNEHMERN AUSSERHALB DES UNTERRICHTS	11.2.3 UM RAT FRAGEN UND JEMANDEN BERATEN	A2	am Gespräch teilnehmen	Kann anderen Kursteilnehmern Hilfe anbieten, z. B. Erklärung einer Wortbedeutung, gemeinsames Lernen.
150	11	UNTERRICHT 149	11.2 KOMMUNIKATION MIT KURSTEILNEHMERN AUSSERHALB DES UNTERRICHTS	11.2.3 UM RAT FRAGEN UND JEMANDEN BERATEN	A2	am Gespräch teilnehmen	Kann andere Kursteilnehmer um Hilfe oder Erklärung bitten.
150	11	UNTERRICHT 149	11.3 KOMMUNIKATION MIT PRÜFENDEN	11.3.1 AN EINEM PRÜFUNGSGESPRÄCH TEILNEHMEN	A1	am Gespräch teilnehmen	Kann Prüfer angemessen begrüßen und sich vorstellen.
150	11	UNTERRICHT 149	11.3 KOMMUNIKATION MIT PRÜFENDEN	11.3.1 AN EINEM PRÜFUNGSGESPRÄCH TEILNEHMEN	A1	am Gespräch teilnehmen	Kann einfache Anweisungen der Prüfer verstehen und darauf reagieren.
150	11	UNTERRICHT 149	11.3 KOMMUNIKATION MIT PRÜFENDEN	11.3.1 AN EINEM PRÜFUNGSGESPRÄCH TEILNEHMEN	A1	am Gespräch teilnehmen	Kann Prüfer um Wiederholung oder Erklärung einer Frage bitten.
154	12	WOHNEN	12.1 SICH ALLGEMEINE INFORMATIONEN ÜBER DEN WOHNUNGSMARKT VERSCHAFFEN	12.1.1 SICH INFORMIEREN	A1	am Gespräch teilnehmen	Kann bei Bekannten mit ganz einfachen Mitteln nach Möglichkei- ten der Wohnungssuche fragen.
154	12	WOHNEN	12.1 SICH ALLGEMEINE INFORMATIONEN ÜBER DEN WOHNUNGSMARKT VERSCHAFFEN	12.1.1 SICH INFORMIEREN	A1	am Gespräch teilnehmen	Kann sich bei Bekannten oder Beratungsstellen mit ganz einfachen Worten nach preiswerten Wohnmöglichkeiten oder finanzieller Unterstützung erkundigen.
154	12	WOHNEN	12.1 SICH ALLGEMEINE INFORMATIONEN ÜBER DEN WOHNUNGSMARKT VERSCHAFFEN	12.1.1 SICH INFORMIEREN	A2	lesen	Kann sich in Tageszeitungen, Wochenblättern oder dem Internet über den Wohnungsmarkt informieren, d.h., er/sie findet die entsprechenden Rubriken.
154	12	WOHNEN	12.1 SICH ALLGEMEINE INFORMATIONEN ÜBER DEN WOHNUNGSMARKT VERSCHAFFEN	12.1.1 SICH INFORMIEREN	A2	schreiben	Kann die wichtigsten Suchkriterien in Immobilienportalen im Internet verstehen und die entsprechenden Felder ausfüllen.
154	12	WOHNEN	12.2 KOMMUNIKATION ZWISCHEN MIETERN UND VERMIETERN,	12.2.1 ANZEIGEN VERSTEHEN UND DARAUF REAGIEREN, ANZEIGEN AUFGEBEN	A2	lesen	Kann die wichtigsten Abkürzungen in Wohnungsanzeigen ver- stehen.
154	12	WOHNEN	12.2 KOMMUNIKATION ZWISCHEN MIETERN UND VERMIETERN,	12.2.1 ANZEIGEN VERSTEHEN UND DARAUF REAGIEREN, ANZEIGEN AUFGEBEN	A2	lesen	Kann Wohnungsanzeigen die für ihn/sie relevanten Informatio- nen entnehmen, z. B. Höhe der Miete, Größe, Lage der Wohnung.
154	12	WOHNEN	12.2 KOMMUNIKATION ZWISCHEN MIETERN UND VERMIETERN,	12.2.1 ANZEIGEN VERSTEHEN UND DARAUF REAGIEREN, ANZEIGEN AUFGEBEN	B1	schreiben	Kann eine einfache Wohnungssuchanzeige verfassen.
154	12	WOHNEN	12.2 KOMMUNIKATION ZWISCHEN MIETERN UND VERMIETERN,	12.2.1 ANZEIGEN VERSTEHEN UND DARAUF REAGIEREN, ANZEIGEN AUFGEBEN	B1	am Gespräch teilnehmen	Kann eine einfache Wohnungsanzeige telefonisch aufgeben.
155	12	WOHNEN 155		12.2.2 SICH INFORMIEREN UND AUSKÜNFTE GEBEN	A2	am Gespräch teilnehmen	Kann relevante Informationen von Vermietern oder Maklern verstehen, z. B. zu Größe und Mietpreis der angebotenen Wohnung sowie zu Vermittlungsgebühr und Kaution, bzw. kann entsprechende Informationen geben.
155	12	WOHNEN 155		12.2.2 SICH INFORMIEREN UND AUSKÜNFTE GEBEN	A2	am Gespräch teilnehmen	Kann einer Wohnbaugenossenschaft oder Maklern Auskünfte geben, z. B. bzgl. der gesuchten Wohnung und der Einkommens- verhältnisse, bzw. Informationen erfragen.
155	12	WOHNEN 155		12.2.2 SICH INFORMIEREN UND AUSKÜNFTE GEBEN	A2	am Gespräch teilnehmen	Kann bei Besichtigungsterminen den Ausführungen von Vermie- tern relevante Informationen entnehmen, besonders bzgl. Prei- sen und Terminen, bzw. kann über eine angebotene Wohnung informieren.
155	12	WOHNEN 155		12.2.2 SICH INFORMIEREN UND AUSKÜNFTE GEBEN	B1	am Gespräch teilnehmen	Kann im Gespräch mit Vermietern Detailinformationen zur angebotenen Wohnung erfragen, z. B. zu Einzugstermin, Größe, Nebenkosten, bzw. kann über eine angebotene Wohnung infor- mieren.
155	12	WOHNEN 155		12.2.3 ABSPRACHEN TREFFEN	A2	am Gespräch teilnehmen	Kann, auch telefonisch, mit einfachen Worten einen Besichti- gungstermin vereinbaren, ggf. auch absagen und einen neuen vereinbaren.
155	12	WOHNEN 155		12.2.4 MIETVERTRÄGE VERSTEHEN UND ABSCHLIESSEN, MIETVERTRÄGE KÜNDIGEN	A2	lesen	Kann einem Mietvertrag für ihn/sie wichtige Informationen entnehmen, z. B. Mietpreis, Nebenkosten, Fristen, und ihn abschließen.
155	12	WOHNEN 155		12.2.4 MIETVERTRÄGE VERSTEHEN UND ABSCHLIESSEN, MIETVERTRÄGE KÜNDIGEN	A2	lesen	Kann die wichtigsten Informationen in einem Kündigungs- schreiben verstehen, z. B. Kündigungstermin.
155	12	WOHNEN 155		12.2.4 MIETVERTRÄGE VERSTEHEN UND ABSCHLIESSEN, MIETVERTRÄGE KÜNDIGEN	A2	schreiben	Kann ein einfaches fristgerechtes Kündigungsschreiben verfassen.
156	12	WOHNEN 155	12.3 KOMMUNIKATION ZWISCHEN MIETERN UND VERWALTERN, VERMIETERN	12.3.1 MITTEILUNGEN VERSTEHEN UND DARAUF REAGIEREN, MITTEILUNGEN MACHEN	A1	am Gespräch teilnehmen	Kann, auch telefonisch, einfache Mitteilungen der Hausverwal- tung oder des Vermieters verstehen, z. B. wann der Heizungs- ableser kommt, und darauf reagieren, bzw. entsprechende Mitteilungen machen.
156	12	WOHNEN 155	12.3 KOMMUNIKATION ZWISCHEN MIETERN UND VERWALTERN, VERMIETERN	12.3.1 MITTEILUNGEN VERSTEHEN UND DARAUF REAGIEREN, MITTEILUNGEN MACHEN	A1	lesen	Kann auf einer Abrechnung die Höhe der zu zahlenden Summe verstehen, z. B. für Gas, Strom, Wasser.
156	12	WOHNEN 155	12.3 KOMMUNIKATION ZWISCHEN MIETERN UND VERWALTERN, VERMIETERN	12.3.1 MITTEILUNGEN VERSTEHEN UND DARAUF REAGIEREN, MITTEILUNGEN MACHEN	A2	lesen	Kann das Wichtigste in einem Schreiben des Vermieters verste- hen, z. B. Ankündigung einer Mieterhöhung.
156	12	WOHNEN 155	12.3 KOMMUNIKATION ZWISCHEN MIETERN UND VERWALTERN, VERMIETERN	12.3.1 MITTEILUNGEN VERSTEHEN UND DARAUF REAGIEREN, MITTEILUNGEN MACHEN	A2	am Gespräch teilnehmen	Kann, auch telefonisch, dem Vermieter oder Hausmeister mit einfachen Worten ein konkretes Problem schildern, z. B. einen Wasserschaden, Probleme mit der Heizung, bzw. kann als Ver- mieter/in oder Hausmeister/in darauf reagieren.
156	12	WOHNEN 155	12.3 KOMMUNIKATION ZWISCHEN MIETERN UND VERWALTERN, VERMIETERN	12.3.1 MITTEILUNGEN VERSTEHEN UND DARAUF REAGIEREN, MITTEILUNGEN MACHEN	B1	schreiben	Kann sich mit einfachen Worten schriftlich beim Vermieter oder Hausmeister beschweren, z. B. wegen einer ausstehenden Reparatur der Heizung.
156	12	WOHNEN 155	12.3 KOMMUNIKATION ZWISCHEN MIETERN UND VERWALTERN, VERMIETERN	12.3.1 MITTEILUNGEN VERSTEHEN UND DARAUF REAGIEREN, MITTEILUNGEN MACHEN	B1	schreiben	Kann auf schriftliche Beschwerden von Mieterinnen/Mietern angemessenen reagieren.
156	12	WOHNEN 155	12.3 KOMMUNIKATION ZWISCHEN MIETERN UND VERWALTERN, VERMIETERN	12.3.1 MITTEILUNGEN VERSTEHEN UND DARAUF REAGIEREN, MITTEILUNGEN MACHEN	A2	am Gespräch teilnehmen	Kann Reparaturaufträge erteilen/annehmen.
156	12	WOHNEN 155	12.3 KOMMUNIKATION ZWISCHEN MIETERN UND VERWALTERN, VERMIETERN	12.3.1 MITTEILUNGEN VERSTEHEN UND DARAUF REAGIEREN, MITTEILUNGEN MACHEN	A2	lesen	Kann schriftliche Ankündigungen verstehen, z. B. von Terminen für Zählerablesung.
156	12	WOHNEN 155	12.3 KOMMUNIKATION ZWISCHEN MIETERN UND VERWALTERN, VERMIETERN	12.3.1 MITTEILUNGEN VERSTEHEN UND DARAUF REAGIEREN, MITTEILUNGEN MACHEN	A2	schreiben	Kann nach dem Umzug in einem einfachen formlosen Schreiben eine neue Adresse mitteilen, z. B. Ämtern, Banken.
156	12	WOHNEN 155	12.3 KOMMUNIKATION ZWISCHEN MIETERN UND VERWALTERN, VERMIETERN	12.3.1 MITTEILUNGEN VERSTEHEN UND DARAUF REAGIEREN, MITTEILUNGEN MACHEN	B1	am Gespräch teilnehmen	Kann telefonisch mit einfachen Worten Änderungen der Adresse oder Änderungen in gewünschten Leistungen mitteilen bzw. erfragen, z. B. Telefontarife, Rundfunkgebühren.
156	12	WOHNEN 155	12.3 KOMMUNIKATION ZWISCHEN MIETERN UND VERWALTERN, VERMIETERN	12.3.2 VORSCHRIFTEN/REGELUNGEN VERSTEHEN	A1	lesen	Kann die wichtigsten Informationen der Hausordnung verstehen, z. B. Ruhezeiten, Hinweise auf Müllentsorgung.
156	12	WOHNEN 155	12.3 KOMMUNIKATION ZWISCHEN MIETERN UND VERWALTERN, VERMIETERN	12.3.2 VORSCHRIFTEN/REGELUNGEN VERSTEHEN	A1	lesen	Kann Warnhinweise und Hinweisschilder in einem Mietshaus verstehen, z. B. zu Fluchtweg.
156	12	WOHNEN 155	12.3 KOMMUNIKATION ZWISCHEN MIETERN UND VERWALTERN, VERMIETERN	12.3.2 VORSCHRIFTEN/REGELUNGEN VERSTEHEN	A1	am Gespräch teilnehmen	Kann sich über wichtige informelle Absprachen innerhalb der Hausgemeinschaft informieren.
157	12	WOHNEN 157		12.3.3 FORMULARE AUSFÜLLEN	A1	schreiben	Kann in einem Formular die wichtigsten persönlichen Daten ein- tragen, z. B. in einem Meldeschein oder Nachsendeantrag Name, Adresse, Nationalität.
157	12	WOHNEN 157	12.4 KOMMUNIKATION MIT NACHBARN	12.4.1 SICH INFORMIEREN UND AUSKÜNFTE GEBEN	A1	am Gespräch teilnehmen	Kann sich bei den anderen Hausbewohnern als neuer Mieter vorstellen.
157	12	WOHNEN 157	12.4 KOMMUNIKATION MIT NACHBARN	12.4.1 SICH INFORMIEREN UND AUSKÜNFTE GEBEN	A2	am Gespräch teilnehmen	Kann sich mit anderen Hausbewohnern mit einfachen Mitteln über die Wohnsituation austauschen.
157	12	WOHNEN 157	12.4 KOMMUNIKATION MIT NACHBARN	12.4.1 SICH INFORMIEREN UND AUSKÜNFTE GEBEN	A2	am Gespräch teilnehmen	Kann Mitbewohner nach Regelungen und deren Erläuterung bzw. nach Gepflogenheiten im Haus fragen.
157	12	WOHNEN 157	12.4 KOMMUNIKATION MIT NACHBARN	12.4.2 MITTEILUNGEN VERSTEHEN UND DARAUF REAGIEREN, MITTEILUNGEN MACHEN	A1	lesen	Kann die wesentlichen Informationen einer Mitteilung eines Hausbewohners am Schwarzen Brett verstehen, z. B. Einladung zu einer Hausparty.
157	12	WOHNEN 157	12.4 KOMMUNIKATION MIT NACHBARN	12.4.2 MITTEILUNGEN VERSTEHEN UND DARAUF REAGIEREN, MITTEILUNGEN MACHEN	A2	schreiben	Kann einfache und kurze Mitteilungen für Mitbewohner verfas- sen, z. B. Ankündigung einer vorübergehenden Belästigung.
157	12	WOHNEN 157	12.4 KOMMUNIKATION MIT NACHBARN	12.4.2 MITTEILUNGEN VERSTEHEN UND DARAUF REAGIEREN, MITTEILUNGEN MACHEN	A2	am Gespräch teilnehmen	Kann Nachbarn eine vorauszusehende Belästigung mit einfachen Worten ankündigen und im Voraus um Verständnis bitten.
157	12	WOHNEN 157	12.4 KOMMUNIKATION MIT NACHBARN	12.4.3 UM HILFE BITTEN UND AUF BITTEN REAGIEREN	A1	am Gespräch teilnehmen	Kann mit einfachen Worten Nachbarn um Hilfe bitten, z. B. Blumengießen bei Abwesenheit, Annahme eines Pakets.
157	12	WOHNEN 157	12.4 KOMMUNIKATION MIT NACHBARN	12.4.3 UM HILFE BITTEN UND AUF BITTEN REAGIEREN	A2	am Gespräch teilnehmen	Kann Bitten von Nachbarn verstehen, z. B. um Hilfeleistung, Ruhe, und darauf reagieren.
