level	lemma	article	entry	examples	page
A1	ab		ab	Ab morgen muss ich arbeiten.	9
A1	aber		aber	Ich bin oft im Büro, aber nur für wenige Stunden.	9
A1	abfahren		abfahren	Wir fahren um zwölf Uhr ab.	9
A1	Abfahrt	die	die Abfahrt	Vor der Abfahrt rufe ich an.	9
A1	abgeben		abgeben	Ich muss meine Schlüssel abgeben.	9
A1	abholen		abholen	Wann kann ich den Schrank bei dir abholen? / Wir müssen noch meinen Bruder abholen.	9
A1	Absender	der	der Absender	Da ist ein Brief für dich ohne Absender.	9
A1	Achtung		Achtung	Achtung! Das dürfen Sie nicht tun.	9
A1	Adresse	die	die Adresse,-en	Können Sie mir seine Adresse sagen?	9
A1	all-		all-	Alles Gute! / Das ist alles. / Sind alle da? / Alle Freunde kommen. / Hast du alles?	9
A1	allein		allein	Er kommt allein.	9
A1	also		also	Also, es ist so: ... / Er hat Zeit, also muss er uns helfen.	9
A1	alt		alt	Wie alt sind Sie? / Sie sehen aber nicht so alt aus. / Mein Auto ist schon sehr alt. / Wir wohnen in einem sehr alten Haus. / Köln ist eine alte Stadt.	9
A1	Alter	das	das Alter	Alter: 26 Jahre.	9
A1	an		an	Fahren Sie an der nächsten Straße nach rechts. / Wir treffen uns am Bahnhof. / Am nächsten Montag geht es leider nicht.	9
A1	anbieten		anbieten	Was darf ich dir anbieten?	9
A1	Angebot	das	das Angebot, -e	Heute sind Sportschuhe im Angebot.	9
A1	ander-		ander-	WiIlst du diese Jacke? – Nein, ich möchte die andere.	9
A1	anfangen		anfangen	Hier fängt die Bahnhofstraße an. / Der Unterricht fängt gleich an.	9
A1	Anfang	der	der Anfang	Sie wohnt am Anfang der Straße. / Wir machen Anfang Juli Urlaub.	9
A1	anklicken		anklicken	Da musst du dieses Wort anklicken.	9
A1	ankommen		ankommen	Wann kommt dieser Zug in Hamburg an?	9
A1	Ankunft	die	die Ankunft	Auf diesem Plan steht nur die Ankunft(-szeit) der Züge.	9
A1	ankreuzen		ankreuzen	Auf dem Formular müssen Sie an mehreren Stellen etwas ankreuzen.	9
A1	anmachen		anmachen	Mach bitte das Licht an!	9
A1	anmelden		(sich) anmelden	Wo kann ich mich anmelden?	9
A1	Anmeldung	die	die Anmeldung	Eine Anmeldung für diesen Kurs ist nicht mehr möglich.	9
A1	Anrede	die	die Anrede	Schreiben Sie auch eine Anrede und einen Gruß.	9
A1	anrufen		anrufen	Kann man Sie anrufen? / Peter ruft kurz seine Freundin an.	9
A1	Anruf	der	der Anruf, -e	Sie bekommt viele Anrufe auf ihrem Handy.	9
A1	Anrufbeantworter	der	der Anrufbeantworter	Wir sind im Moment nicht da. Sprechen Sie bitte auf den Anrufbeantworter.	9
A1	Ansage	die	die Ansage, -n	Hören Sie die Ansagen.	10
A1	Anschluss	der	der Anschluss	In Mannheim haben Sie Anschluss nach Saarbrücken. / Ist das die Anmeldung für einen Telefonanschluss?	10
A1	an sein		an sein	Heute Nacht war das Licht an.	10
A1	antworten		antworten	Er antwortet nicht.	10
A1	Antwort	die	die Antwort, -en	Er gibt leider keine Antwort.	10
A1	Anzeige	die	die Anzeige, -n	Ich habe Ihre Anzeige in der Zeitung gelesen.	10
A1	anziehen		(sich) anziehen	Ich muss mich noch anziehen.	10
A1	Apartment	das	das Apartment, -s	Wir haben ein Apartment gemietet.	10
A1	Apfel	der	der Apfel, ¨-	Ein Pfund Äpfel bitte.	10
A1	Appetit	der	der Appetit	Guten Appetit!	10
A1	arbeiten		arbeiten	Wo arbeiten Sie?	10
A1	Arbeit	die	die Arbeit, -en	Mein Bruder sucht Arbeit.	10
A1	arbeitslos		arbeitslos	Es gibt bei uns viele Leute, die schon lange arbeitslos sind.	10
A1	Arbeitsplatz	der	der Arbeitsplatz, ¨-e	An meinem Arbeitsplatz fehlt ein Drucker.	10
A1	Arm	der	der Arm, -e	Mein Arm tut weh.	10
A1	Arzt	der	der Arzt, ¨-e	Morgen habe ich einen Termin bei meiner Ärztin.	10
A1	auch		auch	Ich bin auch Spanier.	10
A1	auf		auf	Die Kinder spielen auf der Straße. / Auf Wiedersehen. / Wie heißt das auf Deutsch?	10
A1	Aufgabe	die	die Aufgabe, -n	Das ist eine schwere Aufgabe.	10
A1	aufhören		aufhören	Der Kurs hört in einer Woche auf. / Hier hört die Bahnhofstraße auf.	10
A1	auf sein		auf sein	Du brauchst den Schlüssel nicht. Die Wohnung ist auf.	10
A1	aufstehen		aufstehen	Ich muss immer um vier Uhr aufstehen. / Soll ich aufstehen?	10
A1	Aufzug	der	der Aufzug, -ü, e	In diesem Haus gibt es keinen Aufzug.	10
A1	Auge	das	das Auge, -n	Er hat blaue Augen.	10
A1	aus		aus	Er kommt aus Brasilien.	10
A1	Ausflug	der	der Ausflug	Morgen machen wir einen Ausflug nach Heidelberg.	10
A1	ausfüllen		ausfüllen	Füllen Sie bitte dieses Formular aus.	10
A1	Ausgang	der	der Ausgang	Wo ist der Ausgang?	10
A1	Auskunft	die	die Auskunft, -ü, e	Können Sie mir eine Auskunft geben?	10
A1	Ausland	das	das Ausland	Fahren Sie ins Ausland?	10
A1	Ausländer	der	der Ausländer, -	SInd Sie Ausländerin?	10
A1	ausländisch		ausländisch	Leider habe ich nur ausländisches Geld.	10
A1	ausmachen		ausmachen	Mach bitte das Licht aus!	10
A1	Aussage	die	die Aussage, -n	Ist die Aussage richtig oder falsch?	10
A1	aussehen		aussehen	Das sieht schön aus.	10
A1	aus sein		aus sein	Das Licht ist aus. / Die Schule ist aus.	10
A1	aussteigen		aussteigen	Wo muss ich aussteigen?	10
A1	Ausweis	der	der Ausweis	Hier ist mein Ausweis.	10
A1	ausziehen		(sich) ausziehen	Zieh die Schuhe aus, bitte!	10
A1	Auto	das	das Auto, -s	Er kommt mit dem Auto.	10
A1	Autobahn	die	die Autobahn, -en	Wo geht‘s hier bitte zur Autobahn?	10
A1	Automat	der	der Automat	Die Fahrkarten gibt es nur am Automaten.	10
A1	automatisch		automatisch	Du musst nichts machen. Das geht automatisch.	10
A1	Baby	das	das Baby, -s	Mein Kind ist noch ein Baby.	11
A1	Bäckerei	die	die Bäckerei	Ich geh mal schnell zur Bäckerei.	11
A1	Bad	das	das Bad	Wir haben kein großes Bad.	11
A1	baden		baden	Ich bade nicht so gern, ich dusche lieber.	11
A1	Bahn	die	die Bahn	Wir fahren lieber mit der Bahn. / Ich nehme die nächste Bahn.	11
A1	Bahnhof	der	der Bahnhof	Komme ich hier zum Bahnhof?	11
A1	Bahnsteig	der	der Bahnsteig	Auf welchem Bahnsteig fährt der Zug?	11
A1	bald		bald	Ich komme bald.	11
A1	Balkon	der	der Balkon	Die Wohnung hat auch einen kleinen Balkon.	11
A1	Banane	die	die Banane, -n	Drei Bananen, bitte!	11
A1	Bank	die	die Bank	Die Bank schließt schon um vier Uhr. / Er sitzt im Park auf einer Bank und liest.	11
A1	bar		bar	Muss ich bar zahlen oder geht‘s auch mit Karte?	11
A1	Bauch	der	der Bauch	Seit gestern tut mir der Bauch weh.	11
A1	Baum	der	der Baum, ¨-e	Vorsicht, fahr nicht an den Baum!	11
A1	Beamte	der	der Beamte, -n	Fragen Sie die Beamtin an Schalter acht!	11
A1	bedeuten		bedeuten	Was bedeutet das Wort?	11
A1	beginnen		beginnen	Das Spiel beginnt um 15.30 Uhr.	11
A1	bei		bei	Offenbach liegt bei Frankfurt. / Ich wohne bei meinen Eltern. / Bei uns regnet es heute. / Er arbeitet bei der Polizei.	11
A1	beide		beide	Beide Eltern arbeiten. / Wir kommen beide.	11
A1	Bein	das	das Bein, -e	Mein rechtes Bein tut weh.	11
A1	Beispiel	das	das Beispiel, -e	Kannst du mir ein Beispiel sagen?	11
A1	zum Beispiel/z. B.		zum Beispiel/z. B.	Viele meiner Verwandten, z. B. meine beiden Brüder, arbeiten auch hier.	11
A1	bekannt		bekannt	Picasso ist sehr bekannt.	11
A1	Bekannte	der/die	der/die Bekannte, -n	Ein Bekannter von mir heißt Klaus.	11
A1	bekommen		bekommen	Haben Sie meinen Brief bekommen? / Was bekommen Sie? / Dieses Medikament bekommen Sie in der Apotheke.	11
A1	benutzen		benutzen	Die Aufzüge bitte nicht benutzen!	11
A1	Beruf	der	der Beruf, -e	Was sind Sie von Beruf? / Was ist Ihr Beruf?	11
A1	besetzt		besetzt	Die Nummer ist immer besetzt. / Der Platz ist besetzt.	11
A1	besichtigen		besichtigen	Ich möchte gern den Dom besichtigen.	11
A1	besser		besser	Es geht mir schon besser.	11
A1	best-		best-	Am besten treffen wir uns morgen.	11
A1	bestellen		bestellen	Wir möchten bestellen, bitte. / Dieses Buch haben wir nicht – sollen wir es für Sie bestellen?	11
A1	besuchen		besuchen	Darf ich dich besuchen?	11
A1	Bett	das	das Bett, -en	Wir brauchen noch ein Kinderbett.	11
A1	bezahlen		bezahlen	Wo muss ich bezahlen?	11
A1	Bier	das	das Bier	Noch ein Bier bitte.	11
A1	Bild	das	das Bild, -er	Hast du ein Bild von deinem Sohn?	11
A1	billig		billig	Die Jacke kostet nur 10 Euro! Die ist aber billig!	11
A1	Birne	die	die Birne, -n	Ein Kilo Birnen, bitte!	12
A1	bis		bis	Ich fahre nur bis Stuttgart. / Ich warte bis morgen.	12
A1	bisschen		bisschen	Ich spreche Englisch, Französisch und ein bisschen Deutsch.	12
A1	bitte		bitte	Eine Tasse Kaffee, bitte! / Sprechen Sie bitte leise!	12
A1	Bitte	die	die Bitte, -n	Ich habe noch eine Bitte.	12
A1	bitten		bitten	Darf ich Sie um etwas bitten?	12
A1	bitter		bitter	Der Kaffee schmeckt bitter.	12
A1	bleiben		bleiben	Ich bleibe heute zu Hause. / Wir bleiben nur bis morgen.	12
A1	Bleistift	der	der Bleistift, -e	Hast du einen Bleistift?	12
A1	Blick	der	der Blick	Von diesem Hotel hat man einen guten Blick auf den Rhein.	12
A1	Blume	die	die Blume, -n	Gefallen dir die Blumen?	12
A1	Bogen	der	der Bogen	Schreiben Sie Ihre Lösungen bitte auf den Antwortbogen.	12
A1	böse		böse	Sie ist böse auf mich.	12
A1	brauchen		brauchen	Brauchst du die Zeitung noch?	12
A1	breit		breit	Wie breit ist der Schrank?	12
A1	Brief	der	der Brief, -e	Haben Sie einen Brief für mich?	12
A1	Briefmarke	die	die Briefmarke, -n	Kaufst du bitte Briefmarken bei der Post.	12
A1	bringen		bringen	Bringen Sie mir bitte noch einen Kaffee! / Wir müssen ihn zum Arzt bringen.	12
A1	Brot	das	das Brot, -e	Haben Sie auch Weißbrot? / Nimm noch ein paar Brote für die Fahrt mit.	12
A1	Brötchen	das	das Brötchen, –	Möchtest du Brötchen zum Frühstück?	12
A1	Bruder	der	der Bruder, -ü	Sein Bruder arbeitet auch hier.	12
A1	Buch	das	das Buch, -ü, er	Gute Bücher sind oft sehr teuer. / In diesem Wörterbuch finden Sie mehr als 20.000 Wörter.	12
A1	Buchstabe	der	der Buchstabe, -n	Diesen Buchstaben gibt es in meiner Sprache nicht.	12
A1	buchstabieren		buchstabieren	Bitte buchstabieren Sie Ihren Namen.	12
A1	Bus	der	der Bus, -se	Wann kommt der nächste Bus?	12
A1	Butter	die	die Butter	Für mich bitte ein Brötchen mit Butter und Käse.	12
A1	Café	das	das Café, -s	Sollen wir uns im Café treffen?	12
A1	CD	die	die CD, -s	Bring bitte deine Lieblings-CD mit.	12
A1	Chef	der	der Chef	Wir haben eine neue Chefin.	12
A1	circa/ca.		circa/ca.	Von Mainz nach Frankfurt sind es circa fünfzig Kilometer.	12
A1	Computer	der	der Computer, –	Wann bekommst du deinen neuen Computer?	12
A1	da		da	Da hinten ist er ja. / Wir sprechen gerade über Paul. Da kommt er ja gerade. / Ich nehme das da. / Ist Herr Klein schon da?	12
A1	Dame	die	die Dame, -n	Damen (an der Toilette) / Sehr geehrte Damen und Herren!	12
A1	daneben		daneben	Du kennst doch die Post. Daneben ist die Bank.	13
A1	danken		danken	Ich danke Ihnen für die Einladung.	13
A1	Dank	der	der Dank	Vielen Dank! / Herzlichen Dank!	13
A1	danke		danke	Soll ich Ihnen helfen? - Nein, danke!	13
A1	dann		dann	Ich muss noch schnell zur Post, dann komme ich.	13
A1	Datum	das	das Datum	Bitte schreiben Sie noch das Datum auf das Formular.	13
A1	dauern		dauern	Wie lange dauert der Film?	13
A1	dein-		dein-	Ist das dein Auto? / Ist das deins?	13
A1	denn		denn	Ich kann nicht kommen, denn ich bin krank.	13
A1	der		der, die, das	Ich nehme das da. / Hier ist der Brief, den du suchst. / Die Fahrkarte bekommst du am Bahnhof.	13
A1	dich		dich	Die Blumen sind für dich.	13
A1	dies-		dies-	Ich nehme lieber diesen Kuchen.	13
A1	dir		dir	Gefallen dir die Blumen?	13
A1	Disco	die	die Disco	Heute abend gehen wir in die Disco tanzen.	13
A1	Doktor	der	der Doktor	Meine Tochter ist krank. Wir gehen zum Doktor.	13
A1	Doppelzimmer	das	das Doppelzimmer	Wollen Sie ein Doppelzimmer oder ein Einzelzimmer?	13
A1	Dorf	das	das Dorf, -ö, er	Meine Familie lebt in einem Dorf.	13
A1	dort		dort, -her, -hin	Deine Tasche kannst du dorthin stellen. / Dort ist unser Haus.	13
A1	draußen		draußen	Wollen wir draußen sitzen?	13
A1	drucken		drucken	Bitte drucke das Formular für mich.	13
A1	Drucker	der	der Drucker, –	Mein Drucker ist kaputt.	13
A1	drücken		drücken	Drück hier, dann geht der Computer an.	13
A1	durch		durch	Am besten gehen Sie durch die Breite Straße.	13
A1	Durchsage	die	die Durchsage, -n	Ich habe die Durchsage nicht verstanden.	13
A1	dürfen		dürfen	Sie dürfen hier nicht rauchen. / Darf ich Sie zu einem Kaffee einladen? / Es darf nicht mehr als 15 Euro kosten.	13
A1	Durst	der	der Durst	Hast du etwas zu trinken? Ich habe großen Durst.	13
A1	duschen		(sich) duschen	Ich bade nicht so gern, ich dusche lieber.	13
A1	Dusche	die	die Dusche	Unsere Wohnung hat nur eine Dusche.	13
A1	Ecke	die	die Ecke, -n	An der nächsten Ecke links.	13
A1	Ehefrau	die	die Ehefrau, -en/ der Ehemann, ä, er	Das ist mein (Ehe-) Mann/meine (Ehe-) Frau.	13
A1	Ei	das	das Ei, -er	Möchtest du ein Ei zum Frühstück?	13
A1	eilig		eilig	Hast du es eilig?	13
A1	ein-		ein-	Ich nehme ein Bier. Willst du auch eins? / Ist hier einer, der das kann?	13
A1	einfach		einfach	Die Prüfung ist ganz einfach. / Hin und zurück? – Nein, bitte nur einfach. / Ich brauche nur ein einfaches Zimmer.	13
A1	Eingang	der	der Eingang	Der Eingang ist um die Ecke.	13
A1	einkaufen		einkaufen	Ich muss noch für morgen einkaufen.	13
A1	einladen		einladen	Darf ich Sie zu einem Kaffee einladen?	13
A1	Einladung	die	die Einladung	Danke für die Einladung!	13
A1	einmal		einmal	Diese Prüfung mache ich nicht noch einmal.	14
A1	einsteigen		einsteigen	Schnell, steig ein, der Zug fährt gleich.	14
A1	Eintritt	der	der Eintritt	Der Preis für den Eintritt ist 5 Euro.	14
A1	Einzelzimmer	das	das Einzelzimmer	Haben Sie noch ein Einzelzimmer?	14
A1	Eltern	die	die Eltern (pl.)	Meine Eltern leben in Spanien.	14
A1	E-Mail	die	die E-Mail, -s	Ich habe Ihre E-Mail nicht bekommen.	14
A1	Empfänger	der	der Empfänger, –	Auf dem Brief steht dein Name, also bist du der Empfänger.	14
A1	empfehlen		empfehlen	Welchen Wein können Sie mir empfehlen?	14
A1	enden		enden	Die Straße endet hier.	14
A1	Ende	das	das Ende	Sie wohnt am Ende der Straße. / Er bekommt sein Geld am Ende des Monats.	14
A1	entschuldigen		entschuldigen	Entschuldigen Sie bitte!	14
A1	Entschuldigung	die	die Entschuldigung	Entschuldigung! – Bitte.	14
A1	er		er	Er heißt Ali.	14
A1	Ergebnis	das	das Ergebnis, -se	Das Ergebnis des Tests bekommen Sie in zwei Wochen.	14
A1	erklären		erklären	Kannst du mir das erklären?	14
A1	erlauben		erlauben	Rauchen ist hier nicht erlaubt.	14
A1	Erwachsene	der	der Erwachsene, -n	Dieser Film ist nur für Erwachsene.	14
A1	erzählen		erzählen	Wir müssen euch etwas erzählen!	14
A1	es		es	Es regnet.	14
A1	essen		essen	Was gibt es zu essen?	14
A1	Essen	das	das Essen	Das Essen ist heute sehr gut.	14
A1	euer		euer	Euer Kurs beginnt heute.	14
A1	fahren		fahren	Ich fahre mit dem Auto zur Arbeit.	14
A1	Fahrer	der	der Fahrer	Bitte nicht mit dem Fahrer sprechen!	14
A1	Fahrkarte	die	die Fahrkarte, -n	Hast du schon eine Fahrkarte?	14
A1	Fahrrad	das	das Fahrrad, ¨-er	Fährst du mit dem Fahrrad oder mit dem Auto?	14
A1	falsch		falsch	Das ist falsch.	14
A1	Familie	die	die Familie, -n	Meine Familie lebt in Spanien.	14
A1	Familienname	der	der Familienname	Meine Familiennamen sind García González.	14
A1	Familienstand	der	der Familienstand	Bei „Familienstand“ musst du „ledig“ ankreuzen.	14
A1	Farbe	die	die Farbe, -n	Die Farbe gefällt mir gut.	14
A1	Fax	das	das Fax, -e	Schicken Sie uns einfach ein Fax!	14
A1	Feier-		Feier-	z. B. Feierabend, Feiertag Am Montag ist Feiertag.	14
A1	feiern		feiern	Wir feiern heute meinen Geburtstag.	14
A1	fehlen		fehlen	Herr Müller ist nicht da, er fehlt schon seit drei Tagen. / Was fehlt Ihnen?	14
A1	Fehler	der	der Fehler, –	Diesen Fehler mache ich immer.	14
A1	fernsehen		fernsehen	Wollen wir heute Abend mal fernsehen?	14
A1	fertig		fertig	Bist du fertig? / Ist mein Auto schon fertig?	14
A1	Feuer	das	das Feuer	Haben Sie Feuer?	14
A1	Fieber	das	das Fieber	Mein Mann hat noch immer Fieber.	14
A1	Film	der	der Film, -e	Ich möchte gern diesen Film sehen.	14
A1	finden		finden	Wir müssen den Schlüssel finden.	14
A1	Firma	die	die Firma	Er arbeitet jetzt bei einer anderen Firma.	14
A1	Fisch	der	der Fisch, -e	Ich esse gern Fisch. Fleisch mag ich nicht.	14
A1	Flasche	die	die Flasche, -n	Eine Flasche Bier, bitte.	15
A1	Fleisch	das	das Fleisch	Fleisch mag ich nicht.	15
A1	fliegen		fliegen	Ich fliege nicht gern. Deshalb fahre ich mit dem Zug.	15
A1	abfliegen		abfliegen	Wann fliegst du ab?	15
A1	Abflug	der	der Abflug	Der Abflug ist um 11.20 Uhr.	15
A1	Flughafen	der	der Flughafen	Kannst du mich zum Flughafen bringen?	15
A1	Flugzeug	das	das Flugzeug	Das Flugzeug aus Berlin kommt heute später an.	15
A1	Formular	das	das Formular, -e	Sie müssen dieses Formular ausfüllen.	15
A1	Foto	das	das Foto, -s	Darf ich ein Foto machen?	15
A1	fragen		fragen	Er möchte Sie etwas fragen. Wann kommen Sie?	15
A1	Frage	die	die Frage, -n	Ich habe eine Frage.	15
A1	Frau	die	die Frau, -en	Das ist Frau Becker. / Guten Tag, Frau Schmitt! / Hier arbeiten mehr Frauen als Männer.	15
A1	frei		frei	Ist der Platz noch frei?	15
A1	Freizeit	die	die Freizeit	In meiner Freizeit spiele ich oft Fußball.	15
A1	fremd		fremd	Das weiß ich nicht; ich bin fremd hier.	15
A1	freuen		(sich) freuen	Ich freue mich auf den Urlaub.	15
A1	Freund	der	der Freund, -e	Das ist ein Freund von mir. / Das ist meine Freundin.	15
A1	früher		früher	Früher waren wir oft zusammen im Kino.	15
A1	frühstücken		frühstücken	Am Sonntag frühstücke ich gern im Bett.	15
A1	Frühstück	das	das Frühstück	Möchtest du ein Ei zum Frühstück?	15
A1	Führung	die	die Führung	Die Führung durch das Haus beginnt in 3 Minuten.	15
A1	für		für	Das ist für Sie. / Das ist der Schlüssel für die Haustür. / Das ist das Brot für morgen.	15
A1	Fuß	der	der Fuß, -ü, e	Der linke Fuß tut mir weh.	15
A1	Fußball	der	der Fußball	Spielt ihr gerne Fußball?	15
A1	Garten	der	der Garten	Wir haben leider keinen Garten.	15
A1	Gast	der	der Gast, ¨-e	Am Wochenende haben wir mehrere Gäste.	15
A1	geben		geben	Kannst du mir bitte deinen Kugelschreiber geben? / Es gibt keine Karten mehr.	15
A1	geboren		geboren	Ich bin in Zagreb geboren.	15
A1	Geburtsjahr	das	das Geburtsjahr	Das Geburtsjahr Ihres Sohnes, bitte?	15
A1	Geburtsort	der	der Geburtsort	Bitte schreiben Sie Ihren Geburtsort auf das Formular.	15
A1	Geburtstag	der	der Geburtstag	Herzlichen Glückwunsch zum Geburtstag!	15
A1	gefallen		gefallen	Das gefällt mir.	15
A1	gegen		gegen	Fahr nicht gegen den Baum! / Ich bin gegen diese Lösung. / Wer spielt gegen wen?	15
A1	gehen		gehen	Ich weiß nicht, wie das geht. / Wie geht‘s? / Jetzt muss ich (aber) leider gehen. / Ich muss zum Arzt gehen. / Das geht nicht!	15
A1	gehören		gehören	Wem gehört das?	15
A1	Geld	das	das Geld	Hast du noch Geld?	15
A1	Gemüse	das	das Gemüse	Gemüse brauchen wir auch noch.	15
A1	Gepäck	das	das Gepäck	Wollen Sie Ihr Gepäck mitnehmen?	16
A1	gerade		gerade	Da kommt er ja gerade.	16
A1	geradeaus		geradeaus	Gehen Sie immer geradeaus!	16
A1	gern(e)		gern(e)	Ich gehe gerne einkaufen.	16
A1	Geschäft	das	das Geschäft, -e	Die Geschäfte schließen um 18.30 Uhr.	16
A1	Geschenk	das	das Geschenk, -e	Danke für das schöne Geschenk.	16
A1	Geschwister	die	die Geschwister (pl.)	Ich habe leider keine Geschwister.	16
A1	Gespräch	das	das Gespräch, -e	Das Gespräch mit Frau Kunz ist um 14 Uhr.	16
A1	gestern		gestern	Gestern war ich krank.	16
A1	gestorben		gestorben	Meine Frau ist gestern gestorben.	16
A1	Getränk	das	das Getränk, -e	Mein Lieblingsgetränk ist Tomatensaft.	16
A1	Gewicht	das	das Gewicht	Bei „Gewicht“ schreibst du: 62 Kilo.	16
A1	gewinnen		gewinnen	Wer gewinnt das Spiel?	16
A1	Glas	das	das Glas, ¨-er	Bitte noch ein Glas Wein! / Wir brauchen noch drei Gläser.	16
A1	glauben		glauben	Sie können mir glauben, es ist so. / Ich glaube, er kommt gleich.	16
A1	gleich		gleich	Das ist mir gleich. / Das ist der gleiche Preis. / Ich komme gleich.	16
A1	Gleis	das	das Gleis, -e	Der ICE nach Berlin hält heute an Gleis 12.	16
A1	Glück	das	das Glück	Viel Glück!	16
A1	glücklich		glücklich	Meine Kinder sind glücklich verheiratet.	16
A1	Glückwunsch	der	der Glückwunsch	Herzlichen Glückwunsch zum Geburtstag.	16
A1	Grad		Grad (Celsius)	Heute haben wir dreißig Grad.	16
A1	gratulieren		gratulieren	Ich gratuliere dir!	16
A1	grillen		grillen	Heute grillen wir im Garten.	16
A1	groß		groß	Mein Bruder und ich sind gleich groß. / Frankfurt ist eine große Stadt.	16
A1	Größe	die	die Größe	Haben Sie das auch in Größe 40?	16
A1	Großeltern	die	die Großeltern (pl.)	Meine Großeltern leben in Japan.	16
A1	Großmutter	die	die Großmutter	Meine Großmutter heißt Eva.	16
A1	Großvater	der	der Großvater	Mein Großvater ist schon 80.	16
A1	Gruppe	die	die Gruppe, -n	Die erste Gruppe beginnt um 16 Uhr.	16
A1	Gruß	der	der Gruß, -ü, e	Viele Grüße an Ihre Frau. / Mit freundlichen Grüßen	16
A1	gültig		gültig	Der Pass ist nicht mehr gültig.	16
A1	günstig		günstig	Dort gibt es günstige Angebote.	16
A1	gut		gut	Das finde ich gut. / Ich komme um 13 Uhr. – Gut! / Guten Morgen! / Ein gutes neues Jahr! / Guten Appetit!	16
A1	Haar	das	das Haar, -e	Sie hat lange Haare.	16
A1	haben		haben	Ich habe ein neues Auto.	16
A1	Hähnchen	das	das Hähnchen, -	Ein Hähnchen mit Pommes bitte!	16
A1	Halbpension	die	die Halbpension	Möchten Sie Vollpension oder Halbpension?	16
A1	Halle	die	die Halle	Wir treffen uns in Halle B	16
A1	hallo		hallo	Hallo Inge! Wie geht’s?	16
A1	halten		halten	Dieser Zug hält nicht in Rüdesheim.	17
A1	Haltestelle	die	die Haltestelle	An der nächsten Haltestelle müssen Sie aussteigen.	17
A1	Hand	die	die Hand, ¨-e	Er gibt mir die Hand.	17
A1	Handy	das	das Handy, -s	In der Schule bitte die Handys ausmachen!	17
A1	Haus	das	das Haus, ¨-er	In welchem Haus wohnst du? / Ich gehe jetzt nach Hause. / Paul ist nicht zu Hause.	17
A1	Hausaufgabe	die	die Hausaufgabe,-n	Kannst du mir bei den Hausaufgaben helfen?	17
A1	Hausfrau	die	die Hausfrau, -en/ der Hausmann	Die Hausfrau/der Hausmann wäscht, kocht und kauft ein.	17
A1	Heimat	die	die Heimat	Ich komme aus der Schweiz. Das ist meine Heimat.	17
A1	heiraten		heiraten	Meine Schwester heiratet einen Japaner.	17
A1	heißen		heißen	Ich heiße Charlotte Meier. / Wie heißt das auf Deutsch?	17
A1	helfen		helfen	Können Sie mir helfen, bitte?	17
A1	hell		hell	Im Sommer ist es bis 21 Uhr hell.	17
A1	Herd	der	der Herd	In der neuen Küche fehlt noch der Herd.	17
A1	Herr	der	der Herr, -en	Guten Tag, Herr Sommer!	17
A1	herzlich		herzlich	Herzlichen Glückwunsch!	17
A1	heute		heute	Heute ist ein schöner Tag.	17
A1	hier		hier	Hier ist 06131-553221, Pamela Linke. / Hier wohne ich.	17
A1	Hilfe	die	die Hilfe	Hilfe! Bitte helfen Sie mir! / Brauchen Sie meine Hilfe?	17
A1	hinten		hinten	Die Tür zum Aussteigen ist hinten.	17
A1	Hobby	das	das Hobby, -s	Meine Hobbys sind Wandern und Schwimmen.	17
A1	hoch		hoch	Der Mount Everest ist 8.880 Meter hoch.	17
A1	Hochzeit	die	die Hochzeit	Zur dieser Hochzeit kommen mehr als fünfzig Gäste.	17
A1	holen		holen	Ich hole zwei Flaschen Wasser aus der Küche.	17
A1	hören		hören	Hör mal! Was ist das? / Ich habe das Lied schon mal gehört.	17
A1	Hotel	das	das Hotel, -s	Im Urlaub sind wir in einem Hotel am Meer.	17
A1	Hund	der	der Hund, -e	Der Hund ist noch jung.	17
A1	Hunger	der	der Hunger	Ich habe Hunger! Wann ist das Essen fertig?	17
A1	ich		ich	Ich heiße Veronika.	17
A1	ihr/ihm/ihn		ihr/ihm/ihn	Gib ihr/ihm bitte das Buch. / Ruf ihn bitte an.	17
A1	immer		immer	Frau Bast kommt immer zu spät.	17
A1	in		in	Ich wohne in Wiesbaden. / Der Zug kommt in fünf Minuten. / Frau Rausch arbeitet in einem Geschäft. / Komm, wir gehen ins Kino.	17
A1	Information	die	die Information, -en	Wenn Sie Fragen haben, gehen Sie zur Information. / Wir haben hier wichtige Informationen für Sie.	17
A1	international		international	Unser Deutschkurs ist international: Silvana kommt aus Italien, Conchi aus Spanien, Yin aus China ...	17
A1	Internet	das	das Internet	Das findest du im Internet.	17
A1	ja		ja	Sind Sie Herr Watanabe? – Ja.	18
A1	Jacke	die	die Jacke, -n	Zieh dir eine Jacke an. Es ist kalt.	18
A1	jed-		jed-	Blumen kannst du in jedem Bahnhof kaufen.	18
A1	jetzt		jetzt	Jetzt machen wir eine Pause.	18
A1	Job	der	der Job, -s	Jenny hat einen neuen Job bei der Post.	18
A1	Jugendliche	der	der Jugendliche, -n	Viele Jugendliche kaufen gern ein.	18
A1	jung		jung	Claudia ist 21. – Was? Noch so jung?	18
A1	Junge	der	der Junge, -n	Ich habe zwei Kinder. Einen Jungen und ein Mädchen.	18
A1	Kaffee	der	der Kaffee	Zum Frühstück trinke ich immer Kaffee.	18
A1	kaputt		kaputt	Das Glas war teuer. Es geht sehr leicht kaputt.	18
A1	Karte	die	die Karte, -n	Ich schreibe meinen Bekannten eine Karte aus dem Urlaub. / Wollen wir Karten spielen? / Ich möchte auch etwas essen. Bringen Sie mir die Karte, bitte.	18
A1	(Kredit)-Karte		(Kredit)-Karte, -n	Kann ich auch mit Karte (be-) zahlen?	18
A1	Kartoffel	die	die Kartoffel, -n	Für Pommes frites braucht man Kartoffeln.	18
A1	Kasse	die	die Kasse	Zahlen Sie bitte an der Kasse.	18
A1	kaufen		kaufen	Tim kauft sich ein neues Auto.	18
A1	kein		kein	Es gibt keine Eintrittskarten mehr.	18
A1	kennen		kennen	Kennen Sie diese Frau? – Nein, leider nicht.	18
A1	kennenlernen		kennenlernen	Wir sind neu hier. Wir möchten Sie kennenlernen.	18
A1	Kind	das	das Kind, -er	Wie viele Kinder haben Sie?	18
A1	Kindergarten	der	der Kindergarten	Die kleine Laura geht schon in den Kindergarten.	18
A1	Kino	das	das Kino, -s	Wir sehen heute Abend im Kino einen schönen Film.	18
A1	Kiosk	der	der Kiosk	Am Kiosk bekommen Sie Getränke, Zigaretten und Zeitungen.	18
A1	klar		klar	Kommst du mit? – Klar!	18
A1	Klasse	die	die Klasse	In unserer Klasse sind fünfundzwanzig Schüler. / Im Zug fahre ich immer 2. Klasse.	18
A1	Kleidung	die	die Kleidung	Wo finde ich Kleidung? – Jacken im ersten, Jeans im zweiten Stock.	18
A1	klein		klein	Eltville ist eine kleine Stadt am Rhein.	18
A1	kochen		kochen	Herr Georgi kann gut kochen.	18
A1	Koffer	der	der Koffer, –	Ist das Ihr Koffer?	18
A1	Kollege	der	der Kollege, -n	Wie heißt die neue Kollegin?	18
A1	kommen		kommen	Woher kommen Sie? – Aus Frankreich. / Kommst du mit ins Schwimmbad?	18
A1	können		können	Ich kann Deutsch und Russisch. / Können Sie mir helfen?	18
A1	Konto	das	das Konto	Das Geld überweisen wir am ersten März auf Ihr Konto.	18
A1	Kopf	der	der Kopf	Mein Kopf tut weh!	18
A1	kosten		kosten	Wie viel kostet das? – 10 Euro.	18
A1	krank		krank	Ich kann heute nicht zur Arbeit kommen, ich bin krank und liege im Bett.	18
A1	kriegen		kriegen	Ich kriege 15 Euro in der Stunde für meine Arbeit.	18
A1	Küche	die	die Küche	Der neue Herd kommt in die Küche.	18
A1	Kuchen	der	der Kuchen	Ich nehme ein Stück Kuchen.	18
A1	Kugelschreiber	der	der Kugelschreiber	Hast du einen Kugelschreiber für mich?	19
A1	Kühlschrank	der	der Kühlschrank	Haben wir noch Milch? – Ja, im Kühlschrank.	19
A1	kulturell		kulturell	Ich bin kulturell interessiert. Ich gehe oft ins Museum.	19
A1	kümmern		sich kümmern	Jede Mutter kümmert sich um ihre kleinen Kinder.	19
A1	Kunde	der	der Kunde, -n	Einen Moment, bitte. Ich habe eine Kundin.	19
A1	Kurs	der	der Kurs, -e	Der Deutschkurs geht bis zum Sommer.	19
A1	kurz		kurz	Ricardo hat kurzes Haar.	19
A1	lachen		lachen	Die Kinder lachen viel.	19
A1	Laden	der	der Laden, ¨-	Im Buchladen können Sie Bücher kaufen.	19
A1	Land	das	das Land, ¨-er	Italien ist ein schönes Land.	19
A1	lang		lang	Die Jeans ist zu lang.	19
A1	lange		lange	Wie lange fährt der Zug von Hamburg nach Berlin?	19
A1	langsam		langsam	Könnten Sie bitte etwas langsamer sprechen?	19
A1	laufen		laufen	Ich möchte nicht Auto fahren, ich möchte laufen.	19
A1	laut		laut	Nicht so laut! Das Baby schläft.	19
A1	leben		leben	Sie lebt bei ihrer Schwester. / Ihre Eltern leben nicht mehr.	19
A1	Leben	das	das Leben	Das Leben in diesem Land ist teuer.	19
A1	Lebensmittel	die	die Lebensmittel (pl.)	Lebensmittel bekommen Sie im Supermarkt.	19
A1	ledig		ledig	Sind Sie verheiratet? – Nein. Ledig.	19
A1	legen		legen	Legen Sie das Buch auf den Tisch.	19
A1	Lehrer	der	der Lehrer, –	Unsere Deutschlehrerin heißt Frau Müller.	19
A1	leicht		leicht	Der Koffer ist leicht. / Deutsch ist nicht leicht.	19
A1	leider		leider	Leider kann ich nicht kommen. Ich muss zum Arzt.	19
A1	leise		leise	Seid leise. Die anderen schlafen schon.	19
A1	lernen		lernen	Wie lange lernen Sie schon Deutsch?	19
A1	lesen		lesen	Ich lese ein Buch von García Márquez.	19
A1	letzt-		letzt-	Morgen ist der letzte Kurstag.	19
A1	Leute	die	die Leute (pl.)	In der Disko sind viele Leute.	19
A1	Licht	das	das Licht	Wo macht man hier das Licht an?	19
A1	lieb-		lieb-	Liebe Susanne, lieber Hans,	19
A1	lieben		lieben	Ich liebe dich!	19
A1	lieber		lieber	Sie fährt lieber mit der Bahn.	19
A1	Lieblings-		Lieblings-	Mein Lieblingsfilm ist „Schwarze Augen“.	19
A1	Lied	das	das Lied, -er	Welches ist dein Lieblingslied?	19
A1	liegen		liegen	Um neun Uhr liegt Judith noch im Bett. / Frankfurt liegt am Main.	19
A1	links		links	Gehen Sie die nächste Straße links.	19
A1	Lkw	der	der Lkw, -s	Dieser Lastkraftwagen ist sehr groß.	19
A1	Lokal	das	das Lokal	In unserer Straße gibt es ein neues Lokal.	19
A1	Lösung	die	die Lösung, -en	Die Lösung ist ganz einfach.	19
A1	lustig		lustig	Frau Mertens ist lustig. Sie lacht immer.	19
A1	machen		machen	Was machst du heute Abend? / Ich muss jetzt das Essen machen. / Das macht 5 Euro 95. / Das macht nichts.	19
A1	Mädchen	das	das Mädchen, –	Familie Kurz bekommt ein Baby. – Junge oder Mädchen?	20
A1	man		man	Hier darf man nicht rauchen.	20
A1	Mann	der	der Mann, ¨-er	Mein Mann arbeitet bei der Polizei.	20
A1	männlich		männlich	Kreuzen Sie bitte an: „weiblich“ oder „männlich“.	20
A1	Maschine	die	die Maschine, -n	Die Waschmaschine ist günstig.	20
A1	Meer	das	das Meer	Wir machen Urlaub am Meer.	20
A1	mehr		mehr	Dieses Auto kostet 1.000 Euro mehr als das andere.	20
A1	mein		mein	Mein Vater ist Arzt.	20
A1	meist-		meist-	Die meisten Norddeutschen sind sehr groß.	20
A1	Mensch	der	der Mensch, -en	Die Menschen sind hier anders als bei uns.	20
A1	mieten		mieten	Ich möchte ein Auto mieten.	20
A1	Miete	die	die Miete	Die Miete für diese Wohnung ist 600 Euro.	20
A1	Milch	die	die Milch	Die Milch steht im Kühlschrank.	20
A1	mit		mit	Trinken Sie den Kaffee mit Milch?	20
A1	mitbringen		mitbringen	Ich gehe einkaufen. Soll ich dir was mitbringen?	20
A1	mitkommen		mitkommen	Ich gehe ins Kino. Kommst du mit?	20
A1	mitmachen		mitmachen	Warum macht ihr nicht mit?	20
A1	mitnehmen		mitnehmen	Nehmen wir meine Schwester ins Kino mit?	20
A1	Mitte	die	die Mitte	Der Lehrer steht in der Mitte des Klassenzimmers.	20
A1	Möbel	die	die Möbel (pl.)	Sind die Möbel neu?	20
A1	möchten		möchten	Was möchten Sie trinken?	20
A1	mögen		mögen	Magst du Kaffee oder Tee?	20
A1	möglich		möglich	Mit dieser Fahrkarte ist die Fahrt ab 9 Uhr möglich.	20
A1	Moment	der	der Moment	Moment mal bitte! / Einen Moment bitte.	20
A1	morgen		morgen	Morgen beginnt die Schule um 10 Uhr.	20
A1	müde		müde	Ich bin müde. Ich gehe schlafen.	20
A1	Mund	der	der Mund	Öffnen Sie den Mund.	20
A1	müssen		müssen	Ich muss jeden Tag von 8 Uhr bis 18 Uhr arbeiten.	20
A1	Mutter	die	die Mutter, -ü	Frau Berghäuser ist die Mutter von Michaela.	20
A1	nach		nach	Ich gehe jetzt nach Hause. / Ich fliege nach München. / Es ist schon 5 nach 12.	20
A1	nächst-		nächst-	Sehen wir uns nächste Woche?	20
A1	Name	der	der Name, -n	Mein Name ist Thomas Schmidt. / Mein Vorname ist Thomas; Schmidt ist der Familienname.	20
A1	nehmen		nehmen	Heute gibt es Hähnchen. Das nehme ich. / Ich nehme den Bus.	20
A1	nein		nein	Fährst du auch nach München? – Nein, ich habe keine Zeit.	20
A1	neu		neu	Ich bin der neue Kollege. / Wir haben eine neue Wohnung.	20
A1	nicht		nicht	Das stimmt nicht. / Das ist doch schön, nicht?	20
A1	nichts		nichts	Das macht nichts. / Hier kaufe ich nichts. Der Laden gefällt mir nicht.	20
A1	nie		nie	Er kommt nie pünktlich.	20
A1	noch		noch	Vielleicht kommt er noch. / Wir warten noch fünf Minuten. / Ich habe noch 20 Euro.	21
A1	normal		normal	75 kg. Sein Gewicht ist normal.	21
A1	Nummer	die	die Nummer, -n	Sie haben Zimmer Nummer zwölf. / Welche Hausnummer haben Sie? / Können Sie mir Ihre Nummer geben?	21
A1	nur		nur	Ich möchte nur ein Glas Wasser.	21
A1	oben		oben	Ich wohne oben.	21
A1	Obst	das	das Obst	Im Sommer ist das Obst billig.	21
A1	oder		oder	Wann können Sie kommen – heute oder morgen?	21
A1	öffnen		öffnen	Ich öffne die Tür.	21
A1	geöffnet		geöffnet	Der Laden ist samstags bis 16.00 Uhr geöffnet.	21
A1	oft		oft	Petra treffe ich oft.	21
A1	ohne		ohne	Ohne Geld kann er nichts kaufen.	21
A1	Öl	das	das Öl	Den Salat machen wir ohne Öl.	21
A1	Oma	die	die Oma, -s	Meine Oma ist schon tot.	21
A1	Opa	der	der Opa, -s	Mein Opa heißt Hans.	21
A1	Ordnung	die	die Ordnung	Das ist in Ordnung.	21
A1	Ort	der	der Ort, -e	Der Ort liegt am Meer.	21
A1	Papier	das	das Papier	Hier sind Papier und Bleistift.	21
A1	Papiere	die	die Papiere (pl.)	Haben Sie Ihre Papiere dabei?	21
A1	Partner	der	der Partner, -/ die Partnerin, -nen	Sie ist meine Partnerin.	21
A1	Party	die	die Party	Heute Abend machen wir eine Party.	21
A1	Pass	der	der Pass, ¨-e	Im Hotel brauchst du deinen Pass.	21
A1	Pause	die	die Pause, -n	Von 12.00 bis 12.30 Uhr haben wir Mittagspause.	21
A1	Plan	der	der Plan, ¨-e	Ich kaufe mir einen Stadtplan.	21
A1	Platz	der	der Platz, ¨-e	Tut mir leid, der Platz ist besetzt. / Bitte nehmen Sie Platz! / Ich wohne Messeplatz 5.	21
A1	Polizei	die	die Polizei	Holen Sie die Polizei!	21
A1	Pommes frites	die	die Pommes frites (pl.)	Die Kinder essen Hähnchen mit Pommes frites.	21
A1	Post	die	die Post	Wo ist die Post, bitte? / Ist Post da?	21
A1	Postleitzahl	die	die Postleitzahl	Wie ist Ihre Postleitzahl?	21
A1	Praktikum	das	das Praktikum	Ich mache ein Praktikum bei Siemens.	21
A1	Praxis	die	die Praxis	Die Praxis ist ab acht Uhr geöffnet.	21
A1	Preis	der	der Preis, -e	Die Preise sind hoch.	21
A1	Problem	das	das Problem, -e	Mein Problem ist die Sprache.	21
A1	Prospekt	der	der Prospekt, -e	Bitte schicken Sie mir einen Prospekt von Ihrem Hotel.	21
A1	Prüfung	die	die Prüfung	Die Prüfung ist am Montag um 8.00 Uhr.	21
A1	pünktlich		pünktlich	Der Bus fährt pünktlich um acht Uhr. / Herr Müller ist immer pünktlich.	21
A1	Rad fahren		Rad fahren	Das Kind kann schon Rad fahren.	22
A1	rauchen		rauchen	Ich rauche nicht.	22
A1	Raum	der	der Raum, ¨-e	Der Unterricht ist in Raum 332.	22
A1	Rechnung	die	die Rechnung, -en	Die Rechnung, bitte.	22
A1	rechts		rechts	Die Schillerstraße ist hier rechts.	22
A1	regnen		regnen	Heute regnet es.	22
A1	Regen	der	der Regen	Bei diesem Regen gehe ich nicht raus.	22
A1	Reis	der	der Reis	Ich esse gern Reis.	22
A1	reisen		reisen	Ich reise gern.	22
A1	Reise	die	die Reise	Wir machen eine Reise nach Österreich.	22
A1	Reisebüro	das	das Reisebüro, -s	Mein Mann arbeitet im Reisebüro.	22
A1	Reiseführer	der	der Reiseführer	Ich kaufe mir einen Reiseführer von Berlin. / Unser Reiseführer heißt Peter.	22
A1	reparieren		reparieren	Er hat das Fahrrad repariert.	22
A1	Reparatur	die	die Reparatur	Die Reparatur ist sehr teuer.	22
A1	Restaurant	das	das Restaurant, -s	Wir essen heute in einem Restaurant.	22
A1	Rezeption	die	die Rezeption	Fragen Sie bitte im Hotel an der Rezeption.	22
A1	richtig		richtig	Habe ich das richtig verstanden? / Das ist richtig.	22
A1	riechen		riechen	Dieser Wein riecht gut.	22
A1	ruhig		ruhig	Ich möchte ein ruhiges Zimmer.	22
A1	Saft	der	der Saft	Möchtest du einen Apfelsaft?	22
A1	sagen		sagen	Sag mal, wie geht es dir denn?	22
A1	Salat	der	der Salat	Wie schmeckt dir der Salat?	22
A1	Salz	das	das Salz	Herr Ober, kann ich bitte Salz haben?	22
A1	Satz		Satz, ¨-e	Dieser Satz ist sehr einfach.	22
A1	S-Bahn	die	die S-Bahn	Ich nehme lieber die S-Bahn.	22
A1	Schalter	der	der Schalter	Gehen Sie bitte zum Schalter drei!	22
A1	scheinen		scheinen	Die Sonne scheint.	22
A1	schicken		schicken	Bitte schicken Sie mir eine E-Mail.	22
A1	Schild	das	das Schild, -er	Haben Sie nicht das Schild gesehen?	22
A1	Schinken	der	der Schinken, –	Ich möchte gern ein Schinkenbrot.	22
A1	schlafen		schlafen	Ich schlafe meistens acht Stunden.	22
A1	schlecht		schlecht	Mir ist schlecht! / Sie sehen schlecht aus. / Wir haben schlechtes Wetter.	22
A1	schließen		schließen	Bitte, schließen Sie die Tür.	22
A1	geschlossen		geschlossen	Die Bank hat am Samstag geschlossen.	22
A1	Schluss	der	der Schluss	Ich muss jetzt Schluss machen. / Zum Schluss gibt er uns allen die Hand.	22
A1	Schlüssel	der	der Schlüssel, –	Ich gebe Ihnen noch den Zimmerschlüssel.	22
A1	schmecken		schmecken	Schmeckt das gut?	22
A1	schnell		schnell	Er fährt schnell.	22
A1	schon		schon	Ist das Essen schon fertig?	22
A1	schön		schön	Schönen Urlaub! / Das ist sehr schön.	22
A1	Schrank	der	der Schrank, ¨-e	Die Gläser stehen im Schrank.	22
A1	schreiben		schreiben	Er schreibt jeden Tag fünfzig E-Mails.	22
A1	Schuh	der	der Schuh, -e	Zieh die Schuhe aus!	23
A1	Schule	die	die Schule	Meine Tochter geht schon in die Schule. / Die Schule ist gleich hier um die Ecke.	23
A1	Schüler	der	der Schüler, –	In meinem Kurs sind acht Schülerinnen und fünf Schüler.	23
A1	schwer		schwer	Ist Ihr Gepäck sehr schwer? / Das ist eine schwere Arbeit.	23
A1	Schwester	die	die Schwester, -n	Meine Schwester kommt am Dienstag.	23
A1	schwimmen		schwimmen	Ich schwimme jeden Tag einen Kilometer.	23
A1	Schwimmbad	das	das Schwimmbad	Kommst du mit ins Schwimmbad?	23
A1	See	der	der See	Komm, wir fahren zum Starnberger See.	23
A1	sehen		sehen	Ich kann dich nicht sehen. / Ich habe diesen Jungen schon einmal gesehen.	23
A1	Sehenswürdigkeit	die	die Sehenswürdigkeit, -en	Welche Sehenswürdigkeiten gibt es in Frankfurt?	23
A1	sehr		sehr	Danke sehr! / Das ist sehr schwer.	23
A1	sein		sein	Herr Müller ist in seinem Zimmer. / Mir ist kalt. / Ich bin dreiundzwanzig.	23
A1	an sein		an sein	Das Licht ist noch an.	23
A1	auf sein		auf sein	Das Fenster ist noch auf.	23
A1	weg sein		weg sein	Herr Meier ist schon weg.	23
A1	zu sein		zu sein	Die Tür ist zu.	23
A1	seit		seit	Ich wohne seit drei Jahren in Köln.	23
A1	selbstständig		selbstständig	Er ist selbstständig.	23
A1	sie		sich sie	Sie müssen sich erst anmelden. / Wie heißt sie?	23
A1	Sie		Sie	Wie heißen Sie, bitte?	23
A1	sitzen		sitzen	Wo sitzen Sie?	23
A1	so		so	Sie müssen das so machen! / Fahren Sie bitte nicht so schnell! / Meine Frau ist so groß wie ich. / So, das war‘s/wär‘s!	23
A1	Sofa	das	das Sofa	Das Sofa ist neu.	23
A1	sofort		sofort	Bitte antworten Sie sofort.	23
A1	Sohn	der	der Sohn, -ö, e	Das ist Hans, mein Sohn.	23
A1	sollen		sollen	Soll ich kommen? / Was soll ich mitbringen?	23
A1	Sonne	die	die Sonne	Die Sonne scheint.	23
A1	spät		spät	Es ist schon spät, ich muss gehen.	23
A1	später		später	Das können wir später machen.	23
A1	Speisekarte	die	die Speisekarte	Bringen Sie mir die Speisekarte, bitte.	23
A1	spielen		spielen	Die Kinder spielen draußen. / Spielen Sie Karten?	23
A1	Sport	der	der Sport	Ich mache viel Sport.	23
A1	Sprache	die	die Sprache, -n	Welche Sprachen sprichst du?	23
A1	sprechen		sprechen	Kann ich (mit) Herrn Klein sprechen?	23
A1	Stadt	die	die Stadt, ¨-e	Heidelberg ist eine alte Stadt.	23
A1	stehen		stehen	Ich glaube es nicht, aber es steht in der Zeitung. / Der Bus steht schon an der Haltestelle.	23
A1	Stelle	die	die Stelle, -n	Ich habe eine neue Stelle.	23
A1	stellen		stellen	Stell die Tasche rechts in die Ecke!	24
A1	Stock	der	der Stock	Unsere Wohnung liegt im ersten Stock.	24
A1	Straße	die	die Straße, -n	In welcher Straße wohnen Sie?	24
A1	Straßenbahn	die	die Straßenbahn	Wo fährt die Straßenbahn ab?	24
A1	studieren		studieren	Ich studiere in Mainz.	24
A1	Studium	das	das Studium	Das Studium beginnt im Oktober.	24
A1	Student	der	der Student, -en	Ich bin Studentin.	24
A1	Stunde	die	die Stunde, -n	Ich bin in einer Stunde zurück.	24
A1	suchen		suchen	Suchst du etwas?	24
A1	tanzen		tanzen	Tanzen Sie gern?	24
A1	Tasche	die	die Tasche, -n	Ich habe die Schlüssel in der Tasche.	24
A1	Taxi	das	das Taxi, -s	Es gibt heute keinen Bus mehr. Er fährt mit dem Taxi.	24
A1	Tee	der	der Tee	Ich trinke morgens immer Tee.	24
A1	Teil	der	der Teil, -e	Lies bitte auch den zweiten Teil.	24
A1	telefonieren		telefonieren	Darf ich mal telefonieren?	24
A1	Telefon	das	das Telefon	Haben Sie Telefon?	24
A1	Termin	der	der Termin, -e	Am besten machen wir sofort einen Termin.	24
A1	Test	der	der Test	Der Test war einfach.	24
A1	teuer		teuer	Das ist mir zu teuer.	24
A1	Text	der	der Text, -e	Lesen Sie bitte diesen Text.	24
A1	Thema	das	das Thema	Wir sprechen heute über das Thema „Essen und Trinken“.	24
A1	Ticket	das	das Ticket, -s	Wie viel kostet das Ticket?	24
A1	Tisch	der	der Tisch, -e	Die Fotos liegen auf dem Tisch.	24
A1	Tochter	die	die Tochter, -ö	Das ist meine Tochter Katharina.	24
A1	Toilette	die	die Toilette, -en	Wo ist die Toilette, bitte?	24
A1	Tomate	die	die Tomate, -n	Die Tomate ist noch grün.	24
A1	tot		tot	Sein Vater ist schon lange tot.	24
A1	treffen		(sich) treffen	Ich treffe in der Stadt einen Kollegen. / Wir treffen uns immer freitags.	24
A1	Treppe	die	die Treppe, -n	Die Toilette? Die Treppe hoch und dann links.	24
A1	trinken		trinken	Möchtest du etwas trinken?	24
A1	tschüss		tschüss	Junge Leute sagen meistens „tschüss!“ und nicht „auf Wiedersehen“.	24
A1	tun		tun	Ich habe noch etwas zu tun. / Was tut Ihr Mann?	24
A1	über		über	Gehen Sie hier über die Straße. / Er wohnt im zweiten Stock über Familie Meier. / Sind Sie über 18?	24
A1	übernachten		übernachten	Du kannst bei mir übernachten.	24
A1	überweisen		überweisen	Sie können das Geld auch überweisen.	24
A1	Uhr	die	die Uhr	Es ist vier Uhr.	24
A1	um		um	Er kommt um sieben Uhr. / Da kommt er gerade um die Ecke.	24
A1	umziehen		umziehen	Nächsten Monat ziehen wir um.	24
A1	und		und	Peter und Helmut sind meine Söhne.	24
A1	unser-		unser-	Das ist unsere Lehrerin.	25
A1	unten		unten	Er wohnt ganz unten im Haus.	25
A1	unter		unter	Unter uns wohnt eine Familie mit drei Kindern.	25
A1	Unterricht	der	der Unterricht	Wir haben Unterricht von 8.00 bis 12.00 Uhr.	25
A1	unterschreiben		unterschreiben	Wo muss ich unterschreiben?	25
A1	Unterschrift	die	die Unterschrift	Hier fehlt noch Ihre Unterschrift.	25
A1	Urlaub	der	der Urlaub	Ich nehme im September Urlaub.	25
A1	Vater	der	der Vater, ¨-	Mein Vater ist Arbeiter.	25
A1	verboten		verboten	Hier ist Rauchen verboten.	25
A1	verdienen		verdienen	Ich verdiene 1.500 Euro im Monat.	25
A1	Verein	der	der Verein	Es gibt einen neuen Sportverein in der Stadt.	25
A1	verheiratet		verheiratet	Ich bin verheiratet und habe drei Kinder.	25
A1	verkaufen		verkaufen	Er verkauft sein altes Auto.	25
A1	Verkäufer	der	der Verkäufer, –	Meine Mutter ist Verkäuferin im Kaufhaus.	25
A1	vermieten		vermieten	Die Wohnung ist schon vermietet.	25
A1	Vermieter	der	der Vermieter	Unser Vermieter heißt Huber. Er wohnt auch hier.	25
A1	verstehen		verstehen	Können Sie mich verstehen?	25
A1	Verwandte	der	der Verwandte, -n	Peter besucht seine Verwandten in Polen.	25
A1	viel		viel	Hier regnet es viel.	25
A1	vielleicht		vielleicht	Ich komme vielleicht mit dem Bus.	25
A1	von		von	Das Auto von Felix ist kaputt. / Er kommt gerade von Köln/von zu Hause.	25
A1	vor		vor	Der Termin war vor einer Stunde. / Das Auto steht vor der Tür.	25
A1	Vorname	der	der Vorname, -n	Ich heiße Müller, mein Vorname ist Eva.	25
A1	Vorsicht	die	die Vorsicht	Vorsicht! Da kommt ein Auto.	25
A1	vorstellen		(sich) vorstellen	Wir wollen uns kennenlernen. Können Sie sich bitte vorstellen?	25
A1	Vorwahl	die	die Vorwahl	Wie ist die Vorwahl von München?	25
A1	wandern		wandern	Wir wandern um den Chiemsee.	25
A1	wann		wann	Wann bist du fertig? / Wann kann ich Sie anrufen? / Wann sind Sie geboren?	25
A1	warten		warten	Können Sie ein paar Minuten warten? / Auf wen warten Sie?	25
A1	warum		warum	Warum kommt er nicht?	25
A1	was		was	Was ist das? / Was möchten Sie?	25
A1	was für ein		was für ein	Was für eine Farbe möchten Sie?	25
A1	waschen		(sich) waschen	Wo kann ich mir die Hände waschen? / Ich muss morgen waschen.	25
A1	Wasser	das	das Wasser	Ein Glas Wasser, bitte.	25
A1	weh tun		weh tun	Ich muss zum Arzt. Mein Bein tut weh.	25
A1	weiblich		weiblich	Kreuzen Sie bitte an: „weiblich“ oder „männlich“.	25
A1	Wein	der	der Wein	Nein danke, ich möchte keinen Wein.	25
A1	weit		weit	Zum Bahnhof ist es nicht weit.	25
A1	weiter		weiter	Der Bus fährt nicht weiter.	26
A1	welch-		welch-	Welches Buch möchtest du?	26
A1	Welt	die	die Welt	Es gibt viele Probleme auf der Welt.	26
A1	wenig		wenig	Ich habe leider nur wenig verstanden. / Er verdient wenig.	26
A1	wer		wer	Wer ist das?	26
A1	werden		werden	Mein Sohn will Arzt werden.	26
A1	Wetter	das	das Wetter	Wir hatten schlechtes Wetter.	26
A1	wichtig		wichtig	Dieses Formular ist sehr wichtig.	26
A1	wie		wie	Wie heißt du? / Er schreibt wie ein Kind. / Meine Frau ist so groß wie ich. / Wie soll ich das machen? / Wie groß ist die Wohnung? / Wie bitte? / Wie lange bist du schon hier?	26
A1	wiederholen		wiederholen	Können Sie das bitte wiederholen?	26
A1	Wiederhören	das	das Wiederhören	Wir müssen jetzt Schluss machen. / Also auf Wiederhören!	26
A1	Wiedersehen	das	das Wiedersehen	Auf Wiedersehen!	26
A1	wie viel		wie viel	Wie viel Milch nehmen Sie?	26
A1	willkommen		willkommen	Herzlich willkommen!	26
A1	Wind	der	der Wind	Der Wind kommt aus Osten.	26
A1	wir		wir	Wir lernen Deutsch.	26
A1	wissen		wissen	Weißt du, wie er heißt?	26
A1	wo		wo	Wo waren Sie im Urlaub? / Wo ist die Post? / Wo sind Sie geboren?	26
A1	woher		woher	Woher kommen Sie?	26
A1	wohin		wohin	Wohin fährt dieser Bus? / Wohin wollen Sie am Wochenende?	26
A1	wohnen		wohnen	Ich wohne in München.	26
A1	Wohnung	die	die Wohnung, -en	Seit wann haben Sie diese Wohnung?	26
A1	wollen		wollen	Wollen Sie einen Kaffee trinken?	26
A1	Wort	das	das Wort, -ö, er/-e	Ich kenne das Wort nicht.	26
A1	wunderbar		wunderbar	Das Essen schmeckt wunderbar.	26
A1	zahlen		zahlen	Zahlen, bitte!	26
A1	Zeit	die	die Zeit	Ich habe heute keine Zeit.	26
A1	zurzeit		zurzeit	Zurzeit habe ich sehr viel zu tun.	26
A1	Zeitung	die	die Zeitung, -en	Ich lese gern Zeitung.	26
A1	Zigarette	die	die Zigarette, -n	Wie teuer sind die Zigaretten?	26
A1	Zimmer	das	das Zimmer, –	Das Zimmer ist groß. / Öffne im Schlafzimmer das Fenster, bitte! / Die Wohnung hat drei Zimmer. / Ich habe ein Zimmer bestellt.	26
A1	Zoll	der	der Zoll	Wir müssen noch durch den Zoll.	26
A1	zu		zu	Der Bus fährt zum Bahnhof. / Ich gehe zu Fuß. / Ich bin zu Hause.	26
A1	zufrieden		zufrieden	Ich bin mit der Wohnung zufrieden.	27
A1	Zug	der	der Zug, -ü, e	Ich fahre gern mit dem Zug.	27
A1	zurück		zurück	Einmal Frankfurt und zurück. / Wann kommst du zurück?	27
A1	zusammen		zusammen	Sollen wir zusammen essen gehen? / Das macht zusammen 2 Euro 80.	27
A1	zwischen		zwischen	Heidelberg liegt zwischen Frankfurt und Stuttgart. / Zwischen 8 und 10 Uhr bin ich zu Hause.	27
A2	ab		ab	Ab morgen muss ich wieder arbeiten.	8
A2	aber		aber	Heute kann ich nicht kommen, aber morgen habe ich Zeit. / Wir haben nur eine kleine Wohnung, sind aber damit zufrieden. / Es war sehr schön. Jetzt muss ich aber gehen. / Das ist aber nett von dir.	8
A2	abgeben		abgeben, gibt ab, hat abgegeben	Ich muss meinen Schlüssel an der Rezeption abgeben.	8
A2	abholen		abholen, holt ab, hat abgeholt	Wann kann ich die Sachen bei dir abholen? / Wir müssen noch meinen Bruder abholen.	8
A2	abschließen		abschließen, schließt ab, hat abgeschlossen	Hast du die Tür abgeschlossen? / Ich schließe dieses Jahr mein Studium/ meine Ausbildung ab.	8
A2	Achtung		Achtung (Sg.)	Achtung an Gleis drei: Die Türen schließen. Der Zug fährt jetzt ab. / Achtung! Pass auf! Der Verkehr ist hier gefährlich.	8
A2	Adresse	die	die Adresse, -n	Können Sie mir Ihre Adresse geben?	8
A2	Ahnung	die	die Ahnung, -en	Ich hatte keine Ahnung, dass du heute Geburtstag hast. / Wie spät ist es? - Ich habe keine Ahnung.	8
A2	aktiv		aktiv	Peter ist sehr aktiv und macht viel Sport.	8
A2	aktuell		aktuell	Das ist das aktuelle Kinoprogramm.	8
A2	all-		all-	Ich wünsche dir alles Gute! / Hast du alles? / Möchten Sie noch etwas? - Nein, danke. Das ist alles. / Sind alle da? - Nein, Rita fehlt noch. / Alle Freunde kommen.	8
A2	allein		allein	Kommt seine Freundin mit? - Nein, er kommt allein. / Soll ich Ihnen/dir helfen? - Nein danke, ich schaffe das schon allein.	8
A2	als		als	Hector ist jünger als seine Schwester. / Sie arbeitet als Krankenschwester.	8
A2	also		also	Also, die Sache ist so: … / Er hat Zeit, also kann er uns helfen.	8
A2	alt		alt	Wie alt sind Sie? / Mein Computer ist schon sehr alt. / Wir wohnen in einem ganz alten Haus. / Köln ist eine alte Stadt.	8
A2	Alter	das	das Alter (Sg.)	Alter: 18 Jahre.	8
A2	Ampel	die	die Ampel, -n	Du kannst fahren, die Ampel ist grün. / Nach der Ampel musst du nach links fahren.	8
A2	an		an	Fahren Sie an der nächsten Kreuzung nach rechts. / Wir treffen uns am Bahnhof/am Kino/am Stand. / Am nächsten Montag geht es leider nicht. / Das Licht war die ganze Nacht an.	8
A2	anbieten		anbieten, bietet an, hat angeboten	Darf ich Ihnen/dir ein Stück Kuchen anbieten? / Er hat mir eine Stelle als Verkäuferin angeboten.	8
A2	Angebot	das	das Angebot, -e	Heute sind Bananen im Angebot. / Stellenangebote finden Sie in der Zeitung oder im Internet.	8
A2	ander-		ander-	Willst du diesen Mantel? – Nein, ich möchte den anderen. / Die anderen sind schon nach Hause gegangen. / Bitte nicht alle auf einmal! Einer nach dem anderen.	8
A2	ändern		ändern, ändert, hat geändert	Das Wetter hat sich geändert. / Wie kann ich mein Passwort ändern?	8
A2	anders		anders	Anders geht das leider nicht. / Oliver ist anders als seine Freunde.	8
A2	anfangen		anfangen, fängt an, hat angefangen	Hier fängt die Bahnhofstraße an. / Der Unterricht fängt gleich an. / Würden Sie bitte anfangen? / Ich fange im Herbst meine Ausbildung an.	8
A2	Anfang	der	der Anfang, ¨-e	Sie wohnt am Anfang der Straße. / Wir machen Anfang Juli Urlaub.	8
A2	Angst	die	die Angst, ¨-e	Hab keine Angst! / Ich habe Angst vor großen Hunden.	8
A2	ankommen		ankommen, kommt an, ist angekommen	Wann kommt dieser Zug in Hamburg an? / Auf diesem Fahrplan stehtnurdieAnkunftder Züge.	8
A2	Ankunft	die	die Ankunft, -¨e		8
A2	anmachen		anmachen, macht an, hat angemacht	Mach bitte das Licht an!	8
A2	anmelden		anmelden (sich), meldet an, hat angemeldet	Wo kann ich mich anmelden? / Eine Anmeldung für diesen Kurs ist nicht mehr möglich.	8
A2	Anmeldung	die	die Anmeldung,-en	Wo bekomme ich das Formular für die Anmeldung?	8
A2	Anrufbeantworter	der	der Anrufbeantworter, -	Wir sind im Moment nicht da. Sprechen Sie bitte auf den Anrufbeantworter.	8
A2	anrufen		anrufen, ruft an, hat angerufen	Kann ich Sie heute Abend anrufen? / Juan ruft seine Freundin an.	8
A2	Anruf	der	der Anruf, -e	Eva bekommt viele Anrufe von ihrem Freund Juan.	8
A2	Anschluss	der	der Anschluss, ¨-e	In Mannheim haben Sie Anschluss nach Saarbrücken. / In Stuttgart erreichen Sie alle Anschlüsse. Auch der Zug nach Paris wartet. / Gibt es in der Wohnung einen Waschmaschinenanschluss?	8
A2	ansehen		ansehen, sieht an, hat angesehen	Darf ich eure Urlaubsfotos ansehen? / Ich sehe (mir) diese Sendung jeden Tag an.	8
A2	antworten		antworten, antwortet, hat geantwortet	Er antwortet nicht.	8
A2	Antwort	die	die Antwort, -en	Er gibt leider keine Antwort.	8
A2	Anzeige	die	die Anzeige, -n	Ich habe Ihre Anzeige in der Zeitung gelesen.	8
A2	Anzug	der	der Anzug, ¨-e	Mein Mann muss sich einen neuen Anzug kaufen.	8
A2	Apfel	der	der Apfel, ¨-	Ein Kilo Äpfel, bitte.	8
A2	Apotheke	die	die Apotheke, -n	Das Medikament bekommen Sie in der Apotheke.	8
A2	Apparat	der	der Apparat, -e	Was machen wir mit deinem alten Apparat? / Ich habe einen neuen Fotoapparat.	9
A2	arbeiten		arbeiten, arbeitet, hat gearbeitet	Wo arbeiten Sie? / Ich arbeite als Krankenschwester in einem Krankenhaus.	9
A2	Arbeit	die	die Arbeit, -en	Mein Bruder sucht Arbeit.	9
A2	arbeitslos		arbeitslos	Seit wann ist er schon arbeitslos? / Es gibt bei uns viele Leute, die schon lange arbeitslos sind.	9
A2	ärgern		ärgern (sich), ärgert, hat geärgert	Warum ärgerst du dich? - Ich ärgere mich, weil das Wetter schlecht ist.	9
A2	arm		arm	Sie haben nicht viel Geld, sie sind arm.	9
A2	Arm	der	der Arm, -e	Mein Arm tut weh.	9
A2	Artikel	der	der Artikel, -	Im Deutschen gibt es drei Artikel: der, die und das. / Ich habe in der Zeitung einen interessanten Artikel gelesen.	9
A2	auch		auch	Ich bin auch Spanier. / Maria muss auch am Wochenende arbeiten.	9
A2	auf		auf	Das Wörterbuch liegt auf dem Tisch. / Die Kinder spielen auf der Straße. / Am Samstag gehen wir auf eine Party. / Meine Eltern wohnen auf dem Land. / Auf dem Foto ist auch meine Schwester. / Die Tür ist auf, kommen Sie rein! / Hat das Geschäft noch auf? / Auf Wiedersehen. / Wie heißt das auf Deutsch?	9
A2	auf jeden/ keinen Fall		auf jeden/ keinen Fall	Ich möchte auf jeden Fall den neuen James-Bond- Film sehen. - Wirklich? Ich finde James-Bond-Filme langweilig. Ich sehe ihn auf keinen Fall an!	9
A2	aufhören		aufhören, hört auf, hat aufgehört	Wann hört ihr mit der Arbeit auf? / Kannst du bitte damit aufhören? Ich muss jetzt arbeiten.	9
A2	aufmachen		aufmachen, macht auf, hat aufgemacht	Kannst du bitte die Tür aufmachen?	9
A2	aufpassen		aufpassen, passt auf, hat aufgepasst	Pass auf, der Teller fällt gleich auf den Boden! / Der Babysitter passt heute Abend auf die Kinder auf. / Er passt im Unterricht nicht auf.	9
A2	aufräumen		aufräumen, räumt auf, hat aufgeräumt	Die Kinder müssen ihr Zimmer aufräumen.	9
A2	aufregend		aufregend	Die letzte Woche war sehr aufregend. / Der Film ist nicht besonders aufregend.	9
A2	aufstehen		aufstehen, steht auf, ist aufgestanden	Ich stehe jeden Morgen um sieben Uhr auf.	9
A2	Aufzug	der	der Aufzug, ¨-e	In diesem Haus gibt es keinen Aufzug. / Der Aufzug ist leider kaputt.	9
A2	Auge	das	das Auge, -n	Er hat blaue Augen. / Mein rechtes Auge tut seit Sonntag weh.	9
A2	aus		aus	Michele kommt aus Brasilien. / Frau Müller geht immer um acht Uhr aus dem Haus. / Der Tisch ist aus Glas. / Ich sehe nichts. Das Licht ist aus.	9
A2	Ausbildung	die	die Ausbildung,-en	Ich möchte eine Ausbildung zum Krankenpfleger machen.	9
A2	Ausflug	der	der Ausflug, ¨-e	Morgen machen wir einen Ausflug nach Heidelberg/ an die Ostsee.	9
A2	ausfüllen		ausfüllen, füllt aus, hat ausgefüllt	Füllen Sie/Füll bitte dieses Formular aus!	9
A2	Ausgang	der	der Ausgang, ¨-e	Entschuldigung, wo ist der Ausgang?	9
A2	ausgeben		ausgeben, gibt aus, hat ausgegeben	Agata gibt viel Geld für Bücher aus. / Ich möchte nicht so viel Geld ausgeben.	9
A2	ausgehen		ausgehen, geht aus, ist ausgegangen	Gehen wir am Freitag zusammen aus? / Plötzlich ist das Licht ausgegangen.	9
A2	Auskunft	die	die Auskunft, ¨-e	Wo ist die Auskunft? / Können Sie mir bitte eine Auskunft geben?	9
A2	Ausland	das	das Ausland (Sg.)	Fahren Sie ins Ausland?	9
A2	ausmachen		ausmachen, macht aus, hat ausgemacht	Mach bitte das Licht aus!	9
A2	auspacken		auspacken, packt aus, hat ausgepackt	Packst du bitte den Koffer aus?	9
A2	ausruhen		ausruhen (sich), ruht aus, hat ausgeruht	Ruh dich erst mal aus! Du bist sicher müde. / Er ruht sich nach der Arbeit immer aus.	9
A2	aussehen		aussehen, sieht aus, hat ausgesehen	Wie sieht er aus? - Groß und blond. / Sie sieht wie ihre Mutter aus. / Das Kleid sieht hübsch aus.	9
A2	außer		außer	Außer Lisa möchte niemand den Film sehen. / Wir haben täglich außer Samstag geöffnet.	9
A2	außerdem		außerdem	Vier Brötchen, möchten Sie außerdem noch etwas?	9
A2	außerhalb		außerhalb	Die Wohnung ist nicht in der Stadt, sie liegt etwas außerhalb.	9
A2	aussprechen		aussprechen, spricht aus, hat ausgesprochen	Wie spricht man das Wort aus?	9
A2	aussteigen		aussteigen, steigt aus, ist ausgestiegen	Wo müssen wir aussteigen? – An der nächsten Haltestelle.	9
A2	Ausstellung	die	die Ausstellung,-en	Gehen wir morgen zusammen in die Ausstellung?	9
A2	austragen		austragen, trägt aus, hat ausgetragen	Er trägt jeden Morgen die Zeitung aus.	9
A2	Ausweis	der	der Ausweis, -e	Darf ich bitte mal Ihren Ausweis sehen? – Hier ist mein Ausweis.	9
A2	Auto	das	das Auto, -s	Er fährt mit dem Auto.	9
A2	Autobahn	die	die Autobahn, -en	Darf ich mit dem Motorroller auf der Autobahn fahren? / Das Dorf liegt direkt an der Autobahn.	9
A2	Automat	der	der Automat, -en	Fahrkarten gibt es nur am Automaten. / In Berlin ist der Fahrkartenautomat auf dem Bahnsteig.	10
A2	automatisch		automatisch	Achtung, die Türen schließen automatisch!	10
A2	Baby	das	das Baby, -s	Wir haben ein Baby. Es ist sechs Wochen alt.	10
A2	Babysitter	der	der Babysitter,-	Meine Tochter arbeitet als Babysitter bei einer Familie mit vier Kindern.	10
A2	backen		backen, bäckt/backt, hat gebacken	Wenn du kommst, backe ich einen Kuchen.	10
A2	Bäckerei	die	die Bäckerei, -en	Ich geh mal schnell zur Bäckerei.	10
A2	Bad	das	das Bad, ¨-er	Das Haus ist sehr alt. Es hat kein Bad. / Im Winter nehme ich gern ein warmes Bad.	10
A2	baden		baden, badet, hat gebadet	Ich bade nicht so gern, ich dusche lieber. / In diesem See darf man nicht baden.	10
A2	Bahn	die	die Bahn, -en	Wir fahren lieber mit der Bahn als mit dem Bus. / Ich nehme die nächste S-Bahn.	10
A2	Bahnhof	der	der Bahnhof, ¨-e	Entschuldigung, komme ich hier zum Bahnhof?	10
A2	Bahnsteig	der	der Bahnsteig, -e	Auf Hauptbahnhöfen gibt es meist viele Bahnsteige.	10
A2	bald		bald	Ich komme bald. / Auf Wiedersehen! Bis bald!	10
A2	Balkon	der	der Balkon, -e	Die Wohnung hat auch einen kleinen Balkon.	10
A2	Ball	der	der Ball, ¨-e	Meine Kinder spielen gern Ball.	10
A2	Banane	die	die Banane, -n	Drei Bananen, bitte!	10
A2	Band	die	die Band, -s	Was ist deine Lieblingsband? Anton spielt in einer Band.	10
A2	Bank	die	die Bank, -en	Bei welcher Bank haben Sie Ihr Konto?	10
A2	Bank	die	die Bank, ¨-e	Kommt, wir setzen uns auf diese Bank.	10
A2	bar		bar	Muss ich bar zahlen oder geht‘s auch mit Karte?	10
A2	Basketball	der	der Basketball, ¨-e	Yannick spielt lieber Basketball als Fußball.	10
A2	basteln		basteln, bastelt, hat gebastelt	Die Kinder haben etwas gebastelt.	10
A2	Bauch	der	der Bauch, ¨-e	Seit gestern tut mir der Bauch weh.	10
A2	bauen		bauen, baut, hat gebaut	Unsere Nachbarn bauen ein neues Haus.	10
A2	Baum	der	der Baum, ¨-e	Der Baum ist über hundert Jahre alt. / Wir haben zwei Apfelbäume im Garten.	10
A2	Baustelle	die	die Baustelle, -n	Vor unserem Haus ist eine große Baustelle.	10
A2	beantworten		beantworten, beantwortet, hat beantwortet	Können Sie meine Frage bitte beantworten? / Hast du die Mail schon beantwortet?	10
A2	bedanken		bedanken (sich), bedankt, hat bedankt	Ich möchte mich noch einmal sehr herzlich für Ihre Hilfe bedanken.	10
A2	bedeuten		bedeuten, bedeutet, hat bedeutet	Was bedeutet das Wort?	10
A2	beeilen		beeilen (sich), beeilt, hat beeilt	Kannst du dich bitte beeilen? Der Bus fährt gleich ab!	10
A2	beenden		beenden, beendet, hat beendet	Du musst deine Ausbildung auf jeden Fall beenden.	10
A2	beginnen		beginnen, beginnt, hat begonnen	Das Spiel beginnt um 15.30 Uhr.	10
A2	begründen		begründen, begründet, hat begründet	Bitte begründen Sie Ihre Meinung.	10
A2	bei		bei	Offenbach liegt bei Frankfurt. / Ich wohne bei meinen Eltern. / Bei uns ist das anders als hier. / Er arbeitet bei Siemens. / Ich möchte euch nicht beim Essen stören.	10
A2	beide		beide	Wir kommen beide. / Welche Bluse möchten Sie, die rote oder die grüne? - Ich nehme beide.	10
A2	Bein	das	das Bein, -e	Mein rechtes Bein tut weh.	10
A2	bekannt		bekannt	Picasso ist sehr bekannt. Er ist ein bekannter Maler.	10
A2	Bekannte	der/die	der/die Bekannte, -n	Ein Bekannter von mir heißt Klaus.	10
A2	bekommen		bekommen, bekommt, hat bekommen	Haben Sie meinen Brief bekommen? / Aspirin bekommen Sie in der Apotheke.	10
A2	beliebt		beliebt	Fußball ist bei vielen Menschen beliebt.	10
A2	benutzen		benutzen, benutzt, hat benutzt	Die Aufzüge bitte nicht benutzen!	10
A2	bequem		bequem	Das Sofa ist sehr bequem. / Meine Kinder ziehen am liebsten bequeme Schuhe an.	10
A2	beraten		beraten, berät, hat beraten	Unsere Sekretärin berät Sie gern, wenn Sie Fragen haben.	10
A2	Berg	der	der Berg, -e	Die Zugspitze ist der höchste Berg in Deutschland. / Wir fahren am Wochenende in die Berge.	10
A2	berichten		berichten, berichtet, hat berichtet	Alle Zeitungen berichten von dem Unfall.	10
A2	Beruf	der	der Beruf, -e	Was bist du von Beruf?	10
A2	berühmt		berühmt	Thomas Müller ist ein berühmter Fußballspieler.	10
A2	Bescheid	der	der Bescheid (bekommen/ geben/sagen)	Kann Lisa in Heidelberg studieren? - Sie weiß es noch nicht. Sie bekommt erst nächste Woche Bescheid. / Kannst du mir bis morgen Bescheid geben? / Ich frage Herrn Maier und sage Ihnen dann Bescheid.	10
A2	beschreiben		beschreiben, beschreibt, hat beschrieben	Kannst du mir den Weg zum Bahnhof beschreiben?	10
A2	beschweren		beschweren (sich), beschwert, hat beschwert	Hier ist es zu laut. Wo können wir uns beschweren? / Mein Nachbar beschwert sich immer über unsere Kinder, wenn sie im Garten spielen.	10
A2	besetzt		besetzt	Ist dieser Platz frei? - Nein, er ist besetzt. / Die Nummer ist immer besetzt.	10
A2	besichtigen		besichtigen, besichtigt, hat besichtigt	Ich möchte gern das Schloss besichtigen. / Sie können die Wohnung am Mittwochabend besichtigen.	11
A2	besonders		besonders	Dieses Angebot ist besonders günstig. / Hier ist die Pizza besonders gut. / Wie geht's? - Nicht besonders.	11
A2	bestätigen		bestätigen, bestätigt, hat bestätigt	Ich kann bestätigen, dass er hier war.	11
A2	bestehen		bestehen, besteht, hat bestanden	Ich habe die Prüfung bestanden! / Die Prüfung besteht aus vier Teilen: Hören, Lesen, Schreiben und Sprechen.	11
A2	bestellen		bestellen, bestellt, hat bestellt	Wir möchten bitte bestellen. / Dieses Buch haben wir nicht da. Sollen wir es für Sie bestellen?	11
A2	Besuch	der	der Besuch, -e	Wir bekommen am Wochenende Besuch. / Ich mache einen Besuch im Krankenhaus.	11
A2	besuchen		besuchen, besucht, hat besucht	Darf ich dich mal besuchen? / Möchtest du mich in den Ferien besuchen?	11
A2	Bett	das	das Bett, -en	Sie ist krank und muss heute im Bett bleiben.	11
A2	bewerben		bewerben (sich), bewirbt, hat beworben	Ich möchte mich um diese Stelle bewerben. / Kannst du mir bei meiner Bewerbung helfen?	11
A2	Bewerbung	die	die Bewerbung, -en		11
A2	bewölkt		bewölkt	Heute ist es bewölkt.	11
A2	Wolke	die	die Wolke, -n	Es gibt viele Wolken am Himmel.	11
A2	bezahlen		bezahlen, bezahlt, hat bezahlt	Wo kann ich bezahlen?	11
A2	Bibliothek	die	die Bibliothek, -en	Sie lernt jeden Tag in der Bibliothek.	11
A2	Bier	das	das Bier, -e	Noch ein Bier, bitte.	11
A2	Bild	das	das Bild, -er	Hast du ein Bild von deinem Sohn?	11
A2	billig		billig	Das Wörterbuch kostet nur fünf Euro. - Fünf Euro? / Das ist aber billig!	11
A2	Birne	die	die Birne, -n	Ein Kilo Birnen, bitte!	11
A2	bis		bis	Ich fahre nur bis Stuttgart. / Ich warte bis Freitag. / Tschüss, bis gleich!	11
A2	bisschen		bisschen	Können Sie bitte ein bisschen lauter sprechen? / Ich spreche ein bisschen Französisch. / Möchten Sie noch ein bisschen Salat?	11
A2	bitte		bitte	Eine Tasse Kaffee bitte! - Bitte schön! / Wie bitte? Sprechen Sie bitte ein bisschen lauter!	11
A2	Bitte	die	die Bitte, -n	Ich habe noch eine Bitte.	11
A2	bitten		bitten, bittet, hat gebeten	Darf ich Sie um etwas bitten?	11
A2	bitter		bitter	Kaffee ohne Zucker schmeckt bitter.	11
A2	Blatt	das	das Blatt, ¨-er	Haben Sie ein Blatt Papier für mich? / Die Bäume haben schon gelbe Blätter.	11
A2	bleiben		bleiben, bleibt, ist geblieben	Wir bleiben drei Tage in Berlin. / Bitte bleiben Sie stehen! / Oh nein, meine Uhr ist stehen geblieben. Wie spät ist es? / Ich bleibe heute zu Hause.	11
A2	Bleistift	der	der Bleistift, -e	Hast du einen Bleistift?	11
A2	blöd		blöd	Ich finde es blöd, dass du morgen gehen musst.	11
A2	der/das Blog		der/das Blog, -s	Ich schreibe einen Blog über Mode.	11
A2	blond		blond	Lisa hat blonde Haare.	11
A2	Blume	die	die Blume, -n	Gefallen dir die Blumen?	11
A2	Bluse	die	die Bluse, -n	Ich suche eine weiße Bluse.	11
A2	Bohne	die	die Bohne, -n	Hans isst nicht gern Bohnen.	11
A2	böse		böse	Sie ist richtig böse auf mich. / Ich habe dein Buch vergessen. Hoffentlich bist du mir nicht böse.	11
A2	braten		braten, brät, hat gebraten	Braten Sie das Fleisch in etwas Öl! / Der Fisch brät in der Pfanne.	11
A2	brauchen		brauchen, braucht, hat gebraucht	Ich brauche ein neues Auto. / Brauchst du die Zeitung noch oder kann ich sie haben? / Meine Großmutter ist krank. Sie braucht viel Ruhe.	11
A2	Brief	der	der Brief, -e	Haben Sie einen Brief für mich?	11
A2	Briefmarke	die	die Briefmarke, -n	Bitte die Briefmarke nicht vergessen!	11
A2	Brille	die	die Brille, -n	Wo ist meine Brille? / Mit dieser Brille kann ich nicht mehr gut sehen.	11
A2	bringen		bringen, bringt, hat gebracht	Bringen Sie mir bitte noch einen Kaffee! / Wir müssen Max ins Krankenhaus bringen.	11
A2	Brot	das	das Brot, -e	Nimm doch noch ein Brot für das Abendessen. / Haben Sie auch Weißbrot?	11
A2	Brötchen	das	das Brötchen, -	Möchtest du Brot oder Brötchen zum Frühstück?	11
A2	Brücke	die	die Brücke, -n	Fahren Sie über die nächste Brücke und dann nach links.	11
A2	Buch	das	das Buch, ¨-er	Was kostet das Buch, bitte? / In diesem Wörterbuch finden Sie mehr als 20.000 Wörter.	11
A2	buchen		buchen, bucht, hat gebucht	Morgen buche ich unsere Urlaubsreise.	11
A2	Buchstabe	der	der Buchstabe, -n	Diesen Buchstaben gibt es in meiner Sprache nicht.	11
A2	buchstabieren		buchstabieren, buchstabiert, hat buchstabiert	Würden Sie bitte Ihren Namen buchstabieren?	11
A2	bunt		bunt	Anna trägt gern bunte Kleider. / Meine Wohnung ist sehr bunt: Das Wohnzimmer ist rot, die Küche grün und das Bad blau.	11
A2	Büro	das	das Büro, -s	Ich arbeite in einem Büro. / Unser Büro ist bis Dienstag geschlossen.	11
A2	Bus	der	der Bus, -se	Wann kommt der nächste Bus?	11
A2	Butter	die	die Butter (Sg.)	Möchtest du Butter aufs Brot oder nur Käse?	11
A2	Café	das	das Café, -s	Kommst du mit ins Café? Ich möchte gern einen Kaffee trinken.	12
A2	Cafeteria	die	die Cafeteria, -s	Ich gehe jetzt in die Cafeteria. Soll ich dir etwas mitbringen?	12
A2	chatten		chatten, chattet, hat gechattet	Luis chattet gern mit seinen Freunden im Internet.	12
A2	Chef	der	der Chef, -s / die Chefin,-nen	Wir haben eine neue Chefin.	12
A2	Club	der	der Club, -s / Klub, -s	Gibt es hier einen Tennis-Club/Klub? / Ich möchte gern tanzen gehen. Wo gibt es hier einen Club/Klub mit guter Musik?	12
A2	der/das Comic		der/das Comic, -s	Mein Sohn liest immer nur Comics.	12
A2	Computer	der	der Computer, -	Wann bekommst du deinen neuen Computer?	12
A2	Creme	die	die Creme, -s/-n	Ich suche eine Creme für die Hände. / Der Kuchen schmeckt super! Was ist in der Creme? – Das ist eine Buttercreme mit viel Schokolade.	12
A2	da		da	Welche Bluse nehmen Sie? - Die da. / Ist Herr Klein schon da? / Wir sprechen gerade über Paul. Da kommt er ja. / Da drüben ist der Bahnhof.	12
A2	da(r)		da(r) (Bsp. darauf, darüber)	Darauf fällt mir keine Antwort ein. / Darüber spreche ich nicht gern.	12
A2	dabei		dabei (sein), ist dabei, war dabei, ist dabei gewesen	Hast du einen Stift dabei? / Schön, dass du da bist. Ist deine Familie auch dabei?	12
A2	dafür/dagegen sein		dafür/dagegen sein, ist dafür/dagegen, war dafür/dagegen, ist dafür/ dagegen gewesen	Ich bin dafür/dagegen.	12
A2	damals		damals	Als Student hatte ich viel Zeit und wollte reisen. / Aber damals hatte ich kein Geld.	12
A2	Dame	die	die Dame, -n	Damen (an der Toilette) / Sehr geehrte Damen und Herren,	12
A2	daneben		daneben	Du weißt doch, wo die Post ist. Daneben ist die Bank.	12
A2	Dank	der	der Dank (Sg.)	Vielen Dank! / Herzlichen Dank!	12
A2	danke		danke	Soll ich Ihnen helfen? - Sehr freundlich, ja danke! / Guten Appetit! - Danke gleichfalls.	12
A2	danken		danken, dankt, hat gedankt	Ich danke Ihnen für die Einladung.	12
A2	dann		dann	Ich muss noch schnell zur Post, dann komme ich. / Wenn es nicht regnet, dann kommen wir.	12
A2	dass		dass	Rico hat gesagt, dass er auch zur Party kommt. / Ich finde es super, dass du mich besuchst.	12
A2	Datei	die	die Datei, -en	Wo hast du die Datei gespeichert? / Kannst du die Datei bitte öffnen?	12
A2	Datum	das	das Datum, -en	Bitte Datum und Unterschrift nicht vergessen! / Welches Datum haben wir heute? / Haben Sie meine Kontaktdaten?	12
A2	dauern		dauern, dauert, hat gedauert	Wie lange dauert die Pause? - Eine halbe Stunde.	12
A2	denken		denken, denkt, hat gedacht	Ich denke, du hast recht. / Ich denke oft an meine Freundin. / Was denkst du? Sollen wir heute Abend ins Kino gehen?	12
A2	denn		denn	Ich kann nicht kommen, denn ich bin krank.	12
A2	deshalb		deshalb	Ich bin krank. Deshalb komme ich heute nicht ins Büro.	12
A2	deutlich		deutlich	Sprechen Sie bitte deutlich! / Können Sie das bitte deutlicher schreiben? Ich kann das nicht lesen.	12
A2	dick		dick	Ich bin zu dick. Ich muss weniger essen.	12
A2	Ding	das	das Ding, -e	Gib mir bitte mal das Ding da drüben! / Was macht man mit diesem Ding? - Damit kann man Flaschen öffnen.	12
A2	direkt		direkt	Wir wohnen direkt über dem Café. / Gibt es keinen direkten Zug nach Hamburg? - Nein, Sie müssen immer umsteigen. / Ich möchte nicht direkt nach der Schule studieren. / Ich möchte erst reisen. / Wir liefern Ihnen das Sofa direkt ins Haus.	12
A2	Disco	die	die Disco, -s / die Disko, -s	Wir gehen heute Abend in die Disco/Disko.	12
A2	diskutieren		diskutieren, diskutiert, hat diskutiert	Ich möchte das mit meinen Kollegen diskutieren.	12
A2	doch		doch	Hast du keinen Hunger? - Doch, ich bin sehr hungrig. / Kannst du morgen nicht kommen? - Doch. / Geh doch mal wieder ins Kino! / Das macht doch nichts!	12
A2	Doppelzimmer	das	das Doppelzimmer, das Dorf, ¨-er	- Möchten Sie ein Doppelzimmer oder ein Einzelzimmer? / Unser Dorf liegt direkt an der Autobahn. / Meine Familie lebt in einem Dorf.	12
A2	dort		dort, -her, -hin	Wir treffen uns vor dem Kino. - Gut, ich bin in fünf Minuten dort. / Dort ist unser Haus. / Deine Tasche kannst du dorthin stellen. / Kommst du mit in die Stadt? - Nein, ich komme gerade dorther/von dort.	12
A2	draußen		draußen	Das Wetter ist so schön. Wollen wir draußen sitzen? / Hunde müssen draußen bleiben.	12
A2	dringend		dringend	Bitte kommen Sie schnell. Es ist dringend.	12
A2	drinnen		drinnen	Wollen Sie drinnen oder draußen sitzen? / Hier drinnen ist es sehr warm.	12
A2	drüben		drüben	Da drüben ist die Haltestelle.	12
A2	drücken		drücken, drückt, hat gedrückt	An dieser Tür musst du drücken, nicht ziehen, dann geht sie auf. / Drücken Sie „Bestätigen“! / Meine Schuhe drücken.	12
A2	drucken		drucken, druckt, hat gedruckt	Wähle einfach „Datei drucken“!	13
A2	Drucker	der	der Drucker, -	Mein Drucker ist kaputt.	13
A2	dumm		dumm	Ich finde den Film dumm. / Entschuldigung, das war dumm von mir. / Das ist mir zu dumm.	13
A2	dunkel		dunkel	Um sechs Uhr ist es schon dunkel. / Meine Schwester hat dunkle Haare. / Ich will eine dunkelblaue Bluse kaufen.	13
A2	dünn		dünn	Das Buch ist sehr dünn. Es hat nur 40 Seiten. / Mein Bruder ist 1,80 Meter groß und 62 Kilo schwer, er ist zu dünn.	13
A2	durch		durch	Am besten gehen Sie durch die Tengstraße. / Wir fahren mit dem Fahrrad durch den Wald.	13
A2	dürfen		dürfen, darf, durfte, hat gedurft	Sie dürfen hier nicht parken. / Dürfen wir heute länger fernsehen? / Darf ich Sie zu einem Kaffee einladen?	13
A2	Durst	der	der Durst (Sing.)	Hast du etwas zu trinken? Ich habe großen Durst.	13
A2	Dusche	die	die Dusche, -n	Unsere Wohnung hat nur eine Dusche.	13
A2	duschen		duschen (sich), duscht, hat geduscht	Ich bade nicht so gern, ich dusche lieber. / Möchten Sie sich duschen? Das Badezimmer ist dort hinten links.	13
A2	E-Book	das	das E-Book, -s	Liest du lieber E-Books oder Bücher aus Papier? / Entschuldigung, kann man hier E-Books kaufen?	13
A2	echt		echt	Ist das Bild ein echter Picasso? / Der Film ist echt gut.	13
A2	Ecke	die	die Ecke, -n	Gehen Sie an der nächsten Ecke links. Dann kommen Sie zur Apotheke. / Wir stellen das Regal in die Ecke.	13
A2	egal		egal	Das ist mir egal. / Willst du Tee oder Kaffee trinken? – Egal.	13
A2	Ehefrau	die	die Ehefrau, -en/ der Ehemann,¨-er/ der Ehepartner, -	Das ist mein Ehemann/meine Ehefrau.	13
A2	Ei	das	das Ei, -er	Möchtest du ein Ei zum Frühstück?	13
A2	eigen-		eigen-	Nicht alle Kinder haben ein eigenes Zimmer.	13
A2	eigentlich		eigentlich	Wir wollten eigentlich Freunde besuchen, aber dann sind wir doch zu Hause geblieben. / Kennst du eigentlich Susanne?	13
A2	eilig		eilig	Hast du es eilig?	13
A2	einfach		einfach	Die Prüfung ist ganz einfach. / Ich verstehe das nicht. Kannst du es bitte einfacher sagen? / Hin und zurück? – Nein, bitte nur eine einfache Fahrt nach Berlin.	13
A2	Eingang	der	der Eingang, ¨-e	Der Eingang ist um die Ecke.	13
A2	einig-		einig-	In diesem Text sind einige Fehler. / Das dauert noch einige Zeit, bis das Essen fertig ist.	13
A2	einkaufen		einkaufen, kauft ein, hat eingekauft	Ich muss noch für morgen einkaufen.	13
A2	Einkaufszentrum	das	das Einkaufszentrum, -en	Kommst du morgen mit ins Einkaufszentrum?	13
A2	einladen		einladen, lädt ein, hat eingeladen	Darf ich Sie zu einem Kaffee einladen?	13
A2	Einladung	die	die Einladung, -en	Danke für die Einladung zu deinem Geburtstag!	13
A2	einmal		einmal	Rufen Sie/Ruf mich bitte morgen noch einmal an. / Diese Prüfung mache ich nicht noch einmal. / Warst du schon einmal in Paris?	13
A2	einpacken		einpacken, packt ein, hat eingepackt	Pack bitte die Handtücher ein ! / Soll ich Ihnen das als Geschenk einpacken?	13
A2	einsteigen		einsteigen, steigt ein, ist eingestiegen	Schnell, steig ein, der Zug fährt gleich ab. / Bitte ab 20 Uhr vorn im Bus einsteigen.	13
A2	eintragen		eintragen (sich), trägt ein, hat eingetragen	Tragen Sie sich bitte in diese Liste ein! / Sie müssen Ihren Namen und Ihre Adresse eintragen.	13
A2	Eintritt	der	der Eintritt, -e	Der Eintritt kostet fünf Euro. / Der Eintritt ist frei. Sie müssen nichts bezahlen.	13
A2	einverstanden		einverstanden	Als Termin schlage ich den 11. Juni vor. - Gut, (ich	13
A2	sein		sein, ist einverstanden, war einverstanden, ist einverstanden	bin) einverstanden. / Bist du einverstanden, wenn wir bald nach Hause gehen?	13
A2	gewesen		gewesen		13
A2	einzel-		einzel-	Nicht alle zusammen. Könnt ihr bitte einzeln sprechen? / Florian ist ein Einzelkind. Er hat keine Geschwister. / Ein Einzelzimmer ist noch frei.	13
A2	einziehen		einziehen, zieht ein, ist eingezogen	Im Juni ziehen unsere neuen Nachbarn ein. / Wann können wir in die Wohnung einziehen?	13
A2	Eis	das	das Eis (Sg.)	Möchtest du auch ein Eis?	13
A2	(E-)Mail	die	die (E-)Mail, -s	Ich schreibe Ihnen/dir eine E-Mail.	13
A2	Empfänger	der	der Empfänger, –	Auf dem Brief steht dein Name, also bist du der Empfänger.	13
A2	empfehlen		empfehlen, empfiehlt, hat empfohlen	Welchen Wein können Sie mir empfehlen?	13
A2	Ende	das	das Ende, -n	Sie wohnt am Ende der Straße. / Er bekommt sein Geld am Monatsende.	13
A2	enden		enden, endet, hat geendet	Die Straße endet hier. / Der Kurs endet in einer Woche.	13
A2	endlich		endlich	Wann kommst du endlich? Der Film fängt gleich an. / Endlich bist du da!	13
A2	eng		eng	Diese Hose ist zu eng. Gibt es sie auch eine Nummer größer?	13
A2	entschuldigen		entschuldigen	Entschuldigen Sie bitte!	13
A2	(sich)		(sich), entschuldigt, hat entschuldigt	Ich möchte mich bei dir entschuldigen.	13
A2	Entschuldigung	die	die Entschuldigung, -en	Oh, Entschuldigung! – Macht nichts. Kein Problem.	13
A2	Erdgeschoss	das	das Erdgeschoss,-e	Ich wohne im Erdgeschoss.	14
A2	Erfahrung	die	die Erfahrung, -en	Ich habe zehn Jahre Erfahrung in diesem Beruf.	14
A2	erinnern		erinnern (sich), erinnert, hat erinnert	Erinnerst du dich an José? - Nein, ich erinnere mich nicht an ihn, tut mir leid. / Kannst du mich morgen bitte an meinen Arzttermin erinnern?	14
A2	erkältet sein		erkältet sein, ist erkältet, war erkältet, ist erkältet	Lisa ist erkältet. Sie kann heute nicht zur Schule gehen.	14
A2	gewesen		gewesen		14
A2	erklären		erklären, erklärt, hat erklärt	Ich verstehe das nicht. Kannst du mir das erklären?	14
A2	erlauben		erlauben, erlaubt, hat erlaubt	Meine Kinder dürfen diesen Film sehen. Ich habe es ihnen erlaubt.	14
A2	erlaubt sein		erlaubt sein, ist erlaubt, war erlaubt, ist erlaubt gewesen	Parken ist hier nicht erlaubt.	14
A2	Erlaubnis	die	die Erlaubnis (Sg.)	Haben Sie eine Arbeitserlaubnis?	14
A2	Ermäßigung	die	die Ermäßigung,-en	Für Schüler, Studenten und Rentner gibt es eine Ermäßigung.	14
A2	erreichen		erreichen, erreicht, hat erreicht	Wenn wir uns beeilen, erreichen wir noch den Zug um acht Uhr. / Bis 18 Uhr können Sie mich im Büro erreichen.	14
A2	erst		erst	Wir können erst morgen kommen. / Dina ist keine 18, sie ist erst 16 Jahre alt.	14
A2	Erwachsene	der	der Erwachsene,-n	Erwachsene zahlen zehn Euro, für Kinder ist der Eintritt frei. / Dieser Film ist nur für Erwachsene.	14
A2	erzählen		erzählen, erzählt, hat erzählt	Wir müssen euch etwas erzählen! / Erzählst du mir eine Geschichte?	14
A2	essen		essen, isst, hat gegessen	Was gibt es zu essen?	14
A2	Essen	das	das Essen, -	Das Essen in der Cafeteria ist meistens ganz gut. / Darf ich Sie zum Essen einladen?	14
A2	etwas		etwas	Ich muss dir etwas erzählen! / Haben Sie etwas zum Schreiben? / Ich habe leider nur Tee. Etwas anderes kann ich dir leider nicht anbieten.	14
A2	Fach	das	das Fach, ¨-er	Welches Fach magst du in der Schule am liebsten?	14
A2	(ab)fahren		(ab)fahren, fährt (ab), ist (ab)gefahren	Ich fahre mit dem Auto zur Arbeit. / Achtung an Gleis 17! Der Zug München - Paris fährt jetzt ab.	14
A2	Abfahrt	die	die Abfahrt, -en	Wir haben noch zwanzig Minuten bis zur Abfahrt.	14
A2	Fahrkarte	die	die Fahrkarte, -n	Hast du schon eine Fahrkarte? / Ihre Fahrkarten, bitte!	14
A2	Fahrplan	der	der Fahrplan, ¨-e	Ist das der neue Fahrplan?	14
A2	(Fahr)Rad	das	das (Fahr)Rad, ¨-er	Wenn es nicht regnet, fahre ich mit dem Fahrrad.	14
A2	fallen		fallen, fällt, ist gefallen	Pass auf, das Glas fällt gleich vom Tisch.	14
A2	falsch		falsch	Die Lösung ist falsch. / Sie haben die falsche Nummer gewählt.	14
A2	Familie	die	die Familie, -n	Meine Familie lebt in Spanien. / Ich habe eine große Familie.	14
A2	Familienname	der	der Familienname, -n	Mein Familienname ist González.	14
A2	Fan	der	der Fan, -s	Er ist ein großer Fußballfan. / Bella ist ein Fan von Rammstein.	14
A2	fantastisch		fantastisch	Dein neues Kleid sieht fantastisch aus! / Das Buch ist fantastisch. Du musst es unbedingt lesen!	14
A2	Farbe	die	die Farbe, -n	Die Farbe gefällt mir gut. / Was ist deine Lieblingsfarbe?	14
A2	fast		fast	Der Film ist fast zu Ende. / Ich habe fast alles verstanden.	14
A2	faul		faul	Heute sind wir faul: Wir machen keine Hausaufgaben und arbeiten nicht.	14
A2	fehlen		fehlen, fehlt, hat gefehlt	Herr Müller ist nicht da, er fehlt schon seit drei Tagen. / Was fehlt Ihnen?	14
A2	Fehler	der	der Fehler, -	Diesen Fehler mache ich immer wieder.	14
A2	Feier	die	die Feier, -n (z. B. Feierabend, Feiertag)	Wann hast du Feierabend? / Am ersten Mai ist ein Feiertag.	14
A2	feiern		feiern, feiert, hat gefeiert	Wir feiern heute meinen Geburtstag. / Die Feier war sehr schön.	14
A2	Fenster	das	das Fenster, -	Kannst du bitte das Fenster öffnen?	14
A2	Ferien	die	die Ferien (Pl.)	Bald haben wir Ferien. / Fährst du in den Ferien weg oder bleibst du zu Hause?	14
A2	fernsehen		fernsehen, sieht fern, hat ferngesehen	Lass uns heute Abend mal fernsehen.	14
A2	Fernseher	der	der Fernseher, -	Der Fernseher ist kaputt.	14
A2	fertig sein		fertig sein, ist fertig, war fertig, ist fertig gewesen	Das Essen ist gleich fertig. Kommst du? / Wir müssen gleich gehen. Bist du fertig?	14
A2	Fest	das	das Fest, -e	Frohes Fest! / Am Wochenende feiern wir ein Fest. Meine Tochter hat Geburtstag.	14
A2	Festival	das	das Festival, -s	Am Wochenende ist in der Stadt ein Musik-Festival.	14
A2	fett		fett	Die Wurst ist mir zu fett.	14
A2	Fieber	das	das Fieber (Sg.)	Sie hat hohes Fieber.	14
A2	Film	der	der Film, -e	Ich möchte gern diesen Film sehen.	14
A2	finden		finden, findet, hat gefunden	Wir müssen den Schlüssel finden. / Ich finde es nicht gut, dass du so viel arbeitest. / Ich finde ihn sehr nett.	14
A2	Firma	die	die Firma, -en	Er arbeitet jetzt bei einer anderen Firma.	14
A2	Fisch	der	der Fisch, -e	Fisch mag ich lieber als Fleisch.	14
A2	fit sein		fit sein, ist fit, war fit, ist fit gewesen	Tom will fit sein. Er geht jeden Tag ins Fitnessstudio.	14
A2	Flasche	die	die Flasche, -n	Eine Flasche Mineralwasser, bitte!	15
A2	Fleisch	das	das Fleisch (Sg.)	Fleisch mag ich nicht.	15
A2	fleißig		fleißig	Ibrahim ist sehr fleißig. Er macht immer seine Hausaufgaben.	15
A2	(ab)fliegen		(ab)fliegen, fliegt (ab), ist (ab)geflogen	Ich fliege nicht gern; ich fahre lieber mit dem Zug. / Ich fliege in den Ferien nach Spanien. / Wann fliegst du ab?	15
A2	Flohmarkt	der	der Flohmarkt, ¨-e	Ich gehe gern auf den Flohmarkt. / Diesen Hut habe ich auf dem Flohmarkt gekauft.	15
A2	Flug	der	der Flug, ¨-e	Ich möchte einen Flug nach Kanada buchen. / Der Flug LH123 von München nach Frankfurt ist um 21:00 Uhr.	15
A2	Flughafen	der	der Flughafen, ¨	Kannst du mich zum Flughafen bringen?	15
A2	Flugzeug	das	das Flugzeug, -e	Das Flugzeug aus Berlin hat Verspätung. / Das Flugzeug startet in einer halben Stunde. Wir müssen uns beeilen.	15
A2	Fluss	der	der Fluss, ¨-e	Der Rhein ist ein großer Fluss.	15
A2	Formular	das	das Formular, -e	Sie müssen dieses Formular ausfüllen.	15
A2	Fotoapparat	der	der Fotoapparat, -e	Ich möchte mir einen Fotoapparat kaufen.	15
A2	fotografieren		fotografieren, fotografiert, hat fotografiert	Ich fotografiere gern.	15
A2	Foto	das	das Foto, -s	Darf ich ein Foto machen?	15
A2	Frage	die	die Frage, -n	Ich habe eine Frage.	15
A2	fragen		fragen, fragt, hat gefragt	Er fragt, wann er kommen kann. / Ich möchte Sie etwas fragen.	15
A2	Frau	die	die Frau, -en	Das ist Frau Becker. / Guten Tag, Frau Schmitt! / Hier arbeiten mehr Frauen als Männer.	15
A2	frei		frei	Entschuldigung, ist dieser Platz noch frei? / Morgen haben wir frei. / Eintritt frei.	15
A2	freiwillig		freiwillig	Manchmal bleibe ich freiwillig länger im Büro.	15
A2	Freizeit	die	die Freizeit (Sg.)	In meiner Freizeit spiele ich oft Fußball.	15
A2	fremd		fremd	Das weiß ich nicht; ich bin fremd hier. / Ich reise gern in fremde Länder.	15
A2	freuen		freuen (sich), freut, hat gefreut	Zum Geburtstag habe ich ein interessantes Buch bekommen. Ich freue mich sehr über das Geschenk. / Die Kinder freuen sich schon auf die Ferien. / Ich freue mich, weil ich heute mit meinen Freunden Fußball spiele. / Es/Das freut mich!	15
A2	Freund	der	der Freund, -e, die Freundin, -nen	Das ist ein Freund von mir. / Das ist meine Freundin Susanne.	15
A2	freundlich		freundlich	Er ist immer sehr freundlich zu mir. / Mit freundlichen Grüßen	15
A2	frisch		frisch	Das Brot ist noch ganz frisch. Ich habe es gerade gekauft.	15
A2	froh		froh	Ich bin froh, dass du kommen kannst. / Frohes Fest!	15
A2	früh		früh	Geht es auch später? Sechs Uhr ist mir zu früh. / Ich muss morgen sehr früh aufstehen.	15
A2	früher		früher	Früher habe ich in Berlin gewohnt. / Wir nehmen den früheren Zug.	15
A2	Frühstück	das	das Frühstück (Sg.)	Möchtest du ein Ei zum Frühstück?	15
A2	frühstücken		frühstücken, frühstückt, hat gefrühstückt	Ich frühstücke immer um 9:00 Uhr.	15
A2	fühlen		fühlen (sich), fühlt, hat gefühlt	Wie fühlen Sie sich? / Ich fühle mich heute nicht gut.	15
A2	Führerschein	der	der Führerschein, -e	Hast du den Führerschein? / Sie hat die Führerscheinprüfung bestanden.	15
A2	Führung	die	die Führung, -en	Die nächste Führung beginnt um 15 Uhr.	15
A2	Fundsachen	die	die Fundsachen (Pl.)	Haben Sie meinen Schirm gefunden? - Sie können dort bei den Fundsachen schauen.	15
A2	für		für	Das Paket ist für Sie. / Das ist der Schlüssel für die Haustür. / Gibt es hier einen Sportverein für Jugendliche?	15
A2	furchtbar		furchtbar	Er hat furchtbare Schmerzen. / Die Hose sieht ja furchtbar aus. So kannst du nicht zur Arbeit gehen!	15
A2	Fuß	der	der Fuß, ¨-e	Der linke Fuß tut mir weh. / Gehen Sie zu Fuß zur Arbeit?	15
A2	Fußball	der	der Fußball, ¨-e	Spielt ihr gern Fußball?	15
A2	Gabel	die	die Gabel, -n	Kann ich bitte eine Gabel haben?	15
A2	ganz		ganz	Oh nein! Was ist passiert? Ist deine Brille jetzt kaputt? - Nein, zum Glück ist sie noch ganz! / Morgen haben wir den ganzen Tag Schule. / Ich bin ganz sicher, dass dein Termin am Montag ist. / Ich finde Lara ganz nett. / Oh, ich habe meinen Zahnarzttermin ganz vergessen.	15
A2	Garage	die	die Garage, -n	Hier ist eine Garage für dein Auto.	15
A2	Garten	der	der Garten, ¨	Wir haben leider keinen Garten.	15
A2	Gast	der	der Gast, ¨-e	Heute Abend haben wir Gäste.	15
A2	geben		geben, gibt, hat gegeben	Kannst du mir mal deinen Stift geben? / Es gibt keine Karten mehr für das Konzert.	15
A2	geboren		geboren	Ich bin in Zagreb geboren. / Wann und wo sind Sie geboren?	15
A2	Geburts-		Geburts- (jahr, ort, tag), (-e, -e, -e)	Das Geburtsjahr Ihres Sohnes, bitte? / Bitte tragen Sie Ihren Geburtsort noch ein. / Herzlichen Glückwunsch zum Geburtstag!	15
A2	geehrt-		geehrt-	Sehr geehrte Damen und Herren,	15
A2	gefährlich		gefährlich	Du darfst nicht bei Rot über die Straße gehen. Das ist gefährlich.	15
A2	gefallen		gefallen, gefällt, hat gefallen	Das Bild gefällt mir. / Wie gefällt es Ihnen in Berlin?	15
A2	gegen		gegen	Fahr nicht gegen den Baum! / Ich bin gegen diesen Vorschlag. / Wer spielt gegen wen? - Bayern gegen Dortmund. / Haben Sie etwas gegen Grippe?	15
A2	Gegenteil	das	das Gegenteil , -e	Das Gegenteil von „klein“ ist „groß“.	16
A2	gegenüber		gegenüber	Die Post ist gegenüber vom Bahnhof. / Die Hausnummer 84 ist gleich gegenüber.	16
A2	Gehalt	das	das Gehalt, ¨-er	Sie ist mit ihrem Gehalt zufrieden.	16
A2	gehen		gehen, geht, ist gegangen	Ich weiß nicht, wie das geht. / Wie geht‘s? - Es geht. / Ich muss jetzt leider gehen. / Ich muss zum Arzt gehen. / Das geht (doch) nicht! / Nimmst du die Straßenbahn? - Nein, ich gehe lieber zu Fuß.	16
A2	gehören		gehören, gehört, hat gehört	Gehört der Stift dir?	16
A2	Geld	das	das Geld (Sg.)	Hast du noch Geld? / Kannst du mir ein bisschen Geld leihen?	16
A2	Geldbörse	die	die Geldbörse, -n	Sie hat ihre Geldbörse verloren.	16
A2	Gemüse	das	das Gemüse (Sg.)	Wir kaufen das Gemüse immer auf dem Markt. / Tomaten sind mein Lieblingsgemüse.	16
A2	genau		genau	Sind Sie sicher, dass die Prüfung am 15. Juni ist? - Ja, das weiß ich genau. / Die Uhr geht genau. / Es ist genau acht Uhr.	16
A2	genug		genug	Es ist noch genug Pizza da. Möchtest du noch ein Stück? / Ich verdiene nicht genug.	16
A2	Gepäck	das	das Gepäck (Sg.)	Wollen Sie Ihr Gepäck mitnehmen? / Sie können Ihr Gepäck auch im Hotel lassen.	16
A2	gerade		gerade	Kannst du später anrufen? Wir essen gerade. / Was machst du gerade? / Da kommt er ja gerade.	16
A2	geradeaus		geradeaus	Gehen Sie immer geradeaus!	16
A2	Gerät	das	das Gerät, -e	Elektrogeräte finden Sie im dritten Stock.	16
A2	Gericht	das	das Gericht, -e	Mein Lieblingsgericht ist Pizza.	16
A2	gern		gern, lieber, am liebsten	Ich helfe Ihnen gern. / Kaffee oder Tee? - Ich trinke lieber einen Tee. / Am liebsten trinke ich Kaffee.	16
A2	Geschäft	das	das Geschäft, -e	Die Geschäfte schließen um 18.30 Uhr.	16
A2	Geschenk	das	das Geschenk, -e	Danke für das schöne Geschenk.	16
A2	Geschichte	die	die Geschichte, -n	Erzählst du mir eine Geschichte? / Ich interessiere mich nicht für Geschichte. / Paul hat gute Noten in Geschichte.	16
A2	Geschirr	das	das Geschirr (Sg.)	Stellst du bitte das Geschirr in den Schrank?	16
A2	Gesicht	das	das Gesicht, -er	Wasch dir bitte das Gesicht. / Sie hat ein freundliches Gesicht.	16
A2	Gespräch	das	das Gespräch, -e	Sie hören ein Gespräch. Zu diesem Gespräch gibt es fünf Aufgaben. / Das Gespräch mit Frau Kunz ist um 14 Uhr.	16
A2	gestern		gestern	Gestern wollte ich dich anrufen.	16
A2	gesund		gesund	Ich hatte Grippe. Jetzt bin ich wieder gesund.	16
A2	Gesundheit	die	die Gesundheit (Sg.)	Gesundheit! Sind Sie erkältet?	16
A2	Getränk	das	das Getränk, -e	Mein Lieblingsgetränk ist Tomatensaft. / Die Getränkekarte, bitte!	16
A2	gewinnen		gewinnen, gewinnt, hat gewonnen	Unsere Mannschaft hat gewonnen. / Mein Sohn will bei diesem Spiel immer gewinnen.	16
A2	Gewitter	das	das Gewitter, -	Ich glaube, es gibt heute ein Gewitter.	16
A2	Gitarre	die	die Gitarre, -n	Er kann gut Gitarre spielen.	16
A2	Glas	das	das Glas, ¨-er	Bitte noch ein Glas Apfelsaft! / Wir brauchen noch drei Gläser.	16
A2	glauben		glauben, glaubt, hat geglaubt	Sie können mir glauben, es ist so. / Ich glaube, er kommt gleich.	16
A2	gleich		gleich	Ich komme gleich. / Wir sind gleich alt.	16
A2	Gleis	das	das Gleis, -e	Der ICE nach Berlin hält heute an Gleis 12.	16
A2	Glück	das	das Glück (Sg.)	Viel Glück! / Oh, es regnet. Zum Glück habe ich meinen Schirm dabei.	16
A2	glücklich		glücklich	Meine Tochter ist glücklich verheiratet. / Ein glückliches neues Jahr!	16
A2	Glückwunsch	der	der Glückwunsch, ¨-e	Herzlichen Glückwunsch zum Geburtstag!	16
A2	gratulieren		gratulieren, gratuliert, hat gratuliert	Ich gratuliere dir!	16
A2	grillen		grillen, grillt, hat gegrillt	Heute grillen wir im Garten.	16
A2	Grippe	die	die Grippe (Sg.)	Ich habe eine Grippe und kann leider nicht kommen.	16
A2	groß		groß	Mein Bruder und ich sind gleich groß. / Frankfurt ist eine große Stadt. / Unsere Wohnung ist 80 m² groß.	16
A2	Größe	die	die Größe, -n	Haben Sie das T-Shirt auch in Größe M?	16
A2	Gruppe	die	die Gruppe, -n	Die erste Gruppe beginnt um 16 Uhr. / Für Gruppen gibt es eine Ermäßigung.	16
A2	Gruß	der	der Gruß, ¨-e	Viele Grüße an Ihre Frau. / Liebe Grüße Mit freundlichen Grüßen	16
A2	gültig sein		gültig sein, ist gültig, war gültig, ist gültig gewesen	Der Pass ist nicht mehr gültig.	16
A2	günstig		günstig	In diesem Laden gibt es immer günstige Angebote. / Ich suche ein günstiges Sofa.	16
A2	gut		gut, besser, am besten	Das finde ich gut. / Ich komme um 17 Uhr. – Gut! / Guten Morgen! / Ein gutes neues Jahr! / Guten Appetit! / Welches Bild gefällt dir besser? / Dieses Kleid finde ich am besten.	16
A2	Haar	das	das Haar, -e	Sie hat lange Haare.	16
A2	haben		haben, hat, hatte, hat gehabt	Ich habe ein neues Auto. / Hast du kurz Zeit?	16
A2	Hähnchen	das	das Hähnchen, -	Ein Hähnchen mit Pommes, bitte!	16
A2	Halle	die	die Halle, -n	Wir treffen uns in Halle B. / Wo ist die neue Sporthalle?	17
A2	hallo		hallo	Hallo Inge! Wie geht’s?	17
A2	Hals	der	der Hals, ¨-e	Mir tut der Hals weh. / Ich habe seit gestern Halsschmerzen.	17
A2	halten		halten, hält, hat gehalten	Dieser Zug hält nicht in Rüdesheim. / Kannst du mal kurz meine Jacke halten?	17
A2	Haltestelle	die	die Haltestelle, -n	An der nächsten Haltestelle müssen Sie aussteigen.	17
A2	Hamburger	der	der Hamburger, -	Einen Hamburger ohne Salat, bitte.	17
A2	Hand	die	die Hand, ¨-e	Wasch dir bitte die Hände vor dem Essen.	17
A2	Handtuch	das	das Handtuch, ¨-er	Gibst du mir bitte ein frisches Handtuch?	17
A2	Handy	das	das Handy, -s	In der Schule bitte die Handys ausmachen! / Kannst du mir bitte deine Handynummer geben?	17
A2	hängen		hängen, hängt, hat gehangen/ gehängt	Im Museum hängen moderne Bilder. / Warum hast du das Bild noch nicht an die Wand gehängt? / Das Bild von meiner Tochter hat im Wohnzimmer gehangen.	17
A2	hart		hart	Ich finde das Bett zu hart. / Die Brötchen sind ja ganz hart.	17
A2	hässlich		hässlich	Ich finde das Kleid hässlich. Es gefällt mir nicht.	17
A2	Hauptstadt	die	die Hauptstadt, ¨-e	Berlin ist die Hauptstadt von Deutschland.	17
A2	Haus	das	das Haus, ¨-er	In welchem Haus wohnst du? / Ich gehe jetzt nach Hause. / Paul ist nicht zu Hause.	17
A2	Haushalt	der	der Haushalt, -e	Wer macht bei euch den Haushalt? - Meine Frau und ich machen den Haushalt zusammen: Ich wasche die Wäsche und sie putzt und räumt auf.	17
A2	Heft	das	das Heft, -e	Hast du dein Heft dabei?	17
A2	Heimat	die	die Heimat (Sg.)	Ich komme aus der Schweiz. Das ist meine Heimat. / Mein Heimatland ist Italien. Dort bin ich geboren. / Jetzt lebe ich in Deutschland, das ist meine neue Heimat.	17
A2	heiraten		heiraten, heiratet, hat geheiratet	Meine Schwester heiratet nächsten Monat.	17
A2	heiß		heiß	Vorsicht, der Tee ist heiß! / Mir ist heiß. Kannst du das Fenster öffnen?	17
A2	heißen		heißen, heißt, hat geheißen	Ich heiße Charlotte Meier. / Wie heißt das auf Deutsch?	17
A2	Heizung	die	die Heizung, -en	Es ist kalt. Ist die Heizung kaputt?	17
A2	helfen		helfen, hilft, hat geholfen	Würden Sie mir bitte helfen?	17
A2	hell		hell	Im Sommer ist es bis 21 Uhr hell. / Mein Zimmer ist sehr hell. / Haben Sie das T-Shirt auch in hellblau?	17
A2	Hemd	das	das Hemd, -en	Nick trägt heute ein neues Hemd.	17
A2	her/her-/-her		her/her-/-her	Komm bitte mal her! / Herein! Die Tür ist offen. / Woher kommen Sie?	17
A2	heraus/raus		heraus/raus	Möchtet ihr nicht rauskommen? Das Wetter ist so schön. / Kannst du bitte den Müll rausbringen?	17
A2	herein/rein		herein/rein	Herein! Die Tür ist offen. / Möchtest du nicht reinkommen? Ich kann uns einen Tee machen.	17
A2	Herd	der	der Herd, -e	In der neuen Küche fehlt noch der Herd.	17
A2	Herr	der	der Herr, -en	Guten Tag, Herr Sommer!	17
A2	herstellen		herstellen, stellt her, hat hergestellt	In unserer Firma stellen wir Möbel her.	17
A2	herunterladen		herunterladen, lädt herunter, hat heruntergeladen	Er lädt die Musik aus dem Internet herunter.	17
A2	herzlich		herzlich	Herzlichen Glückwunsch!	17
A2	heute		heute	Heute ist ein schöner Tag. / Heute muss ich nur bis 16 Uhr arbeiten.	17
A2	hier		hier	Elektro Bauer, guten Tag. Hier ist Pamela Linke. / Was kann ich für Sie tun? / Hier wohne ich. / Unterschreiben Sie bitte hier!	17
A2	Hilfe	die	die Hilfe (Sg.)	Hilfe! Bitte helfen Sie mir! / Er bekommt Hilfe von Freunden.	17
A2	Himmel	der	der Himmel (Sg.)	Heute ist so tolles Wetter: Der Himmel ist blau und es gibt keine Wolken.	17
A2	hin/hin-/-hin		hin/hin-/-hin	Wo gehst du hin?/Wohin gehst du? / Wohin ist Paul gegangen? – Ich glaube dorthin. / Er geht in den Garten hinaus. / Wir gehen ins Haus hinein.	17
A2	hinten		hinten	Die Tür zum Aussteigen ist hinten. / Bitte hinten aussteigen!	17
A2	hinter		hinter	Hinter dem Haus haben wir einen Garten.	17
A2	Hobby	das	das Hobby, -s	Meine Hobbys sind Joggen und Schwimmen.	17
A2	hoch		hoch	Der Mount Everest ist circa 8.880 Meter hoch. / Die Preise in diesem Laden sind sehr hoch.	17
A2	Hochzeit	die	die Hochzeit, -en	Zu seiner Hochzeit kommen mehr als einhundert Gäste.	17
A2	hoffen		hoffen, hofft, hat gehofft	Ich hoffe, dass es dir gut geht.	17
A2	hoffentlich		hoffentlich	Hoffentlich hat unser Zug keine Verspätung.	17
A2	holen		holen, holt, hat geholt	Soll ich uns etwas zu trinken holen?	17
A2	Homepage	die	die Homepage, -s	Auf der Homepage von Freiburg gibt es alle wichtigen Informationen über die Stadt. / Kennst du eine Homepage mit Deutschübungen?	17
A2	hören		hören, hört, hat gehört	Hör mal! Was ist das? / Ich habe das Lied schon mal gehört.	17
A2	Hose	die	die Hose, -n	Kann ich die Hose waschen?	17
A2	Hotel	das	das Hotel, -s	Im Urlaub sind wir in einem Hotel am Meer.	17
A2	Hund	der	der Hund, -e	Magst du Hunde? / Meine Tochter hat Angst vor Hunden.	17
A2	Hunger	der	der Hunger (Sg.)	Ich habe Hunger! Wann können wir endlich essen?	17
A2	husten		husten, hustet, hat gehustet	Sie hustet seit zwei Tagen. Sie ist krank.	17
A2	Idee	die	die Idee, -n	Was machen wir heute Abend? Hast du eine gute Idee?	18
A2	immer		immer	Frau Bast kommt immer zu spät.	18
A2	in		in	Ich wohne in Wiesbaden. / Der Zug kommt in fünf Minuten. / Frau Rausch arbeitet im Reisebüro. / Komm, wir gehen ins Kino.	18
A2	Information	die	die Information,-en	Wir haben hier einige wichtige Informationen für Sie. / Wenn Sie Fragen haben, gehen Sie zur Information.	18
A2	informieren		informieren	Ich möchte mich vor der Reise über das Land	18
A2	(über)		(sich) (über), informiert, hat informiert	informieren. / Hast du dich über die Prüfung informiert?	18
A2	Insel	die	die Insel, -n	Ich möchte im Sommer auf einer Insel Urlaub machen. / Rügen ist die größte deutsche Insel.	18
A2	Instrument	das	das Instrument, -e	Ich spiele Klavier. Spielen Sie auch ein Instrument?	18
A2	intelligent		intelligent	Einstein war sehr intelligent.	18
A2	Interesse	das	das Interesse, -n	Ich habe viele Interessen: Sport, Lesen, Kultur, Reisen.	18
A2	interessieren		interessieren (sich), interessiert, hat interessiert	Ich interessiere mich für Fußball. / Den Artikel über Brasilien finde ich sehr interessant.	18
A2	interessant		interessant	Ich lese gerade ein interessantes Buch.	18
A2	international		international	Unser Deutschkurs ist international: Silvana kommt aus Italien, Conchi aus Spanien, Yin aus China …	18
A2	Internet	das	das Internet (Sg.)	Das findest du im Internet. / Du kannst im Internet Musik hören oder Spiele spielen.	18
A2	Interview	das	das Interview, -s	Komm schnell! Im Radio kommt ein Interview mit deinem Lieblingssänger.	18
A2	ja		ja	Sind Sie Herr Watanabe? – Ja. / Du bist hier in Berlin? Das ist ja toll!	18
A2	Jacke	die	die Jacke, -n	Zieh dir eine Jacke an. Es ist kalt.	18
A2	Jeans	die	die Jeans (Pl.)	Ich mag Jeans lieber als Röcke.	18
A2	jeder		jeder, e, s	Das Restaurant hat jeden Tag geöffnet. / Jedes Kind bekommt einen Ball.	18
A2	jemand		jemand	Hat jemand meinen Stift? / Hallo, ist jemand da?	18
A2	jetzt		jetzt	Jetzt machen wir eine Pause.	18
A2	Job	der	der Job, -s	Jenny hat einen neuen Job bei der Post. / Ich suche noch einen Ferienjob.	18
A2	joggen		joggen, joggt, ist/hat gejoggt	Ich jogge gern im Park.	18
A2	Jugendherberge	die	die Jugendherberge, -n	Wir übernachten in einer Jugendherberge.	18
A2	Jugendliche	der/die	der/die Jugendliche, -n	Viele Jugendliche hören den ganzen Tag Musik. / Der Eintritt für Kinder und Jugendliche bis 16 Jahre ist frei.	18
A2	jung		jung	Claudia ist 21. – Was? Noch so jung? / Bei uns im Haus wohnen viele junge Leute. / Mein Bruder ist fünf Jahre jünger als ich.	18
A2	Junge	der	der Junge, -n	In der Klasse von meiner Tochter sind 13 Jungen und 15 Mädchen.	18
A2	Kaffee	der	der Kaffee, -s	Zum Frühstück trinke ich immer Kaffee. / Einen Kaffee, bitte.	18
A2	Kalender	der	der Kalender, -	Haben Sie am Montag Zeit? - Einen Moment, ich schaue in meinem Kalender. / Ich schreibe alle Termine in meinen Kalender.	18
A2	kalt		kalt	Heute ist es sehr kalt. / Der Kaffee ist kalt. Ich möchte ihn nicht mehr trinken. / Mir ist kalt.	18
A2	Kamera	die	die Kamera, -s	Hannes hat eine neue Kamera. Er kann mit der Kamera Fotos und Filme machen.	18
A2	kaputt		kaputt	Unsere Waschmaschine ist kaputt.	18
A2	Karte	die	die Karte, -n	Ich schreibe meinen Bekannten eine Karte aus dem Urlaub. / Wollen wir Karten spielen? / Du musst noch die Karten für das Konzert abholen, vergiss das bitte nicht! / Die Karte, bitte! Ich möchte etwas bestellen. / Kann ich auch mit Karte (be-)zahlen?	18
A2	Kartoffel	die	die Kartoffel, -n	Für Pommes frites braucht man Kartoffeln.	18
A2	Käse	der	der Käse (Sg.)	Isst du lieber Käse oder Wurst?	18
A2	Kasse	die	die Kasse, -n	Zahlen Sie bitte an der Kasse.	18
A2	Katze	die	die Katze, -n	Meine Tochter wünscht sich eine Katze.	18
A2	kaufen		kaufen, kauft, hat gekauft	Tim kauft sich ein neues Auto.	18
A2	Kaufhaus	das	das Kaufhaus, -¨er	Meine Pullover kaufe ich immer im Kaufhaus Hertie.	18
A2	kein		kein, e	Hast du keinen Hunger? / Ich habe heute leider keine Zeit. / Ich spreche leider kein Chinesisch. / Ich habe keine Kinder.	18
A2	Keller	der	der Keller, -	Bitte bring die Kartoffeln in den Keller! / Die Waschmaschinen sind im Keller.	18
A2	kennen		kennen, kennt, hat gekannt	Kennen Sie diese Frau? – Nein, leider nicht. / Kennen Sie Berlin? – Ja, eine tolle Stadt.	18
A2	kennenlernen		kennenlernen, lernt kennen, hat kennengelernt	Wo habt ihr euch kennengelernt? – Wir haben uns in München kennengelernt.	18
A2	Kenntnisse	die	die Kenntnisse (Pl.)	Deine Deutschkenntnisse sind sehr gut! / Ich möchte meine Computerkenntnisse verbessern.	18
A2	Kette	die	die Kette, -n	Meine Mutter bekommt eine schöne Kette zum Geburtstag.	18
A2	Kind	das	das Kind, -er	Wie viele Kinder haben Sie?	18
A2	Kindergarten	der	der Kindergarten,¨-	Die kleine Laura geht schon in den Kindergarten.	18
A2	Kino	das	das Kino, -s	Gehen wir heute Abend zusammen ins Kino?	18
A2	Kiosk	der	der Kiosk , -e	Zeitungen kannst du am Kiosk kaufen.	19
A2	Kirche	die	die Kirche, -n	Diese Kirche ist fast 800 Jahre alt.	19
A2	klappen		klappen, klappt, hat geklappt	Können wir uns heute Mittag treffen? – Ja, das klappt. / Wie war die Reise? - Gut, es hat alles super geklappt.	19
A2	klar		klar	Kommst du mit? – Klar! / Ich komme morgen zu deiner Party, das ist doch klar.	19
A2	Klavier	das	das Klavier, -e	Jakob kann sehr gut Klavier spielen.	19
A2	Kleid	das	das Kleid, -er	Julia möchte ein rotes Kleid kaufen.	19
A2	Kleidung	die	die Kleidung (Sg.)	Wo finde ich Kleidung? – Hosen im ersten, Kleider und Röcke im zweiten Stock.	19
A2	klein		klein	Unsere Wohnung ist sehr klein. / Unsere Tochter ist noch klein. Sie ist erst zwei Jahre alt. / Wir machen am Wochenende einen kleinen Ausflug.	19
A2	klug		klug	Molly ist ein kluges Mädchen. / Lisa ist sehr klug. Sie bekommt immer gute Noten. / Das ist klug von dir.	19
A2	kochen		kochen, kocht, hat gekocht	Herr Georgi kann gut kochen. / Das Wasser kocht.	19
A2	Koffer	der	der Koffer, -	Hast du den Koffer schon gepackt?	19
A2	Kollege	der	der Kollege, -n / die Kollegin, -nen	Wie heißt die neue Kollegin?	19
A2	komisch		komisch	Der Film war sehr komisch. Wir haben viel gelacht. / Eine grüne Hose und gelbe Schuhe? Das sieht komisch aus. / Das Essen schmeckt komisch. Probier mal!	19
A2	kommen		kommen, kommt, ist gekommen	Woher kommen Sie? – Aus Frankreich. / Er wird bald kommen.	19
A2	können		können, kann, konnte, hat gekonnt	Ich kann Deutsch und Russisch. Aber Englisch kann ich nicht. / Können Sie mir helfen? / Du kannst durch den Park laufen, das ist am schnellsten. / Kann ich jetzt nach Hause gehen? / Sie können mit dem Bus an den Bahnhof fahren.	19
A2	Kontakt	der	der Kontakt, -e	Ich habe wenig Kontakt zu meinen Kollegen. / Bitte schicken Sie mir Ihre Kontaktdaten!	19
A2	Konto	das	das Konto, -en	Das Geld überweisen wir am ersten März auf Ihr Konto.	19
A2	kontrollieren		kontrollieren, kontrolliert, hat kontrolliert	Können Sie bei meinem Auto bitte das Öl kontrollieren? / Bitte öffnen Sie Ihren Koffer, wir müssen Ihr Gepäck kontrollieren.	19
A2	Konzert	das	das Konzert, -e	Für das Konzert am Sonntag gibt es noch Karten.	19
A2	Kopf	der	der Kopf, ¨-e	Mein Kopf tut weh!	19
A2	Körper	der	der Körper, -	Der Arzt sagt, ich muss etwas für meinen Körper tun, z. B. schwimmen oder Fahrrad fahren.	19
A2	Kosmetik	die	die Kosmetik (Sg.)	Kosmetik können Sie im Erdgeschoss kaufen.	19
A2	kosten		kosten, kostet, hat gekostet	Wie viel kostet das Buch? – 20 Euro.	19
A2	kostenlos		kostenlos	Diese Zeitschrift kostet nichts. Sie ist kostenlos.	19
A2	krank		krank	Ich kann heute nicht zur Arbeit kommen, ich bin krank und liege im Bett.	19
A2	Krankenhaus	das	das Krankenhaus, ¨-er	Meine Tante ist im Krankenhaus. / Er hat sich verletzt und muss ins Krankenhaus.	19
A2	Krankenkasse	die	die Krankenkasse, -n	Bei welcher Krankenkasse sind Sie?	19
A2	Krankheit	die	die Krankheit, -en	Welche Krankheit hat Herr Brandner?	19
A2	Kredit	der	der Kredit, -e	Ich brauche einen Kredit von der Bank. / Bezahlen Sie mit Kreditkarte?	19
A2	Kreuzung	die	die Kreuzung, -en	Fahren Sie an der nächsten Kreuzung rechts.	19
A2	kriegen		kriegen, kriegt, hat gekriegt	Ich kriege 15 Euro pro Stunde für meinen Job. / Auch wenn du schnell läufst: Ich kriege dich. / Was kriegen Sie? – Ein Käsebrötchen, bitte.	19
A2	Krimi	der	der Krimi, -s	Miriam liest gern spannende Krimis. / Schauen wir am Sonntag zusammen den Tatort? – Nein, ich mag keine Krimis.	19
A2	Küche	die	die Küche, -n	Ich suche eine neue Wohnung mit drei Zimmern, Küche und Bad.	19
A2	Kuchen	der	der Kuchen, -	Er isst sonntags ein Stück Kuchen. / Schokoladenkuchen schmeckt mir am besten.	19
A2	kühl		kühl	Es ist kühl draußen. Zieh dir eine Jacke an.	19
A2	Kühlschrank	der	der Kühlschrank, ¨-e	Haben wir noch Milch? – Ja, im Kühlschrank.	19
A2	Kultur	die	die Kultur, -en	Ich finde fremde Länder und Kulturen sehr interessant. / Jana interessiert sich sehr für Kultur. Sie geht jede Woche ins Theater oder ins Museum.	19
A2	kümmern		kümmern (sich), kümmert, hat gekümmert	Sonja kann nicht arbeiten. Sie muss sich um ihre Tochter kümmern. / Ich habe jetzt keine Zeit. Ich muss mich um das Essen kümmern.	19
A2	Kunde	der	der Kunde, -n / die Kundin, -nen	Einen Moment, bitte. Ich habe eine Kundin.	19
A2	kündigen		kündigen, kündigt, hat gekündigt	Meine Arbeit gefällt mir nicht mehr. Ich habe heute gekündigt.	19
A2	Kunst	die	die Kunst, ¨-e	Ich verstehe nichts von moderner Kunst. / Kunst war mein Lieblingsfach in der Schule.	19
A2	Kurs	der	der Kurs, -e	Der Deutschkurs dauert zwei Monate.	19
A2	kurz		kurz	Ricardo hat kurze Haare. / Kann ich Sie kurz sprechen?	19
A2	lachen		lachen, lacht, hat gelacht	Die Kinder lachen über den Witz. / Lachen ist gesund.	19
A2	Laden	der	der Laden, ¨-	Ich kaufe meine Kleider immer in einem kleinen Laden im Zentrum.	19
A2	Lampe	die	die Lampe, -n	Mach bitte die Lampe an. Es ist so dunkel.	19
A2	Land	das	das Land, ¨-er	Deutschland ist ein schönes Land. / Möchten Sie lieber auf dem Land oder in der Stadt wohnen?	19
A2	Landschaft	die	die Landschaft, -en	Die Landschaft ist sehr schön.	19
A2	lang		lang	Die Hose ist zu lang. Können Sie sie ändern?	20
A2	lange		lange	Wie lange fährt der Zug von Hamburg nach Berlin?	20
A2	langsam		langsam	Könnten Sie bitte etwas langsamer sprechen?	20
A2	langweilig		langweilig	Mir ist langweilig. / Sie findet Fußball sehr langweilig.	20
A2	der/das Laptop		der/das Laptop, -s	Ich brauche einen neuen Laptop.	20
A2	lassen		lassen, lässt, hat gelassen	Lass mich in Ruhe! / Kann ich mein Auto hier stehen lassen? / Ich kann meine kleine Tochter noch nicht allein lassen.	20
A2	laufen		laufen, läuft, ist gelaufen	Ich gehe jeden Morgen laufen. / Unsere Tochter ist erst ein Jahr alt, aber sie kann schon laufen. / Wann läuft der Film?	20
A2	laut		laut	Nicht so laut! Das Baby schläft.	20
A2	leben		leben, lebt, hat gelebt	Sie lebt bei ihrer Schwester. / Ihre Großeltern leben nicht mehr.	20
A2	Leben	das	das Leben, -	Hier in London ist das Leben teuer.	20
A2	Lebensmittel	die	die Lebensmittel (Pl.)	Lebensmittel bekommen Sie im Supermarkt.	20
A2	leer		leer	Die Kanne ist fast leer. Ich mache neuen Tee.	20
A2	legen		legen, legt, hat gelegt	Legen Sie das Buch auf den Tisch.	20
A2	leicht		leicht	Das Paket ist leicht, es wiegt nur ein Kilo. / Die Aufgabe ist nicht leicht.	20
A2	leider		leider	Leider kann ich nicht kommen. Ich muss zum Arzt.	20
A2	leidtun/leid tun		leidtun/leid tun, tut leid, hat leidgetan	Es tut mir leid, dass ich nicht kommen kann.	20
A2	leihen		leihen, leiht, hat geliehen	Kannst du mir fünf Euro leihen?	20
A2	leise		leise	Seid leise. Die anderen schlafen schon.	20
A2	lernen		lernen, lernt, hat gelernt	Wie lange lernen Sie schon Deutsch?	20
A2	lesen		lesen, liest, hat gelesen	In der Schule lesen wir ein Buch von Goethe.	20
A2	letzt-		letzt-	Morgen ist der letzte Kurstag. / Was hast du letzte Woche gemacht?	20
A2	Leute	die	die Leute (Pl.)	Auf der Party sind viele Leute.	20
A2	Licht	das	das Licht, -er	Es ist so dunkel. Mach bitte das Licht an!	20
A2	lieb-		lieb-	Liebe Susanne, lieber Hans, Ich fahre lieber mit dem Zug als mit dem Bus. / Möchtest du Pommes oder lieber eine Pizza?	20
A2	lieben		lieben, liebt, hat geliebt	Ich liebe dich!	20
A2	Lieblings-		Lieblings-	Meine Lieblingsfarbe ist Blau.	20
A2	Lied	das	das Lied, -er	Zum Geburtstag singen wir dir ein Lied.	20
A2	liefern		liefern, liefert, hat geliefert	Wir liefern Ihnen den Schrank nach Hause.	20
A2	liegen		liegen, liegt, hat/ist gelegen	Die Zeitung liegt auf dem Tisch. / Judith liegt noch im Bett. / Frankfurt liegt am Main.	20
A2	Link	der	der Link, -s	Ich schicke dir einen Link zu Deutschübungen.	20
A2	links		links	Gehen Sie die nächste Straße links.	20
A2	Löffel	der	der Löffel, -	Bitte bringen Sie mir einen Löffel.	20
A2	Lokal	das	das Lokal, -e	Gibt es hier in der Nähe ein gutes Lokal?	20
A2	Lüge	die	die Lüge, -n	Das stimmt nicht! Das ist eine Lüge!	20
A2	lügen		lügen, lügt, hat gelogen	Du sollst nicht lügen. / Glaub ihm nicht, er lügt.	20
A2	Lust	die	die Lust (Sg.)	Gehen wir heute Abend ins Kino? - Nein, ich habe keine Lust. / Ich habe Lust auf Schokolade.	20
A2	lustig		lustig	Warum lacht ihr? Was ist so lustig? / Ich mag lustige Filme.	20
A2	machen		machen, macht, hat gemacht	Was machst du heute Abend? / Ich muss jetzt das Essen machen. / Das macht 5 Euro 95. / Entschuldigung! - Das macht doch nichts.	20
A2	Mädchen	das	das Mädchen, -	Familie Kurz bekommt ein Baby. – Junge oder Mädchen?	20
A2	Magen	der	der Magen, ¨-	Mein Magen tut weh.	20
A2	Mailbox	die	die Mailbox, -en	Hier ist die Mailbox von Susanne König. / Ich habe dir auf die Mailbox gesprochen.	20
A2	mal / das Mal		mal / das Mal	Sag mal, wie gefällt dir mein neues Kleid? / Das erste Mal war ich vor fünf Jahren in England. / Tschüss, bis zum nächsten Mal!	20
A2	malen		malen, malt, hat gemalt	Mein Sohn kann gut malen.	20
A2	man		man	Wie schreibt man das? / Hier darf man nicht rauchen.	20
A2	manch-		manch-	Manche Nachbarn sind unfreundlich.	20
A2	manchmal		manchmal	Manchmal essen wir im Restaurant. / Rauchen Sie? - Manchmal.	20
A2	Mann	der	der Mann, ¨-er	Mein Mann ist Polizist.	20
A2	männlich		männlich	Bitte wählen Sie: „weiblich“ oder „männlich“.	20
A2	Mannschaft	die	die Mannschaft,-en	Meine Lieblingsmannschaft hat 1:0 verloren.	20
A2	Mantel	der	der Mantel, ¨-	Es ist kalt. Zieh deinen Mantel an!	20
A2	Markt	der	der Markt, ¨-e	Ich gehe heute auf den Markt. / Samstags ist hier Markt.	20
A2	Maschine	die	die Maschine, -n	Die Waschmaschine funktioniert sehr gut.	20
A2	Medikament	das	das Medikament,-e	Nehmen Sie dieses Medikament dreimal pro Tag!	20
A2	Meer	das	das Meer, -e	Wir machen Urlaub am Meer.	20
A2	mehr		mehr	Dieses Auto kostet 1.000 Euro mehr als das andere. / Mehr kann ich nicht essen! / Ich möchte mehr Taschengeld.	20
A2	meinen		meinen, meint, hat gemeint	Wie meinst du das? Erklär mir das bitte genauer! / Der Film ist gut. Was meinst du?	20
A2	Meinung	die	die Meinung, -en	Meine Meinung zu dem Thema ist: … / Was ist deine Meinung dazu? / Ich habe meine Meinung geändert.	20
A2	meist-		meist-	Ich bin neu hier im Haus. Die meisten Nachbarn kenne ich noch nicht.	20
A2	meistens		meistens	Meistens trinke ich zum Frühstück nur einen Kaffee.	21
A2	Menge	die	die Menge, -n	Wir haben noch eine Menge Zeit. / Ich kenne eine Menge Leute in dieser Stadt.	21
A2	Mensch	der	der Mensch, -en	Die Menschen sind hier ein bisschen anders als im Süden.	21
A2	merken		merken, merkt, hat gemerkt	Ich kann mir keine Zahlen merken. Ich vergesse sie sofort. / Merkst du, dass es wärmer wird?	21
A2	Messe	die	die Messe, -n	Kommst du mit zur Buchmesse nach Frankfurt?	21
A2	Messer	das	das Messer, -	Das Messer schneidet nicht gut. / Ich habe nur ein Messer. Kannst du mir bitte noch eine Gabel bringen?	21
A2	Miete	die	die Miete, -n	Wie viel Miete bezahlst du für deine Wohnung?	21
A2	mieten		mieten, mietet, hat gemietet	Ich möchte ein Auto mieten.	21
A2	Milch	die	die Milch (Sg.)	Die Milch steht im Kühlschrank.	21
A2	mindestens		mindestens	Bitte kommen Sie mindestens zwei Stunden vor Ihrem Flug zum Flughafen. / Schreiben Sie mindestens sieben Sätze! / Ich warte schon mindestens 20 Minuten. Wann kommst du denn endlich?	21
A2	Mineralwasser	das	das Mineralwasser (Sg.)	Ein Glas Mineralwasser, bitte.	21
A2	mit		mit (+ mitbringen/ -kommen/-machen/ -nehmen/-spielen)	Trinken Sie den Kaffee mit oder ohne Zucker? / Fahren wir mit dem Auto oder mit dem Zug nach Hamburg? / Ich komme mit meinem Freund. / Ich gehe einkaufen. Soll ich dir was mitbringen? / Ich gehe ins Kino. Kommst du mit? / Wir organisieren ein Fest. Möchtest du auch mitmachen? / Wir fahren am Wochenende in die Berge. Ich muss mein Zelt mitnehmen. / Warum spielt ihr nicht mit?	21
A2	Mitarbeiter	der	der Mitarbeiter, -	Unsere Firma hat sieben Mitarbeiter.	21
A2	Mittagessen	das	das Mittagessen, -	Um zwölf Uhr gibt es Mittagessen.	21
A2	Mitte	die	die Mitte, -n	Den Schrank stellen wir an die Wand, den Tisch in die Mitte. / Ich habe bis Mitte August frei.	21
A2	Mittel	das	das Mittel, -	Haben Sie ein Mittel gegen Magenschmerzen? / Das neue Waschmittel ist sehr gut.	21
A2	Möbel	die	die Möbel (Pl.)	Eure Möbel sind sehr schön.	21
A2	Mobiltelefon	das	das Mobiltelefon, -e	Wie kann ich Sie erreichen? Haben Sie ein Mobiltelefon?	21
A2	möchten		möchten, möchte, mochte, hat gemocht	Was möchten Sie trinken?	21
A2	Mode	die	die Mode, -n	Wie findest du die neue Mode?	21
A2	modern		modern	Das Stadtzentrum von Frankfurt ist sehr modern.	21
A2	mögen		mögen, mag, mochte, hat gemocht	Magst du Schokolade? - Nein, ich mag keine Süßigkeiten.	21
A2	möglich		möglich	Kann ich bitte sofort einen Termin haben? - Das ist leider nicht möglich.	21
A2	Moment	der	der Moment, -e	Einen Moment, bitte. / Warten Sie bitte einen Moment. / Ich habe im Moment sehr viel zu tun.	21
A2	morgen		morgen	Morgen beginnt die Schule erst um zehn Uhr.	21
A2	Motor	der	der Motor, -en	Der Motor ist kaputt. Das Auto fährt nicht mehr.	21
A2	Motorroller	der	der Motorroller, -	Oskar fährt mit dem Motorroller zur Arbeit.	21
A2	müde		müde	Ich bin müde. Ich gehe schlafen.	21
A2	Müll	der	der Müll (Sg.)	Bringst du bitte den Müll raus? / Kann ich die Zeitungen wegwerfen? - Ja, sie sind alt. Bring/Wirf sie bitte in den Müll!	21
A2	Mund	der	der Mund, ¨-er	Öffnen Sie bitte den Mund. Ich möchte in Ihren Hals sehen.	21
A2	Museum	das	das Museum, -een	Im Kunstmuseum gibt es eine neue Ausstellung.	21
A2	Musik	die	die Musik (Sg.)	Wie findest du die Musik? / Spanische Musik gefällt mir gut.	21
A2	müssen		müssen, muss, musste	Ich muss jeden Tag von 8 Uhr bis 18 Uhr arbeiten.	21
A2	Mütze	die	die Mütze, -n	Haben Sie rote Mützen?	21
A2	nach		nach	Ich gehe jetzt nach Hause. / Ich fliege nach München. / Es ist schon fünf nach zwölf. / Wir treffen uns nach der Arbeit.	21
A2	Nachbar	der	der Nachbar, -n, die Nachbarin,-nen	Mein Nachbar kommt aus Brasilien und meine Nachbarin ist Italienerin. / Die neuen Nachbarn sind sehr nett.	21
A2	Nachricht	die	die Nachricht, -en	Ich sehe abends immer die Nachrichten im Fernsehen. / Kommst du mit ins Kino? - Ich weiß es noch nicht. / Ich schreibe dir später eine Nachricht. / Sie haben keine neuen Nachrichten.	21
A2	nächste		nächste, -er, -es	Sehen wir uns nächste Woche? / Ihr nächster Termin ist in einem Monat. / Bis nächstes Mal!	21
A2	Nähe	die	die Nähe (Sg.)	Die Post ist in der Nähe vom Bahnhof.	21
A2	Name	der	der Name, -n	Wie ist Ihr Name? / Mein Name ist Thomas Schmidt. / Mein Vorname ist Thomas; Schmidt ist der Familienname.	21
A2	nass		nass	Geh nicht mit den nassen Schuhen ins Wohnzimmer! / Du bist ja ganz nass. Hast du den Regenschirm vergessen?	21
A2	Natur	die	die Natur (Sg.)	Ich bin gern draußen in der Natur.	21
A2	natürlich		natürlich	Natürlich helfen wir dir. / Kommst du zu meiner Party? – Natürlich.	21
A2	neben		neben	Neben mir ist noch ein Platz frei. / Die Apotheke ist neben der Post.	21
A2	nebenan		nebenan	Das ist José. Er wohnt nebenan.	21
A2	neblig		neblig	Fahr vorsichtig! Es ist neblig.	21
A2	nehmen		nehmen, nimmt, hat genommen	Nehmen Sie die Tabletten vor dem Essen! / Was möchten Sie? – Ich nehme einen Salat. / Ich nehme den Bus.	21
A2	nein		nein	Möchten Sie ein Stück Kuchen? – Nein, danke. / Fährst du auch nach München? – Nein, ich habe keine Zeit.	22
A2	nennen		nennen, nennt, hat genannt	Mein Freund heißt Alexander, aber alle nennen ihn Alex.	22
A2	nervös		nervös	Bei Prüfungen bin ich immer sehr nervös.	22
A2	nett		nett	Ich habe viele nette Kollegen. / Vielen Dank! Das ist sehr nett von dir.	22
A2	neu		neu	Ich bin der neue Mitarbeiter. / Wir haben eine neue Wohnung. / Zeig mal! Ist das dein neues Handy?	22
A2	nicht		nicht	Das stimmt nicht. / Ich kann morgen leider nicht kommen. / Lisa wohnt nicht in Hamburg, sie wohnt in Bremen.	22
A2	nichts		nichts	Das macht nichts. / Hier kaufe ich nichts. Der Laden gefällt mir nicht.	22
A2	nie		nie	Er kommt nie pünktlich.	22
A2	niemand		niemand	Hier ist niemand. / Hier ist der Anrufbeantworter von Familie Klein. / Leider ist im Moment niemand zu Hause.	22
A2	nirgends		nirgends	Hier kann man nirgends parken. / Wo ist Stefan? Ich kann ihn nirgends sehen.	22
A2	noch		noch	Vielleicht kommt er noch. / Es dauert noch ein paar Minuten. / Ich habe noch 20 Euro.	22
A2	normal		normal	Das ist doch ganz normal.	22
A2	Note	die	die Note, -n	Eva hat immer sehr gute Noten in Deutsch.	22
A2	notieren		notieren, notiert, hat notiert	Notieren Sie bitte alle wichtigen Informationen.	22
A2	Notiz	die	die Notiz, -en	Schreib mir bitte eine Notiz. / Haben Sie einen Notizzettel für mich?	22
A2	notwendig		notwendig	Muss ich noch einmal kommen? – Nein, das ist nicht notwendig.	22
A2	Nudel	die	die Nudel, -n	Möchten Sie lieber Reis oder Nudeln? – Lieber Nudeln, bitte.	22
A2	Nummer	die	die Nummer, -n	Sie haben Zimmer Nummer zwölf. / Welche Hausnummer haben Sie? / Können Sie mir bitte Ihre Nummer geben? / Haben Sie die Bluse auch eine Nummer kleiner?	22
A2	nur		nur	Ich möchte nur ein Glas Wasser. / Das T-Shirt kostet nur fünf Euro.	22
A2	nützlich		nützlich	Danke für den Tipp. Er war sehr nützlich.	22
A2	oben		oben	Ich wohne oben im 4. Stock.	22
A2	Obst	das	das Obst (Sg.)	Obst kaufe ich immer auf dem Markt. Heute kaufe ich Äpfel und Orangen.	22
A2	oder		oder	Wann können Sie kommen – heute oder morgen? / Entweder fahren wir mit dem Bus oder wir gehen zu Fuß.	22
A2	offen		offen	Ist das Fenster im Bad noch offen? / Ich glaube, der Supermarkt ist jetzt noch offen.	22
A2	öffnen		öffnen, öffnet, hat geöffnet	Ich öffne die Tür. / Der Laden ist samstags bis 16.00 Uhr geöffnet.	22
A2	oft		oft	Ich gehe nicht oft ins Kino.	22
A2	ohne		ohne	Bitte einen Kaffee ohne Milch und Zucker. / Schaffst du das auch ohne mich oder soll ich dir helfen?	22
A2	Ohr	das	das Ohr, -en	Ich habe Ohrenschmerzen.	22
A2	Öl	das	das Öl, -e	Machen wir den Salat mit Öl? / Können Sie bei meinem Auto bitte das Öl kontrollieren?	22
A2	online		online	Wann bist du wieder online? / Ich habe hier kein Internet. Ich bin erst heute Abend wieder online. / Sie können das Geld auch online überweisen.	22
A2	Orange	die	die Orange, -n	Ich esse gern Orangen.	22
A2	Ordnung	die	die Ordnung, -en	Er hat seine Hausaufgabe gut gemacht. Das ist alles in Ordnung. / Ich mache gleich Ordnung in meinem Zimmer.	22
A2	organisieren		organisieren, organisiert, hat organisiert	Frau Gomez organisiert unseren Ausflug. / Hast du schon alles für deinen Urlaub organisiert?	22
A2	Ort	der	der Ort, -e	Vergessen Sie Ort und Datum nicht, wenn Sie einen Brief schreiben. / Der Ort liegt in den Bergen. / Wohnort: Köln.	22
A2	Paar	das	das Paar, -e	Romeo und Julia sind ein Paar. / Ich brauche ein Paar Schuhe.	22
A2	ein paar		ein paar	Wir fahren ein paar Tage ans Meer. / Hast du ein paar Minuten Zeit?	22
A2	packen		packen, packt, hat gepackt	Ich muss noch meinen Koffer packen.	22
A2	Paket	das	das Paket, -e	Bringst du bitte das Paket zur Post?	22
A2	Papier	das	das Papier, -e	Hier sind Papier und Bleistift.	22
A2	Papiere	die	die Papiere (Pl.)	Haben Sie Ihre Papiere dabei?	22
A2	Parfüm	das	das Parfüm, -s	Ich suche ein Parfum als Geschenk für meine Frau.	22
A2	Park	der	der Park, -s	Ich gehe gern im Park spazieren.	22
A2	parken		parken, parkt, hat geparkt	Darf ich hier parken? / Hier ist Parken verboten.	22
A2	Partner	der	der Partner, -	Veronika ist meine Partnerin.	22
A2	Partnerin	die	die Partnerin, -nen		22
A2	Party	die	die Party, -s	Heute Abend machen wir eine Party.	22
A2	Pass	der	der Pass, ¨-e	Am Flughafen brauchst du deinen Pass.	22
A2	passen		passen, passt, hat gepasst	Die Bluse passt mir nicht. / Welches Wort passt? Wählen Sie.	22
A2	passieren		passieren, passiert, ist passiert	Wie ist der Unfall passiert? / Was ist passiert?	22
A2	Passwort	das	das Passwort, ¨-er	Bitte schreiben Sie Ihr Passwort. / Sie brauchen ein Passwort. / Ich habe mein Passwort vergessen.	23
A2	Pause	die	die Pause, -n	Von 12.00 bis 12.30 Uhr haben wir Mittagspause.	23
A2	Person	die	die Person, -en	Eintritt pro Person: 5 Euro.	23
A2	Pferd	das	das Pferd, -e	Amira liebt Pferde. Sie reitet seit zehn Jahren.	23
A2	Pflanze	die	die Pflanze, -n	Können Sie sich bitte um unsere Pflanzen kümmern? Wir sind nächste Woche im Urlaub.	23
A2	Pizza	die	die Pizza, -s/-en	Mein Lieblingsessen ist Pizza. / Eine Pizza mit viel Käse, bitte.	23
A2	Plakat	das	das Plakat, -e	Wir machen im Unterricht ein Plakat zum Thema „Essen und Trinken“.	23
A2	Plan	der	der Plan, ¨-e	Ich kaufe mir einen Stadtplan.	23
A2	planen		planen, plant, hat geplant	Wir sollen zusammen eine Klassenparty planen. / Morgen schwimmen ... ist ein guter Plan.	23
A2	Platz	der	der Platz, ¨-e	Hier ist noch ein Platz frei. / Bitte nehmen Sie Platz! / Ich wohne am Messeplatz 5. / Ich finde keinen Parkplatz.	23
A2	plötzlich		plötzlich	Plötzlich war das Licht aus.	23
A2	Polizei	die	die Polizei (Sg.)	Rufen Sie die Polizei!	23
A2	Pommes frites	die	die Pommes frites (Pl.)	Die Kinder essen Bratwurst mit Pommes frites.	23
A2	Portion	die	die Portion, -en	Ich nehme eine kleine Portion Eis.	23
A2	Post	die	die Post (Sg.)	Entschuldigung, wo ist die Post? / Ist Post für mich da?	23
A2	Poster	das	das Poster, -	Das Poster hängt über dem Bett.	23
A2	Postkarte	die	die Postkarte, -n	Schreibst du mir eine Postkarte aus Kanada?	23
A2	Postleitzahl	die	die Postleitzahl, -en	Wie ist Ihre Postleitzahl?	23
A2	Praktikum	das	das Praktikum, -a	Ich mache ein Praktikum bei Siemens.	23
A2	praktisch		praktisch	Mit meinem neuen Handy kann ich auch im Internet surfen und Fotos machen. Das finde ich sehr praktisch.	23
A2	Praxis	die	die Praxis, -en	Unsere Praxis ist ab acht Uhr geöffnet. Frau Doktor Weiß hat ab neun Uhr Sprechstunde.	23
A2	Preis	der	der Preis, -e	Die Preise sind hier viel höher als bei uns.	23
A2	preiswert		preiswert	Die Jacke ist sehr preiswert. Sie kostet nur 15 Euro.	23
A2	privat		privat	Das ist meine Nummer im Büro und das ist meine private Handynummer. / Dieser Strand ist privat. Wir dürfen hier nicht schwimmen gehen. / Hey, du darfst die Mail nicht lesen! Sie ist privat.	23
A2	pro		pro	Das Zimmer kostet 100 Euro pro Nacht.	23
A2	probieren		probieren, probiert, hat probiert	Möchten Sie den Käse probieren? / Die Tür geht schwer auf. Probier mal!	23
A2	Problem	das	das Problem, -e	Ich habe ein Problem. Können Sie mir bitte helfen?	23
A2	Produkt	das	das Produkt, -e	Unsere Produkte haben eine sehr hohe Qualität.	23
A2	Programm	das	das Programm, -e	Dieses Programm im Radio interessiert mich nicht. / Was kommt heute im Kino? Hast du das Programm hier?	23
A2	Projekt	das	das Projekt, -e	Wir machen ein Projekt über Sehenswürdigkeiten in unserer Stadt.	23
A2	Prospekt	der	der Prospekt, -e	Bitte schicken Sie mir einen Prospekt von Ihrem Hotel.	23
A2	prüfen		prüfen, prüft, hat geprüft	Bitte prüfen Sie die Rechnung sofort.	23
A2	Prüfung	die	die Prüfung, -en	Ich habe die Prüfung bestanden.	23
A2	Pullover	der	der Pullover, -	Ich muss mir einen Pullover kaufen.	23
A2	pünktlich		pünktlich	Der Bus fährt pünktlich um acht Uhr. / Herr Müller ist immer pünktlich.	23
A2	putzen		putzen, putzt, hat geputzt	Ich muss heute noch das Bad putzen.	23
A2	Qualität	die	die Qualität, -en	Dieser Fernseher hat eine gute Qualität. / Ich finde die Qualität wichtiger als den Preis.	23
A2	Quiz	das	das Quiz (Sg.)	Er schaut gern Quizsendungen an. / Sie hat beim Quiz gewonnen.	23
A2	Radio	das	das Radio, -s	Ich höre im Auto gern Radio.	23
A2	raten		raten, rät, hat geraten	Ich weiß nicht, welches Handy ich kaufen soll. Was raten Sie mir? / Rate mal, wen ich heute gesehen habe! Deinen Lehrer.	23
A2	Rathaus	das	das Rathaus, ¨-er	Das Formular bekommen Sie im Rathaus. / Sie müssen sich im Rathaus anmelden.	23
A2	Rätsel	das	das Rätsel, -	Das Rätsel ist schwierig! Ich weiß die Antwort nicht.	23
A2	rauchen		rauchen, raucht, hat geraucht	Stört es Sie, wenn ich rauche? / Rauchen ist hier verboten!	23
A2	Raum	der	der Raum, ¨-e	Der Unterricht findet heute in Raum 332 statt.	23
A2	rechnen		rechnen, rechnet, hat gerechnet	Sarah kann gut rechnen.	23
A2	Rechnung	die	die Rechnung, -en	Schicken Sie die Rechnung an mich. / Bitte, die Rechnung!	23
A2	recht haben		recht haben, hat recht, hatte recht, hat recht gehabt	Du hast (nicht) recht.	23
A2	rechts		rechts	Der Bahnhof ist hier rechts.	23
A2	reden		reden, redet, hat geredet	Mit meiner Freundin kann ich über alles reden. / Rede nicht so viel!	23
A2	Regen	der	der Regen (Sg.)	Bei Regen gehe ich nicht aus dem Haus.	23
A2	regnen		regnen, regnet, hat geregnet	Wenn es regnet, bleiben wir zu Hause.	23
A2	reich		reich	Lotte ist reich. Sie hat sehr viel Geld.	23
A2	Reifen	der	der Reifen, -	Ich brauche neue Reifen für mein Auto.	23
A2	Reihe	die	die Reihe, -n	Ich habe Karten für das Konzert. Wir sitzen in der dritten Reihe. / Wer ist jetzt an der Reihe?	23
A2	Reinigung	die	die Reinigung, -en	Bringst du bitte die Bluse in die Reinigung? Man darf sie nicht in der Waschmaschine waschen.	23
A2	Reis	der	der Reis (Sg.)	Ich esse gern Reis mit Gemüse und Fisch.	24
A2	Reise	die	die Reise, -n	Wir machen eine Reise nach Österreich. / Ich mache nächste Woche eine Geschäftsreise.	24
A2	Reisebüro	das	das Reisebüro, -s	Wir organisieren eine Rundreise durch Deutschland. / Wir buchen die Reise im Reisebüro.	24
A2	Reiseführer	der	der Reiseführer, -	Ich kaufe mir einen Reiseführer von Berlin. / Unser Reiseführer heißt Robert und ist sehr sympathisch.	24
A2	reisen		reisen, reist, ist gereist	Ich reise gern.	24
A2	reiten		reiten, reitet, ist geritten	Möchtest du reiten lernen?	24
A2	renovieren		renovieren, renoviert, hat renoviert	Wir renovieren das ganze Haus.	24
A2	Rentner	der	der Rentner, - / die Rentnerin, -nen	Mein Onkel arbeitet nicht mehr. Er ist Rentner.	24
A2	Reparatur	die	die Reparatur, -en	Die Reparatur ist sehr teuer.	24
A2	reparieren		reparieren, repariert, hat repariert	Er muss den Motor reparieren.	24
A2	reservieren		reservieren, reserviert, reservierte, hat reserviert	Reservieren Sie bitte ein Doppelzimmer. / Ich möchte gern einen Tisch für fünf Personen reservieren.	24
A2	Rest	der	der Rest, -e	Hier sind 50 Euro. Den Rest gebe ich dir später. / Es ist noch ein Rest Suppe da. Möchtest du noch?	24
A2	Restaurant	das	das Restaurant, -s	Wir essen heute in einem Restaurant.	24
A2	Rezept	das	das Rezept, -e	Dieser Kuchen schmeckt super! Kannst du mir bitte das Rezept geben? / Dieses Medikament gibt es nur auf Rezept.	24
A2	Rezeption	die	die Rezeption, en	Geben Sie bitte den Schlüssel an der Rezeption ab.	24
A2	richtig		richtig	Habe ich das richtig verstanden? / Das ist richtig.	24
A2	riechen		riechen, riecht, hat gerochen	Diese Blumen riechen gut. / Hier riecht es nach Fisch.	24
A2	Rind	das	das Rind	Ich esse nur Fleisch vom Rind.	24
A2	Ring	der	der Ring, -e	Ich habe meinen Ring verloren.	24
A2	Rock	der	der Rock, ¨-e	Der Rock ist zu eng.	24
A2	romantisch		romantisch	Dieser Film ist sehr romantisch. / Meine Freundin ist total romantisch.	24
A2	Rose	die	die Rose, -n	Er schenkt seiner Freundin rote Rosen zum Geburtstag.	24
A2	Rücken	der	der Rücken, -	Mein Rücken tut mir weh.	24
A2	Rucksack	der	der Rucksack, ¨-e	Ich nehme lieber einen Rucksack als einen Koffer mit.	24
A2	rufen		rufen, ruft, hat gerufen	Rufst du bitte die Kinder. Das Essen ist fertig. / Wir müssen einen Arzt rufen.	24
A2	Ruhe	die	die Ruhe (Sg.)	Ruhe, bitte! Hier in der Bibliothek darf man nicht laut sprechen. / Meine Großmutter ist krank. Sie braucht viel Ruhe.	24
A2	ruhig		ruhig	Ich möchte ein ruhiges Zimmer.	24
A2	rund		rund	Unser Wohnzimmertisch ist rund. / Bis Berlin sind es noch rund 80 Kilometer.	24
A2	Rundgang	der	der Rundgang, ¨-e	Der Rundgang durch das Schloss beginnt in wenigen Minuten.	24
A2	Sache	die	die Sache, -n	Ihr könnt eure Sachen im Hotel lassen. / Nimm deine Sachen und komm! / Das ist meine Sache.	24
A2	Saft	der	der Saft, ¨-e	Möchtest du einen Apfelsaft?	24
A2	sagen		sagen, sagt, hat gesagt	Entschuldigung, was haben Sie gesagt? / Wie sagt man „sorry“ auf Deutsch? / Sag mal, wie geht es dir denn?	24
A2	Salat	der	der Salat, -e	Wie schmeckt dir der Salat? / Möchten Sie zum Fisch einen Salat?	24
A2	Salz	das	das Salz, -e	Entschuldigung, kann ich bitte Salz haben?	24
A2	sammeln		sammeln, sammelt, hat gesammelt	Peter sammelt Briefmarken. / Im Herbst sammeln wir im Wald bunte Blätter.	24
A2	Satz	der	der Satz, ¨-e	Den letzten Satz verstehe ich nicht.	24
A2	sauber		sauber	Bringen Sie mir bitte ein sauberes Glas!	24
A2	sauer		sauer	Zitronen sind mir zu sauer. / Was ist los? – Ich bin sauer. Ich muss am Wochenende zu Hause bleiben und darf nicht mit meinen Freunden ins Kino gehen.	24
A2	schade		schade	Schade, dass du nicht kommen kannst.	24
A2	schädlich		schädlich	Rauchen ist schädlich für die Gesundheit.	24
A2	schaffen		schaffen, schafft, hat geschafft	Kannst du mir bitte helfen? Ich schaffe das nicht alleine. / Geschafft! Das Projekt ist endlich fertig.	24
A2	Schalter	der	der Schalter, -	Gehen Sie bitte zum Schalter drei! / Der Lichtschalter ist neben der Tür.	24
A2	scharf		scharf	Die Suppe ist mir zu scharf. / Pass auf! Das Messer ist sehr scharf.	24
A2	scheinen		scheinen, scheint, hat geschienen	Die Sonne scheint.	24
A2	schenken		schenken, schenkt, hat geschenkt	Was schenken wir Michael zum Geburtstag?	24
A2	Schere	die	die Schere, -n	Die Schere schneidet nicht gut. Hast du eine andere?	24
A2	schicken		schicken, schickt, hat geschickt	Bitte schicken Sie mir eine E-Mail. / Ich schicke dir den Brief nach Hause.	24
A2	Schiff	das	das Schiff, -e	Wir fahren mit dem Schiff von Basel nach Köln.	24
A2	Schild	das	das Schild, -er	Haben Sie das Schild nicht gesehen?	24
A2	schimpfen		schimpfen, schimpft, hat geschimpft	Warum schimpfst du denn so laut? – Ich ärgere mich über mein Auto. / Alle schimpfen über/auf das Wetter.	24
A2	Schirm	der	der Schirm	Nimm den Schirm mit, es regnet.	24
A2	schlafen		schlafen, schläft, hat geschlafen	Ich schlafe meistens acht Stunden. / Haben Sie gut geschlafen? / Gute Nacht! Schlaf gut und träum süß!	24
A2	Schlafzimmer	das	das Schlafzimmer, -	Hier ist das Schlafzimmer.	25
A2	schlecht		schlecht	Das Wetter ist schlecht. Wir haben schon seit einer Woche schlechtes Wetter. / Mir ist schlecht! / Mir geht es schlecht. Ich habe Fieber.	25
A2	schließen		schließen, schließt, hat geschlossen	Bitte schließen Sie die Tür. / Wir müssen uns beeilen, die Bank schließt um 18 Uhr.	25
A2	schlimm		schlimm	Kein Problem, das ist nicht so schlimm.	25
A2	Schloss	das	das Schloss, ¨-er	Am Wochenende besichtigen wir Schloss Neuschwanstein. / An unserer Tür ist das Schloss kaputt.	25
A2	Schluss	der	der Schluss, ¨-e	Zum Schluss nochmals herzlichen Dank. / Ich muss jetzt Schluss machen. Bis bald!	25
A2	Schlüssel	der	der Schlüssel, -	Ich gebe Ihnen noch den Zimmerschlüssel. / Ich finde meinen Schlüssel nicht.	25
A2	schmecken		schmecken, schmeckt, hat geschmeckt	Schmeckt dir die Suppe? / Hat es Ihnen geschmeckt? / Schmeckt's?	25
A2	Schmerz	der	der Schmerz, -en	Haben Sie Schmerzen? / Ich habe Bauchschmerzen.	25
A2	schmutzig		schmutzig	Das Handtuch ist schmutzig.	25
A2	Schnee	der	der Schnee (Sg.)	In den Bergen liegt viel Schnee.	25
A2	schneiden		schneiden (sich), schneidet, hat geschnitten	Das Messer schneidet nicht gut. / Wer schneidet dir die Haare? / Aua! Ich habe mich geschnitten!	25
A2	schneien		schneien, schneit, hat geschneit	Morgen schneit es.	25
A2	schnell		schnell	Warum fährst du so schnell?	25
A2	Schokolade	die	die Schokolade (Sg.)	Julia liebt Schokolade.	25
A2	schon		schon	Ist das Essen schon fertig? / Ich wohne schon seit fünf Jahren in Freiburg.	25
A2	schön		schön	Schöne Ferien! / Das Bild ist sehr schön. / Schön, dass du kommst.	25
A2	Schrank	der	der Schrank, ¨-e	Die Gläser stehen im Schrank. / Legst du bitte die Handtücher in den Schrank?	25
A2	schrecklich		schrecklich	Ich finde ihren Rock schrecklich. Er sieht furchtbar aus! / Ich finde den Film schrecklich. Er macht mir Angst.	25
A2	schreiben		schreiben, schreibt, hat geschrieben	Ich schreibe dir eine E-Mail.	25
A2	schriftlich		schriftlich	Sie müssen sich schriftlich anmelden. / Die schriftliche Prüfung dauert 70 Minuten.	25
A2	Schuh	der	der Schuh, -e	Zieh die Schuhe aus! / Die neuen Schuhe sind mir zu eng. Sie drücken.	25
A2	Schule	die	die Schule, -n	Meine Tochter geht schon in die Schule. / Die Schule ist gleich hier um die Ecke.	25
A2	Schüler	der	der Schüler, - / die Schülerin, -nen	In meinem Kurs sind acht Schülerinnen und fünf Schüler.	25
A2	schwach		schwach	Er ist krank und schwach. / Ich fühle mich sehr schwach. / Die Tabletten sind zu schwach. Sie helfen nicht.	25
A2	schwanger		schwanger	Lena ist schwanger. Sie bekommt im Juli ein Kind.	25
A2	Schwein	das	das Schwein, -e	Ich esse kein Schweinefleisch.	25
A2	schwer		schwer	Wie schwer ist das Paket? / Das ist eine schwere Arbeit.	25
A2	schwierig		schwierig	Die Prüfung war nicht schwierig.	25
A2	Schwimmbad	das	das Schwimmbad, ¨-er	Kommst du mit ins Schwimmbad?	25
A2	schwimmen		schwimmen, schwimmt, ist geschwommen	Ich schwimme täglich einen Kilometer.	25
A2	See	der	der See, -n	Morgen fahren wir mal an einen See schwimmen. / Komm, wir fahren an den Bodensee.	25
A2	See	die	die See (Sg)	Die See ist heute ruhig. / Wir machen Urlaub an der Nordsee.	25
A2	sehen		sehen, sieht, hat gesehen	Ich kann dich nicht sehen. / Möchtest du einen Film sehen? / Ich habe Lisa lange nicht gesehen. Ist sie im Urlaub? / Darf ich mal Ihren Ausweis sehen?	25
A2	Sehenswürdigkeit	die	die Sehenswürdigkeit, -en	Welche Sehenswürdigkeiten gibt es in Frankfurt?	25
A2	sehr		sehr	Danke sehr! / Das Wetter ist heute sehr schön.	25
A2	Seife	die	die Seife, -n	Hier gibt es keine Seife.	25
A2	sein		sein, ist, war, ist gewesen	Das sind meine Kollegen. / Ich bin Mechaniker. / Die Cola ist kalt. / Mir ist kalt. / Ich bin dreiundzwanzig. / Um halb elf ist Pause. / Frau Berger ist im Urlaub.	25
A2	an sein / aus sein		an sein / aus sein	Das Licht ist noch an/schon aus.	25
A2	auf sein		auf sein	Das Fenster ist noch auf.	25
A2	weg sein		weg sein	Herr Meier ist schon weg.	25
A2	zu sein		zu sein	Die Tür ist zu.	25
A2	seit		seit	Ich wohne seit drei Jahren in Köln.	25
A2	Seite	die	die Seite, -n	Öffnen Sie das Kursbuch auf Seite 20. / Das ist die Bachstraße. Mein Haus ist auf der linken Seite.	25
A2	selbst		selbst	Du musst mir nicht helfen, ich mache das selbst.	25
A2	Sendung	die	die Sendung, -en	Welche Sendungen schaust du gern an? – Ich mag Sportsendungen. / Diese Sendung ist nicht für Jugendliche unter 18 Jahren.	25
A2	Service	der	der Service (Sg.)	Ich bin mit dem Service in der Werkstatt sehr zufrieden. / Rufst du beim Pizza-Service an?	25
A2	setzen		setzen (sich), setzt, hat gesetzt	Setz dich doch!	25
A2	sicher		sicher	Dieses Auto ist besonders sicher. / Ich bin ganz sicher, dass er kommt. / Er ist sicher gleich da.	26
A2	singen		singen, singt, hat gesungen	Er singt gern.	26
A2	Situation	die	die Situation, -en	Ich bin in einer schwierigen Situation. Ich weiß nicht, was ich tun soll. / Lesen Sie die Anzeigen und die Aufgaben 11-15. / Welche Anzeige passt zu welcher Situation?	26
A2	sitzen		sitzen, sitzt, hat/ist gesessen	Wo möchten Sie sitzen? – Bitte ganz hinten.	26
A2	Ski	der	der Ski, -, -er	Gehen wir am Wochenende Ski fahren? / Er kauft sich neue Ski.	26
A2	so		so	Sie müssen das so machen! / Fahren Sie bitte nicht so schnell! / Meine Frau ist so groß wie ich. / So, das war‘s/wär‘s!	26
A2	Sofa	das	das Sofa, -s	Das Sofa ist bequem.	26
A2	sofort		sofort	Bitte antworten Sie sofort. / Sie können sich ab sofort für den Kurs anmelden.	26
A2	sogar		sogar	Heute ist es sehr kalt. In den Bergen schneit es sogar. / Zu meiner Hochzeit kommen viele Gäste. Sogar meine Tante aus Kanada kommt.	26
A2	sollen		sollen, soll, sollte	Wann soll ich kommen und was soll ich mitbringen? / Und, was hat der Arzt gesagt? – Ich soll drei Tage im Bett bleiben und viel Tee trinken.	26
A2	Sonne	die	die Sonne, -n	Die Sonne scheint.	26
A2	sonnig		sonnig	Morgen ist das Wetter wieder warm und sonnig.	26
A2	sonst		sonst	Haben Sie sonst noch einen Wunsch? – Nein danke, das ist alles. / Beeil dich, sonst kommen wir zu spät!	26
A2	spannend		spannend	Ich finde den Film sehr spannend.	26
A2	sparen		sparen, spart, hat gespart	Ein neues Auto ist sehr teuer. Ich muss sparen.	26
A2	Spaß	der	der Spaß (Sg.)	Meine Arbeit macht mir Spaß. / Ich will nicht aufräumen. Das macht mir keinen Spaß. / Viel Spaß!	26
A2	spät		spät	Es ist schon spät, ich muss gehen.	26
A2	später		später	Das können wir später machen.	26
A2	spazieren gehen		spazieren gehen, geht spazieren, ist spazieren gegangen	Wir gehen sonntags immer spazieren.	26
A2	Spaziergang	der	der Spaziergang, ¨-e	Abends mache ich immer einen Spaziergang.	26
A2	speichern		speichern, speichert, hat gespeichert	Sie müssen die Datei speichern.	26
A2	Speisekarte	die	die Speisekarte, -n	Entschuldigung, bringen Sie uns bitte die Speisekarte.	26
A2	Spiel	das	das Spiel, -e	Welche Kartenspiele kennen Sie? / Monopoly ist ein sehr bekanntes Spiel.	26
A2	spielen		spielen, spielt, hat gespielt	Die Kinder spielen draußen. / Spielen Sie Karten? / Jakob spielt Klavier.	26
A2	Sport	der	der Sport (Sg.)	Ich mache viel Sport.	26
A2	sportlich		sportlich	Tom ist sehr sportlich.	26
A2	Sportplatz	der	der Sportplatz, ¨-e	Das Fußballtraining ist um 17 Uhr auf dem Sportplatz.	26
A2	Sprache	die	die Sprache, -n	Welche Sprachen sprichst du? – Ich spreche Englisch und Spanisch.	26
A2	sprechen		sprechen, spricht, hat gesprochen	Kann ich (mit) Herrn Klein sprechen?	26
A2	Sprechstunde	die	die Sprechstunde, -n	Frau Doktor Weiß hat von 9:00 bis 12:30 Uhr Sprechstunde.	26
A2	Stadt	die	die Stadt, ¨-e	Heidelberg ist eine alte Stadt.	26
A2	Stadtplan	der	der Stadtplan, ¨-e	Haben Sie einen Stadtplan von Salzburg?	26
A2	Star	der	der Star, -s	Diese Sängerin ist ein Star in Deutschland.	26
A2	stark		stark	Ich habe starke Kopfschmerzen. / Es regnet stark. / Der Kaffee ist sehr stark.	26
A2	stattfinden		stattfinden, findet statt, hat stattgefunden	Das Spiel findet auch bei Regen statt.	26
A2	stehen		stehen, steht, hat/ist gestanden	Der Bus steht schon an der Haltestelle. / Ich bin Verkäuferin. In meinem Beruf muss ich viel stehen. / Was steht heute in der Zeitung?	26
A2	Stelle	die	die Stelle, -n	Ich habe eine neue Stelle. Ich arbeite jetzt bei Mercedes. / Wir treffen uns hier an dieser Stelle.	26
A2	stellen		stellen, stellt, hat gestellt	Stell die Milch bitte in den Kühlschrank!	26
A2	sterben		sterben, stirbt, ist gestorben	Herr Müller kommt heute nicht. Sein Vater ist gestern gestorben.	26
A2	Stiefel	der	der Stiefel, -	Wie viel kosten die roten Stiefel?	26
A2	Stift	der	der Stift, -e	Kannst du mir bitte einen Stift geben? - Was brauchst du? Einen Farbstift oder einen Bleistift oder einen Kugelschreiber?	26
A2	Stipendium	das	das Stipendium, -en	Wenn ich ein gutes Zeugnis habe, bekomme ich ein Stipendium.	26
A2	Stock	der	der Stock, ¨-e; das Stockwerk, -e	Unsere Wohnung liegt im ersten Stock. / Das Gebäude hat zwanzig Stockwerke.	26
A2	stören		stören, stört, hat gestört	Störe ich? / Darf ich Sie kurz stören? / Mach die Musik leiser! Sie stört mich.	26
A2	Strand	der	der Strand, ¨-e	Im Urlaub bin ich am liebsten am Strand.	26
A2	Straße	die	die Straße, -n	In welcher Straße wohnen Sie?	26
A2	Straßenbahn	die	die Straßenbahn, -en	Fahren wir mit der Straßenbahn oder mit der U-Bahn?	26
A2	streiten		streiten (sich), streitet, hat gestritten	Die Kinder streiten (sich) oft.	26
A2	streng		streng	Der Lehrer von meiner Tochter ist sehr streng.	27
A2	Stress	der	der Stress (Sg.)	Ich habe bei der Arbeit viel Stress.	27
A2	stressig		stressig	Meine Arbeit ist stressig.	27
A2	Stück	das	das Stück, -e	Möchten Sie noch ein Stück Kuchen? / Im Theater spielen sie heute das Stück „Romeo und Julia“.	27
A2	Student	der	der Student, -en, die Studentin, -nen	Ich bin Studentin.	27
A2	studieren		studieren, studiert, hat studiert	Ich studiere in Mainz.	27
A2	Studium	das	das Studium (Sg.)	Das Studium dauert drei Jahre.	27
A2	Stuhl	der	der Stuhl, ¨-e	Ist der Stuhl frei?	27
A2	suchen		suchen, sucht, hat gesucht	Suchst du etwas? / Ich suche meine Brille. / Wir suchen eine größere Wohnung.	27
A2	super		super	Der Film ist super. / Er kann super tanzen.	27
A2	Supermarkt	der	der Supermarkt, ¨-e	Ich kaufe oft im Supermarkt ein.	27
A2	Suppe	die	die Suppe, -n	Schmeckt dir die Suppe?	27
A2	surfen		surfen, surft, hat/ist gesurft	Ich möchte gern surfen lernen. / Surfst du oft im Internet?	27
A2	süß		süß	Ich finde die Torte zu süß. / Ist das deine Tochter? Die ist ja süß!	27
A2	Süßigkeiten	die	die Süßigkeiten (Pl.)	Welche Süßigkeiten isst du am liebsten? - Schokolade und Eis.	27
A2	sympathisch		sympathisch	Der neue Chef ist sehr sympathisch.	27
A2	Tablet	das	das Tablet, -s	Hast du ein Tablet? - Nein, ich habe einen Laptop und ein Handy.	27
A2	Tablette	die	die Tablette, -n	Du sollst am Abend zwei Tabletten nehmen.	27
A2	Tafel	die	die Tafel, -n	Der Lehrer schreibt das neue Wort an die Tafel.	27
A2	(z. B. Infotafel)		(z. B. Infotafel)	Am Eingang gibt es Tafeln mit Informationen. / Die Infotafel ist am Eingang.	27
A2	tanzen		tanzen, tanzt, hat getanzt	Tanzen Sie gern?	27
A2	Tasche	die	die Tasche, -n	Ich habe die Schlüssel in der Tasche. / Ich habe nicht viel Gepäck. Nur eine Tasche.	27
A2	Taschengeld	das	das Taschengeld (Sg.)	Wie viel Taschengeld bekommen deine Kinder?	27
A2	Tasse	die	die Tasse, -n	Möchten Sie eine Tasse Kaffee?	27
A2	(aus)tauschen		(aus)tauschen, tauscht (aus), hat (aus)getauscht	Können wir bitte die Plätze tauschen? / Können wir unsere Adressen austauschen?	27
A2	Taxi	das	das Taxi, -s	Bitte rufen Sie mir ein Taxi.	27
A2	Team	das	das Team, -s	Ich arbeite gern in einem Team. / Welches Fußballteam findest du am besten?	27
A2	Tee	der	der Tee, -s	Ich trinke morgens immer Tee.	27
A2	teilen		teilen, teilt, hat geteilt	Wollen wir die Pizza teilen? / Mein Mann und ich teilen uns die Arbeit.	27
A2	teilnehmen		teilnehmen, nimmt teil, hat teilgenommen	Ich möchte an dem Tanzkurs teilnehmen.	27
A2	Telefon	das	das Telefon, -e	Darf ich bitte Ihr Telefon benutzen?	27
A2	telefonieren		telefonieren, telefoniert, hat telefoniert	Ich muss kurz telefonieren.	27
A2	Teller	der	der Teller, -	Stell die Teller bitte auf den Tisch! / Möchtest du noch einen Teller Suppe?	27
A2	Tennis	das	das Tennis (Sg.)	Steffi spielt sehr gut Tennis.	27
A2	Termin	der	der Termin, -e	Am besten machen wir sofort einen Termin. / Ich habe heute einen Termin bei meiner Zahnärztin.	27
A2	teuer		teuer	Das ist mir zu teuer.	27
A2	Text	der	der Text, -e	Lesen Sie bitte den Text.	27
A2	Theater	das	das Theater, -	Ich gehe nicht gern ins Theater.	27
A2	Thema	das	das Thema, -en	Heute heißt unser Thema: „Essen und Trinken“.	27
A2	Ticket	das	das Ticket, -s	Wie viel kostet das Ticket?	27
A2	tief		tief	Vorsicht, das Wasser ist tief!	27
A2	Tier	das	das Tier, -e	Wir dürfen keine Tiere in der Wohnung haben. / Meine Lieblingstiere sind Katzen.	27
A2	Tipp	der	der Tipp, -s	Kannst du mir einen guten Tipp geben?	27
A2	Tisch	der	der Tisch, -e	Das Essen steht schon auf dem Tisch.	27
A2	Titel	der	der Titel, -	Wie heißt der Film? - Ich weiß den Titel nicht mehr.	27
A2	Toilette	die	die Toilette, -n	Wo ist die Toilette, bitte?	27
A2	toll		toll	Der Urlaub war toll.	27
A2	Tomate	die	die Tomate, -n	Die Tomate ist noch grün.	27
A2	Topf	der	der Topf, ¨-e	Hast du keinen größeren Topf? Ich möchte Kartoffeln kochen.	27
A2	Torte	die	die Torte, -n	Zum Geburtstag backe ich dir eine Torte.	27
A2	tot		tot	Meine Großeltern sind schon lange tot.	27
A2	total		total	Der Film ist total langweilig.	27
A2	Tour	die	die Tour, -en	Wo kann ich eine Stadttour buchen? / Wir gehen am Wochenende wandern. Ich kenne eine schöne Tour in den Bergen.	27
A2	Tourist	der	der Tourist, -en, die Touristin, -nen	Im Sommer kommen viele Touristen in diese Stadt.	27
A2	tragen		tragen, trägt, hat getragen	Ich kann den Koffer nicht tragen, er ist zu schwer. / Er trägt heute einen blauen Anzug.	27
A2	trainieren		trainieren, trainiert, hat trainiert	Wir trainieren einmal pro Woche im Sportverein.	27
A2	Training	das	das Training, -s	Das Training ist immer dienstags. / Ich gehe jede Woche zum Training.	27
A2	Traum	der	der Traum, ¨-e	Ich möchte eine eigene Firma, das ist mein Traum.	27
A2	träumen		träumen, träumt, hat geträumt	Ich habe schlecht geträumt. / Ich träume von einem großen Haus mit Garten.	27
A2	traurig		traurig	Ich bin sehr traurig. Meine Katze ist weggelaufen.	27
A2	treffen		treffen (sich), trifft, hat getroffen	Ich treffe in der Stadt einen Kollegen. / Wir treffen uns immer freitags.	27
A2	Treppe	die	die Treppe, -n	Ich nehme die Treppe, nicht den Aufzug. / Wo ist die Toilette? - Die Treppe hoch und dann links.	28
A2	trinken		trinken, trinkt, hat getrunken	Möchtest du etwas trinken?	28
A2	trocken		trocken	Die Wäsche ist bald trocken.	28
A2	tschüs		tschüs	Tschüs, bis morgen!	28
A2	T-Shirt	das	das T-Shirt, -s	Haben Sie dieses T-Shirt auch in M?	28
A2	tun		tun, tut, hat getan	Mein Rücken tut weh. / Es tut mir leid, ich kann leider nicht kommen. / Was kann ich für Sie tun?	28
A2	Tür	die	die Tür, -en	Mach bitte die Tür zu!	28
A2	typisch		typisch	Diese Musik ist typisch für dieses Land. / Typisch Anna, sie kommt natürlich wieder zu spät.	28
A2	üben		üben, übt, hat geübt	Ich lerne gerade Gitarre spielen. Ich übe jeden Tag zwei Stunden.	28
A2	über		über	Gehen Sie lieber hier über die Straße. / Über uns wohnt Familie Schneider. / Sind Sie über 18?	28
A2	überall		überall	Ich habe überall gesucht, aber ich kann meine Brille nicht finden.	28
A2	übermorgen		übermorgen	Morgen habe ich frei. Ich komme übermorgen wieder ins Büro.	28
A2	übernachten		übernachten, übernachtet, hat übernachtet	Du kannst bei mir übernachten.	28
A2	übersetzen		übersetzen, übersetzt, hat übersetzt	Können Sie mir den Brief bitte übersetzen?	28
A2	Übersetzung	die	die Übersetzung, -en	Ich brauche eine Übersetzung von meinem Zeugnis.	28
A2	überweisen		überweisen, überweist, hat überwiesen	Sie können das Geld auch überweisen. / Ich überweise dir das Geld.	28
A2	Uhr	die	die Uhr, -en	Es ist vier Uhr. / Geht deine Uhr richtig?	28
A2	um		um	Er kommt um sieben Uhr. / Die Apotheke ist gleich um die Ecke.	28
A2	umsteigen		umsteigen, steigt um, ist umgestiegen	Sie müssen in Mannheim umsteigen.	28
A2	umziehen		umziehen, zieht um, ist umgezogen	Nächsten Monat ziehen wir um.	28
A2	umziehen		sich umziehen, zieht sich um, zog sich um, hat sich umgezogen	Warte bitte, ich muss mich noch umziehen.	28
A2	Umzug	der	der Umzug, ¨-e	Der Umzug ist nächste Woche.	28
A2	unbedingt		unbedingt	Ich muss unbedingt mit dir sprechen.	28
A2	und		und	Ich habe heute und morgen frei. / Ich kaufe ein und mein Mann kocht.	28
A2	Unfall	der	der Unfall, ¨-e	Ich hatte gestern einen Unfall. / Wie ist der Unfall passiert?	28
A2	Universität	die	die Universität, -en	Er studiert an der Universität Freiburg.	28
A2	unten		unten	Er wohnt ganz unten im Haus.	28
A2	unter		unter	Unter uns wohnt eine Familie mit drei Kindern.	28
A2	unterhalten		unterhalten (sich), unterhält, hat unterhalten	Andreas und Nessrin unterhalten sich. / Wir haben uns über das Fußballspiel unterhalten.	28
A2	Unterkunft	die	die Unterkunft, ¨-e	Ich suche noch eine Unterkunft in Basel. Kennst du ein günstiges Hotel?	28
A2	unternehmen		unternehmen, unternimmt, hat unternommen	Wollen wir heute Abend etwas unternehmen?	28
A2	Unterricht	der	der Unterricht (Sg.)	Der Unterricht dauert bis 19 Uhr.	28
A2	Unterschied	der	der Unterschied, -e	Was ist der Unterschied zwischen den beiden Kursen? - Die Kurse sind gleich. Es gibt keinen Unterschied.	28
A2	unterschreiben		unterschreiben, unterschreibt, hat unterschrieben	Wo muss ich unterschreiben?	28
A2	Unterschrift	die	die Unterschrift,-en	Hier fehlt noch Ihre Unterschrift.	28
A2	untersuchen		untersuchen, untersucht, hat untersucht	Der Arzt hat mich untersucht. / Der Arzt muss dein Bein untersuchen.	28
A2	unterwegs sein		unterwegs sein, ist unterwegs, war unterwegs, ist unterwegs gewesen	Warte bitte auf mich. Ich bin unterwegs und komme gleich.	28
A2	Urlaub	der	der Urlaub, -e	Ich nehme im September Urlaub.	28
A2	verabredet sein		verabredet sein, ist verabredet, war verabredet, ist verabredet gewesen	Ich bin mit meiner Freundin verabredet.	28
A2	Veranstaltung	die	die Veranstaltung, -en	Am Samstag ist unser Restaurant geschlossen. Wir haben eine Veranstaltung.	28
A2	verbieten / verboten sein		verbieten / verboten sein	Hier ist Rauchen verboten.	28
A2	verdienen		verdienen, verdient, hat verdient	Ich verdiene 1.500 Euro im Monat.	28
A2	Verein	der	der Verein, -e	Er ist seit vielen Jahren im Verein. / Es gibt einen neuen Sportverein in der Stadt.	28
A2	vereinbaren		vereinbaren, vereinbart, hat vereinbart	Können wir einen Termin vereinbaren?	28
A2	vergessen		vergessen, vergisst, hat vergessen	Ich habe meine Hausaufgaben vergessen. / Vergiss deinen Arzttermin nicht!	28
A2	vergleichen		vergleichen, vergleicht, hat verglichen	Vergleichen Sie die Angebote! / Können wir die Antworten vergleichen?	29
A2	verkaufen		verkaufen, verkauft, hat verkauft	Er verkauft sein altes Auto.	29
A2	Verkehr	der	der Verkehr (Sg.)	Morgens gibt es hier immer viel Verkehr.	29
A2	Verkehrsmittel	das	das Verkehrsmittel, -	Welche Verkehrsmittel benutzen Sie oft?	29
A2	verletzen		verletzen (sich), verletzt, hat verletzt	Sind Sie verletzt? – Ja, am Bein. / Haben Sie sich verletzt?	29
A2	verlieben		verlieben (sich), verliebt, hat verliebt	Ich bin total verliebt.	29
A2	verlieren		verlieren, verliert, hat verloren	Ich habe meinen Schlüssel verloren. / Michael hat seine Arbeit verloren. / Wir haben das Fußballspiel verloren.	29
A2	vermieten		vermieten, vermietet, hat vermietet	Die Wohnung ist schon vermietet.	29
A2	Vermieter	der	der Vermieter, - / die Vermieterin, -nen	Unser Vermieter ist nett.	29
A2	verpassen		verpassen, verpasst, hat verpasst	Ich habe den Zug verpasst.	29
A2	verreisen		verreisen, verreist, ist verreist	Verreist ihr in den Ferien? / Frau Doktor Müller ist zur Zeit verreist. Sie kommt erst nächste Woche zurück.	29
A2	verschieben		verschieben, verschiebt, hat verschoben	Leider muss ich den Termin verschieben.	29
A2	verschieden		verschieden	Unsere beiden Kinder sind sehr verschieden. / Ich habe diese Schuhe in verschiedenen Farben.	29
A2	Verspätung	die	die Verspätung,-en	Unser Zug hat leider 15 Minuten Verspätung.	29
A2	verstehen		verstehen, versteht, hat verstanden	Können Sie mich verstehen? / Ich verstehe diese Aufgabe nicht.	29
A2	versuchen		versuchen, versucht, hat versucht	Kann ich es auch einmal versuchen? / Haben Sie es schon einmal mit diesem Mittel versucht?	29
A2	Vertrag	der	der Vertrag, ¨-e	Ich muss den Vertrag noch unterschreiben.	29
A2	viel		viel, e	Ich habe leider nicht viel Zeit. / Viel Spaß! / Im Winter sind viele Leute erkältet.	29
A2	vielleicht		vielleicht	Vielleicht bekomme ich diesen Job. / Er besucht uns vielleicht am Wochenende. / Kannst du mir vielleicht ein bisschen Geld leihen?	29
A2	Vogel	der	der Vogel, ¨-	Nadine mag Vögel. / Morgens singen die Vögel immer laut.	29
A2	voll		voll	Morgens und abends sind die Züge immer sehr voll. / Die Flasche ist noch ganz voll.	29
A2	Volleyball	der	der Volleyball, ¨-e	Ich spiele gern Volleyball.	29
A2	von		von	Das Auto von Felix ist kaputt. / Er kommt gerade von Köln/von zu Hause. / Die Brötchen sind leider von gestern.	29
A2	vor		vor	Er ist vor einer Stunde gegangen. / Das Auto steht vor der Tür.	29
A2	vorbei		vorbei	Die Linie 8 fährt am Krankenhaus vorbei. / Kommst du morgen bei mir vorbei?	29
A2	vorbereiten		vorbereiten, bereitet vor, hat vorbereitet	Morgen mache ich eine Party. Ich muss noch viel dafür vorbereiten. / Ich muss mich auf meine Prüfung vorbereiten.	29
A2	vorgestern		vorgestern	Er hat mich vorgestern angerufen.	29
A2	vorher		vorher	Ich komme mit ins Café. Vorher muss ich aber noch zur Bank.	29
A2	vorn(e)		vorn(e)	Bitte vorn(e) einsteigen!	29
A2	Vorname	der	der Vorname, -n	Ich heiße Müller, mein Vorname ist Eva.	29
A2	Vorschlag	der	der Vorschlag, ¨-e	Was machen wir am Wochenende? Hast du einen	29
A2	(haben/machen)		(haben/machen)	guten Vorschlag? - Wir können ins Kino gehen. / Was schenken wir Christina zur Hochzeit? - Wir haben doch schon so viele Vorschläge gemacht.	29
A2	vorsichtig		vorsichtig	Sei vorsichtig! / Du musst vorsichtig fahren, es ist neblig.	29
A2	vorstellen		vorstellen (sich), stellt vor, hat vorgestellt	Wir wollen uns kennenlernen. Können Sie sich bitte vorstellen? / Darf ich Ihnen meine Frau vorstellen?	29
A2	vorwärts		vorwärts	Fahren Sie bitte noch ein Stück vorwärts.	29
A2	wach		wach	Bist du schon lange wach? / Ich bin noch nicht ganz wach.	29
A2	Wagen	der	der Wagen, –	Wo steht Ihr Wagen? / Im zweiten Wagen ist unser Zugrestaurant.	29
A2	wählen		wählen, wählt, hat gewählt	Sie müssen erst eine Null wählen. / Wählen Sie bitte ein Getränk.	29
A2	wahr		wahr	Das ist (nicht) wahr!	29
A2	wahrscheinlich		wahrscheinlich	Wahrscheinlich mache ich im Herbst einen Deutschkurs. / Er kommt wahrscheinlich nicht.	29
A2	Wald	der	der Wald, ¨-er	Im Wald ist es ruhig. / Ich gehe gern im Wald spazieren.	29
A2	wandern		wandern, wandert, ist gewandert	Wir gehen oft wandern.	29
A2	wann		wann	Wann bist du fertig? / Wann kann ich Sie anrufen?	29
A2	warm		warm	Hier ist es sehr warm. / Mittags esse ich oft ein warmes Essen. / Ich brauche einen warmen Pullover.	29
A2	warten		warten, wartet, hat gewartet	Können Sie ein paar Minuten warten? / Auf wen warten Sie?	29
A2	warum		warum	Warum kommt er nicht?	29
A2	was		was	Was ist das? / Was möchten Sie?	30
A2	Wäsche	die	die Wäsche, -n	Ich muss noch Wäsche waschen.	30
A2	waschen		waschen (sich), wäscht, hat gewaschen	Wo kann ich mir die Hände waschen?	30
A2	Wasser	das	das Wasser (Sg.)	Ein Glas Wasser, bitte. / Gibt es hier kein warmes Wasser?	30
A2	Webseite	die	die Webseite, -n	Es gibt viele Webseiten mit Grammatikübungen.	30
A2	wechseln		wechseln, wechselt, hat gewechselt	Wir müssen den Reifen wechseln. / Können Sie mir zehn Dollar wechseln?	30
A2	wecken		wecken, weckt, hat geweckt	Bitte wecken Sie mich morgen früh um fünf.	30
A2	weg/weg-		weg/weg- (wegbringen/ -fahren/-gehen/ -laufen/-machen/ -nehmen/-werfen)	Meine Brille ist weg. Ich finde sie nicht mehr. / Bringst du bitte den Müll weg? / Können Sie Ihr Auto bitte wegfahren? / Ich gehe jetzt weg. / Unser Hund ist weggelaufen. / Kannst du das bitte wegmachen? / Warum hast du dem Kind den Ball weggenommen? / Sie können diese Papiere wegwerfen.	30
A2	Weg	der	der Weg, -e	Das ist der kürzeste Weg. / Können Sie mir bitte den Weg zum Flughafen beschreiben?	30
A2	wegen		wegen	Wegen seiner Arbeit kann er leider nicht kommen. / Ich rufe wegen meiner Tochter an.	30
A2	wehtun		wehtun, tut weh, hat wehgetan	Wo tut es weh? / Ich will dir nicht wehtun.	30
A2	weiblich		weiblich	Wählen Sie bitte: „weiblich“ oder „männlich“.	30
A2	weich		weich	Ich möchte zum Frühstück ein weiches Ei. / Das Bett im Hotel war zu weich.	30
A2	weil		weil	Ich kann nicht kommen, weil ich arbeiten muss.	30
A2	Wein	der	der Wein, -e	Nein danke, ich möchte keinen Wein.	30
A2	weinen		weinen, weint, hat geweint	Warum weint das Baby? / Weine bitte nicht!	30
A2	weit		weit	Zum Bahnhof ist es nicht weit.	30
A2	weiter		weiter (z. B. weitermachen/-helfen)	Der Bus fährt nicht weiter. / Können wir jetzt weitermachen? / Entschuldigung, können Sie mir bitte weiterhelfen?	30
A2	welcher		welcher, -e, -s	Welcher Tag ist heute? / Welchen Kurs möchtest du machen? / Welche Bluse nehmen Sie? / Welches Buch suchst du?	30
A2	Welt	die	die Welt, -en	Ich möchte gern einmal um die Welt reisen. / Die Studenten kommen aus vielen Ländern. Sie kommen aus der ganzen Welt.	30
A2	wenig		wenig, -e	Ich habe leider nur wenig verstanden. / Er verdient wenig.	30
A2	wenigstens		wenigstens	Ich habe keinen Hunger. - Ach, essen Sie wenigstens ein Stück Kuchen.	30
A2	wenn		wenn	Wenn ich nicht arbeiten muss, komme ich.	30
A2	wer		wer (wen, wem)	Wer ist das?	30
A2	werden		werden, wird, ist geworden	Mein Sohn will Arzt werden. / Das Wetter am Wochenende wird gut. Das haben sie im Radio gesagt.	30
A2	Werkstatt	die	die Werkstatt, ¨-en	Mein Auto ist kaputt. Es ist in der Werkstatt.	30
A2	Wettbewerb	der	der Wettbewerb, -e	Mein Sohn hat bei einem Wettbewerb gewonnen.	30
A2	Wetter	das	das Wetter (Sg.)	Heute ist das Wetter gut: Es ist sonnig und warm. / Wir hatten im Urlaub schlechtes Wetter.	30
A2	wichtig		wichtig	Es ist wichtig, dass Sie auch kommen. / Morgen habe ich einen wichtigen Termin.	30
A2	wie		wie	Wie heißt du? / Wie bitte? Können Sie das bitte wiederholen? / Er schreibt wie ein Kind. / Meine Frau ist so groß wie ich. / Wie groß ist die Wohnung? / Wie soll ich das machen? / Wie lange bist du schon hier?	30
A2	wie viel		wie viel, -e	Wie viel kostet diese Hose? / Wie viele Kinder haben Sie?	30
A2	wieder		wieder	Stefan kann wieder zum Fußballtraining kommen. / Geht es dir wieder besser? / Du kommst schon wieder zu spät. / Wann kommst du wieder?	30
A2	wiederholen		wiederholen, wiederholt, hat wiederholt	Können Sie das bitte wiederholen?	30
A2	Wiederhören	das	das Wiederhören, -	Wir müssen jetzt Schluss machen. Also auf Wiederhören!	30
A2	Wiedersehen	das	das Wiedersehen, -	Auf Wiedersehen!	30
A2	willkommen		willkommen	Herzlich willkommen in Berlin!	30
A2	Wind	der	der Wind, -e	Der Wind ist kalt.	30
A2	windig		windig	Heute ist es sehr windig.	30
A2	wirklich		wirklich	Du glaubst mir nicht? Es ist aber wirklich so.	30
A2	wissen		wissen, weiß, hat gewusst	Weißt du, wie der Hausmeister heißt? / Woher wissen Sie das?	30
A2	Witz	der	der Witz, -e	Wir haben Witze erzählt und viel gelacht.	30
A2	witzig		witzig	Warum lachst du? Ich finde das nicht witzig.	30
A2	wo		wo	Wo waren Sie im Urlaub? - In Frankreich. / Wo ist meine Uhr? / Wo sind Sie geboren?	30
A2	woher		woher	Woher kommen Sie? / Woher wissen Sie das?	30
A2	wohin		wohin	Wohin fährt dieser Bus? - Nach Dresden. / Wohin wollen Sie am Wochenende gehen?	30
A2	wohnen		wohnen, wohnt, hat gewohnt	Ich wohne in Kiel.	30
A2	Wohnung	die	die Wohnung, -en	Haben Sie schon eine neue Wohnung gefunden? / Meine Wohnung ist sehr hell.	30
A2	Wohnzimmer	das	das Wohnzimmer, -	Die Kinder sitzen im Wohnzimmer und sehen fern.	30
A2	Wolke	die	die Wolke, -n	Heute gibt es viele Wolken.	31
A2	wollen		wollen, will, wollte, hat gewollt	Wollen Sie einen Kaffee trinken?	31
A2	(hat wollen als Modalverb)		(hat wollen als Modalverb)		31
A2	Workshop	der	der Workshop, -s	Das war ein toller Workshop. Ich habe viel gelernt. / Am Freitag gibt es einen Computer-Workshop in meiner Firma.	31
A2	Wort	das	das Wort,¨-er	Ich kenne das Wort nicht. / Ich muss das Wort im Wörterbuch suchen.	31
A2	wunderbar		wunderbar	Diese Schokolade schmeckt wunderbar. / Wir hatten im Urlaub wunderbares Wetter.	31
A2	Wunsch	der	der Wunsch, ¨-e	Ich wünsche Ihnen alles Gute! / Sie wünschen? – Ich möchte ein halbes Kilo Äpfel, bitte. / Haben Sie noch einen Wunsch? / Was ist dein größter Wunsch?	31
A2	wünschen		wünschen	Ich wünsche mir eine Kamera zum Geburtstag.	31
A2	Wurst	die	die Wurst, ¨-e	Eine Wurst mit Pommes, bitte.	31
A2	Zahl	die	die Zahl, -en	Können Sie die Zahl bitte wiederholen?	31
A2	zahlen		zahlen, zahlt, hat gezahlt	Entschuldigung, zahlen bitte!	31
A2	Zahn	der	der Zahn, ¨-e	Der Zahn tut mir schon seit einer Woche weh.	31
A2	zeichnen		zeichnen, zeichnet, hat gezeichnet	Caterina kann gut zeichnen. Sieh mal das Bild hier.	31
A2	zeigen		zeigen, zeigt, hat gezeigt	Können Sie mir bitte den Weg zum Bahnhof zeigen?	31
A2	Zeit	die	die Zeit, -en	Ich habe heute keine Zeit.	31
A2	Zeitschrift	die	die Zeitschrift, -en	Diese Zeitschrift kauft Andrea jede Woche.	31
A2	Zeitung	die	die Zeitung, -en	Ich lese manchmal Zeitung. / Wo ist die Zeitung von heute?	31
A2	Zelt	das	das Zelt, -e	Im Sommer schlafen wir manchmal im Zelt.	31
A2	Zentrum	das	das Zentrum, -en	Der Bahnhof ist im Stadtzentrum. / Wohnst du im Zentrum? - Nein, ich wohne nicht direkt in der Stadt.	31
A2	Zettel	der	der Zettel, -	Hast du einen Zettel für mich? Ich muss etwas notieren. / Schreiben Sie Ihre Telefonnummer bitte auf den Zettel.	31
A2	Zeugnis	das	das Zeugnis, -se	Morgen bekommen die Kinder ihr Zeugnis.	31
A2	(an-)/(aus)ziehen		(an-)/(aus)ziehen, zieht (an/aus), hat/ist	Ich ziehe (mir) eine Jacke an. / Er hat sein T-Shirt ausgezogen und ein Hemd angezogen.	31
A2	(an/aus)gezogen		(an/aus)gezogen	Die Nachbarn sind am Wochenende ausgezogen.	31
A2	Ziel	das	das Ziel, -e	John läuft sehr schnell. Er war als erster am Ziel. / Was ist dein Ziel im Leben?	31
A2	Zimmer	das	das Zimmer, -	Das Zimmer ist am größten. / Mach im Schlafzimmer das Fenster zu! / Die Wohnung hat drei Zimmer. / Ich habe im Hotel ein Zimmer bestellt.	31
A2	Zirkus	der	der Zirkus, -se	Heute gehen wir mit den Kindern in den Zirkus.	31
A2	Zitrone	die	die Zitrone, -n	Ich trinke den Tee mit Zitrone. / Lucia mag Zitroneneis.	31
A2	Zoo	der	der Zoo, -s	Am Sonntag gehen wir in den Zoo.	31
A2	zu		zu	Der Bus fährt zum Bahnhof. / Ich gehe zu Fuß. / Ich bin zu Hause. / Das Kleid ist mir zu teuer. / Ich trinke zum Essen ein Bier.	31
A2	Zucker	der	der Zucker (Sg.)	Trinken Sie den Tee mit oder ohne Zucker?	31
A2	zuerst		zuerst	Zuerst müsst ihr die Hausaufgaben machen, dann könnt ihr spielen. / Zuerst hat mir die Arbeit gar nicht gefallen. Jetzt geht es besser.	31
A2	zufrieden		zufrieden	Ich bin mit der Wohnung zufrieden. Sie ist nicht groß, aber sie hat einen Balkon.	31
A2	Zug	der	der Zug, ¨-e	Ich fahre gern mit dem Zug.	31
A2	zuhören		zuhören, hört zu, hat zugehört	Hör mir doch mal zu! Ich rede mit dir.	31
A2	zuletzt		zuletzt	Wir haben uns vor drei Jahren zuletzt gesehen. / Diese Aufgabe machen wir zuletzt.	31
A2	zum Beispiel		zum Beispiel	Mein Freund hat viele Hobbys, zum Beispiel Kochen, Lesen und Tanzen.	31
A2	zumachen		zumachen, macht zu, hat zugemacht	Machst du bitte das Fenster zu?	31
A2	zurück		zurück	Eine Fahrkarte nach Frankfurt und zurück, bitte.	31
A2	zurück-		zurück- (fahren, geben, gehen, kommen, laufen)	Fahrt ihr nach der Party zurück nach Hause? / Wann muss ich das Buch zurückgeben? / Wir gehen wieder zurück. / Wann kommst du zurück? / Ich habe mein Buch vergessen. Ich laufe schnell nach Hause zurück.	31
A2	zusammen		zusammen	Wollen wir zusammen essen gehen? / Zahlen, bitte. – Zusammen oder getrennt? / Das macht zusammen 10 Euro 80.	31
A2	zwischen		zwischen	Heidelberg liegt zwischen Frankfurt und Stuttgart. / Zwischen acht und zehn Uhr bin ich zu Hause.	31
B1	ab		ab	1. Die Fahrt kostet ab Hamburg 200 Euro. / 2. Ab nächster Woche bleibt unser Geschäft samstags geschlossen. / 3. Mein Bruder besucht uns ab und zu.	16
B1	abbiegen		abbiegen, biegt ab, bog ab, ist abgebogen	An der nächsten Kreuzung müssen Sie links abbiegen.	16
B1	Abbildung	die	die Abbildung, -en	Auf der Abbildung sehen Sie, wie man das Gerät einschaltet.	16
B1	Abenteuer	das	das Abenteuer, -	1. Unser Urlaub war ein tolles Abenteuer. / 2. Die Kinder lieben Abenteuergeschichten.	16
B1	aber		aber	1. Heute kann ich nicht, aber morgen ganz bestimmt. / 2. Es lag sehr viel Schnee, aber Enzo ist trotzdem mit dem Motorrad gefahren. / 3. Wir haben nur eine kleine Wohnung, sind aber damit zufrieden. / 4. Es war sehr schön. Jetzt muss ich aber gehen. / 5. Ich würde gerne kommen, aber es geht leider nicht. / 6. Darf ich dich zu einem Kaffee einladen? – Aber ja, sehr gern. / 7. Du spielst aber gut Klavier.	16
B1	abfahren		abfahren, fährt ab, fuhr ab, ist abgefahren	Unser Zug ist pünktlich abgefahren.	16
B1	Abfahrt	die	die Abfahrt, -en	Es bleiben uns noch zwanzig Minuten bis zur Abfahrt.	16
B1	Abfall	der	der Abfall, ¨-e	Werfen Sie den Bioabfall bitte nicht zum normalen Müll.	16
B1	Abfalleimer	der	der Abfalleimer, -	Wirf das bitte in den Abfalleimer!	16
B1	Abgase		Abgase (Pl.)	Abgase aus Industrie und Haushalten verschmutzen die Luft.	16
B1	abgeben		abgeben, gibt ab, gab ab, hat abgegeben	Ich soll dieses Päckchen bei Herrn Müller abgeben.	16
B1	abhängen		abhängen, hängt ab, hing	Vielleicht bleiben wir ein paar Tage	16
B1	ab		ab, hat abgehangen (von)	länger, das hängt vom Wetter ab.	16
B1	abhängig		abhängig	Gregor ist finanziell von seinen Eltern abhängig.	16
B1	abheben		abheben, hebt ab, hob ab, hat abgehoben	Für die Reise habe ich 500 Euro von meinem Konto abgehoben.	16
B1	abholen		abholen, holt ab, holte ab, hat abgeholt	Meine Freundin hat mich vom Bahnhof abgeholt.	16
B1	abschreiben		abschreiben, schreibt ab, schrieb ab, hat abgeschrieben	Er hat die Hausaufgaben von mir abgeschrieben.	16
B1	Abitur	das	das Abitur (D)→A, CH: Matura	Meine Tochter hat gerade Abitur gemacht.	16
B1	ablehnen		ablehnen, lehnt ab, lehnte ab, hat abgelehnt	Er hat mein Angebot, ihm zu helfen, abgelehnt.	16
B1	abmachen		abmachen, macht ab, machte ab, hat abgemacht	Wir hatten doch abgemacht, dass du die Getränke besorgst.	16
B1	abnehmen		abnehmen, nimmt ab, nahm ab, hat abgenommen	1. Morgen können wir den Verband abnehmen. / 2. Ich habe zehn Kilo abgenommen.	16
B1	abonnieren		abonnieren, abonniert, abonnierte, hat abonniert	Diese Zeitschrift würde ich gerne abonnieren.	16
B1	Abonnement	das	das Abonnement, -s/-e	Ich habe das Abonnement gekündigt.	16
B1	absagen		absagen, sagt ab, sagte	Ich muss unser Treffen leider absagen,	16
B1	ab		ab, hat abgesagt	weil ich krank geworden bin.	16
B1	Abschluss	der	der Abschluss, ¨-e	Ein guter Schulabschluss ist sehr wichtig.	16
B1	Abschnitt	der	der Abschnitt, -e	Lesen Sie bitte den zweiten Abschnitt.	16
B1	Absender	der	der Absender, -	Schicken Sie das Paket an den	16
B1	Absenderin	die	die Absenderin, -nen	Absender zurück.	16
B1	Absicht	die	die Absicht, -en	1. Entschuldigen Sie bitte. Meine Tochter hat das nicht mit Absicht gemacht. / 2. Hast du die Absicht zu studieren?	16
B1	absolut		absolut	1. Was Sie da sagen, ist absolut falsch. / 2. Ich habe absolutes Vertrauen zu dir.	16
B1	abstimmen		abstimmen, stimmt ab, stimmte ab, hat abgestimmt	Lasst uns über diesen Punkt abstimmen.	16
B1	Abteilung	die	die Abteilung, -en	Meine Freundin arbeitet in der Abteilung von Frau Kaufmann.	16
B1	Abwart	der	der Abwart, -e	Der Abwart hat mir geholfen, den	16
B1	Abwartin	die	die Abwartin, -nen (CH) → D, A: Hausmeister	Schrank in die Wohnung zu tragen.	16
B1	abwärts		abwärts	Von dort führt der Weg abwärts ins Tal.	16
B1	abwaschen		abwaschen, wäscht ab, wusch ab, hat abgewaschen	Ich muss noch das Geschirr abwaschen.	16
B1	abwesend		abwesend	Herr Huber ist bis zum 25. April abwesend.	16
B1	achten		achten, achtet, achtete, hat geachtet (auf)	Achten Sie bitte darauf, dass Sie abschließen, wenn Sie gehen.	16
B1	Achtung!		Achtung!	Achtung, hier endet die Straße!	17
B1	Adresse	die	die Adresse, -n	Hast du schon meine neue Adresse?	17
B1	ähnlich		ähnlich	1. Emilia ist in einer ganz ähnlichen Situation wie ich. / 2. Oleg sieht seinem Bruder sehr ähnlich.	17
B1	Ahnung	die	die Ahnung	Ich hatte keine Ahnung, dass du heute Geburtstag hast.	17
B1	Aktion	die	die Aktion, -en	Die Stadt sollte eine Aktion für Familien planen.	17
B1	aktiv		aktiv	Ich bin sehr aktiv und mache viel Sport.	17
B1	Aktivität	die	die Aktivität, -en	In den Ferien bietet die Stadt für Kinder verschiedene Freizeitaktivitäten.	17
B1	aktuell		aktuell	Umweltschutz ist ein aktuelles Thema.	17
B1	akzeptieren		akzeptieren, akzeptiert, akzeptierte, hat akzeptiert	Ich kann diese Bedingungen nicht akzeptieren.	17
B1	Alarm	der	der Alarm, -e	Bei Feueralarm dürfen Sie die Aufzüge nicht benutzen.	17
B1	Alkohol	der	der Alkohol	1. Du musst die Wunde mit Alkohol reinigen. / 2. Nein, danke! Ich trinke keinen Alkohol.	17
B1	all-		all-	1. Sind alle Kinder da? / 2. Sonst noch (et)was? – Nein, danke. Das ist alles. / 3. Alles Gute!	17
B1	allein		allein	1. Ich gehe nicht gern allein spazieren. / 2. Soll ich Ihnen helfen? – Danke, ich schaffe es schon allein. / 3. Es war sehr teuer. Allein das Essen hat schon über 50 Euro gekostet.	17
B1	aller-		aller-	1. Am allerbesten ist es, wenn du dich ins Bett legst und lange schläfst. Dann wirst du schnell wieder gesund. / 2. Das ist das Allerschönste, was ich je gesehen habe.	17
B1	allerdings		allerdings	Wir können uns morgen treffen, allerdings habe ich erst ab Mittag Zeit.	17
B1	allgemein		allgemein	1. Wir haben nur über allgemeine Probleme gesprochen. / 2. Es ist allgemein bekannt, dass man hier gut essen kann. / 3. Im Allgemeinen bin ich mit meiner Arbeit sehr zufrieden.	17
B1	Alltag	der	der Alltag	Das ist mein Alltag: putzen, waschen, kochen.	17
B1	alltäglich		alltäglich	1. Das alltägliche Leben ist manchmal langweilig. / 2. Der Roman erzählt eine ganz alltägliche Geschichte.	17
B1	Alphabet	das	das Alphabet, -e	Wie viele Buchstaben hat das Alphabet in Ihrer Sprache?	17
B1	als		als	1. Als mein Mann kam, war die Party schon zu Ende. / 2. Sie können sich sowohl persönlich als auch im Internet anmelden. / 3. Meine Schwester ist älter als ich. / 4. Es ist später, als ich dachte.	17
B1	als ob		als ob	Er tut so, als ob wir nie darüber gesprochen hätten.	17
B1	also		also	1. Also, die Sache ist so: … / 2. Irina hat Urlaub. Sie kann uns also helfen. / 3. Also wirklich, jetzt reicht es.	17
B1	alt		alt	1. Wie alt sind Sie? / 2. Maria ist eine alte Freundin von mir.	17
B1	Alter	das	das Alter	1. Wir sind etwa im gleichen Alter. / 2. Alter: 26 Jahre	17
B1	Altenheim	das	das Altenheim, -e → Altersheim	Die Großeltern unserer Nachbarn sind im Altenheim.	17
B1	Altersheim	das	das Altersheim, -e → Altenheim	Die Großeltern unserer Nachbarn sind im Altersheim.	17
B1	alternativ		alternativ	Wir brauchen alternative Energien.	17
B1	Alternative	die	die Alternative, -n	Auf dieser Strecke ist der Zug eine gute Alternative zum Flugzeug.	17
B1	Ampel	die	die Ampel, -n	Dort an der Ampel kannst du über die Straße gehen.	17
B1	Amt	das	das Amt, ¨-er	Das Arbeitsamt befindet sich neben dem Busbahnhof.	17
B1	amüsieren		sich amüsieren, amüsiert	Bei dem Fest haben wir uns sehr gut	17
B1	sich		sich, amüsierte sich, hat sich amüsiert	amüsiert.	17
B1	an		an	1. Am Anfang war alles sehr schwierig. / 2. Dann sehen wir uns also am Dienstag. / 3. Ich warte am Bahnhof auf dich. / 4. Am besten, du gehst zur Information und fragst da. / 5. Das Licht war die ganze Nacht an.	17
B1	analysieren		analysieren, analysiert, analysierte, hat analysiert	Die Politiker analysieren die Situation auf dem Arbeitsmarkt.	17
B1	anbieten		anbieten, bietet an, bot an, hat angeboten	Darf ich Ihnen etwas zu trinken anbieten?	17
B1	Anbieter	der	der Anbieter, -	Ist das ein privater Telefonanbieter?	18
B1	Angebot	das	das Angebot, -e	1. Ich habe in der Zeitung ein paar günstige Wohnungsangebote gelesen. / 2. Der Käse ist heute im Angebot.	18
B1	ander-		ander-	1. Die anderen sind schon nach Hause gegangen. / 2. Bitte nicht alle auf einmal! Einer nach dem anderen. / 3. Ich hätte gern ein anderes Auto. / 4. Natascha hat unter anderem Chinesisch und Spanisch gelernt.	18
B1	andererseits		andererseits	Tarek möchte zwar studieren, aber andererseits möchte er auch gleich Geld verdienen.	18
B1	ändern		ändern, ändert, änderte, hat geändert	1. Das Wetter hat sich geändert. / 2. Ich habe meine Meinung inzwischen geändert.	18
B1	Änderung	die	die Änderung, -en	Es gibt eine Programmänderung.	18
B1	anders		anders	1. Anders geht das leider nicht. / 2. Oliver ist anders als seine Freunde. / 3. Ich würde das anders machen.	18
B1	anerkennen		anerkennen, erkennt an, erkannte an, hat anerkannt	Meine Ausbildung wird hier nicht anerkannt.	18
B1	anfangen		anfangen, fängt an, fing an, hat angefangen	1. Wann fängst du mit der Arbeit an? / 2. Hier fängt die Bahnhofstraße an.	18
B1	Anfang	der	der Anfang, ¨-e	1. Wie war der Film? – Ich habe nur den Anfang gesehen. / 2. Am Anfang habe ich bei der Arbeit viele Fragen gestellt. / 3. Mein Chef ist Anfang fünfzig. / 4. Meine Mutter war von Anfang an dagegen, dass ich nach Berlin ziehe. / 5. Wir machen Anfang Juli Ferien. / 6. Meine Freundin wohnt am Anfang der Straße.	18
B1	anfangs		anfangs	Anfangs ging alles gut.	18
B1	angeben		angeben, gibt an, gab an, hat angegeben	Bitte geben Sie Ihre genaue Adresse an.	18
B1	Angabe	die	die Angabe,-n	Wir brauchen von Ihnen folgende Angaben: Name, Adresse, Geburtsdatum.	18
B1	Angehörige	der	der Angehörige, -n	Der Arzt darf nur Familienangehörigen	18
B1	Angehörige	die	die Angehörige, -n	Auskunft geben.	18
B1	angenehm		angenehm	Wir wünschen Ihnen eine angenehme Reise.	18
B1	Angst	die	die Angst, “-e	1. Du brauchst keine Angst zu haben. Der Hund tut dir nichts. / 2. Ich habe Angst, vielleicht ist etwas passiert.	18
B1	ängstlich		ängstlich	Meine Mutter ist etwas ängstlich. Sie geht nicht gern allein auf die Straße.	18
B1	anhaben		anhaben, hat an, hatte an, hat angehabt	Gestern hatte Julia ein rotes Kleid an.	18
B1	anklicken		anklicken, klickt an, klickte an, hat angeklickt	Du musst das Bild anklicken. Dann wird es größer.	18
B1	ankommen		ankommen, kommt an, kam an, ist angekommen	1. Wann kommt der Zug in Hamburg an? / 2. Bei dem Spiel kommt es darauf an, schneller zu laufen als die anderen.	18
B1	Ankunft	die	die Ankunft	1. Die Abfahrt ist um 0.55 Uhr, die Ankunft um 8.07 Uhr. / 2. Gleich nach der Ankunft habe ich meine Eltern angerufen.	18
B1	ankündigen		ankündigen, kündigt an, kündigte an, hat angekündigt	Wir sollten unseren Besuch ankündigen.	18
B1	Anlage	die	die Anlage, -n	1. Meine Musikanlage ist kaputt. / 2. In der Anlage der E-Mail finden Sie meinen Lebenslauf.	18
B1	Anleitung	die	die Anleitung, -en	In der Anleitung steht, dass bei diesem Spiel der Älteste beginnt.	18
B1	anmelden		anmelden, meldet an, meldete an, hat angemeldet	Für diesen Kurs müssen Sie sich unbedingt vorher anmelden.	18
B1	Anmeldung	die	die Anmeldung, -en	1. Wo bekomme ich die Formulare für die Anmeldung? / 2. Die Anmeldung ist im Erdgeschoss, Zimmer 55.	18
B1	annehmen		annehmen, nimmt an, nahm an, hat angenommen	1. Ich nehme Ihre Einladung gern an. / 2. Ich nehme an, dass Sie mit dem Vorschlag einverstanden sind.	18
B1	Annonce	die	die Annonce, -n	Ich habe alle Annoncen gelesen, aber die Wohnungen sind zu teuer.	18
B1	Anrede	die	die Anrede, -n	Du darfst im Brief die Anrede nicht vergessen.	18
B1	anrufen		anrufen, ruft an, rief an, hat angerufen	Ich rufe Sie heute Abend an.	18
B1	Anruf	der	der Anruf, -e	Ich warte auf einen Anruf aus Berlin.	18
B1	Anrufbeantworter	der	der Anrufbeantworter, -	Ich habe dir eine Nachricht auf den Anrufbeantworter gesprochen.	18
B1	Ansage	die	die Ansage, -n	Achten Sie auf die Ansage am Bahnsteig.	18
B1	anschaffen		anschaffen, schafft an, schaffte an, hat angeschafft	Wir haben uns neue Möbel angeschafft.	19
B1	anschließen		anschließen, schließt an, schloss an, hat angeschlossen	Wo kann ich den Computer anschließen?	19
B1	Anschluss	der	der Anschluss, ¨-e	1. In Mannheim haben Sie Anschluss nach Saarbrücken. / 2. Ich brauche in meiner Wohnung einen Telefonanschluss.	19
B1	anschnallen		anschnallen, schnallt an, schnallte an, hat angeschnallt	Vergiss nicht, dich anzuschnallen.	19
B1	ansehen		ansehen, sieht an, sah an, hat angesehen	1. Warum siehst du mich so erschrocken an? / 2. Darf ich eure Urlaubsfotos ansehen?	19
B1	ansprechen		ansprechen, spricht an, sprach an, hat angesprochen	Gestern hat mich unsere neue Nachbarin im Treppenhaus angesprochen.	19
B1	Anspruch	der	der Anspruch, ¨-e	Sie wohnen im Stadtzentrum. Deshalb haben Sie keinen Anspruch auf Fahrgeld.	19
B1	anstellen		anstellen, stellt an, stellte an, hat angestellt	1. Können Sie bitte die Heizung anstellen? / 2. Mein Schwager ist bei einer Möbelfirma angestellt. / 3. Da vorne ist die Kasse. Du musst dich anstellen.	19
B1	Angestellte	der	der Angestellte, -n	Björn ist Angestellter in einem	19
B1	Angestellte	die	die Angestellte, -n	Reisebüro.	19
B1	anstrengen		sich anstrengen, strengt	1. Diese Arbeit strengt mich sehr an.	19
B1	an		sich an, strengte sich an, hat sich angestrengt	2. Wenn du die Prüfung schaffen willst, musst du dich mehr anstrengen.	19
B1	anstrengend		anstrengend	Ich finde diese Arbeit sehr anstrengend.	19
B1	Antrag	der	der Antrag, ¨-e	Haben Sie schon einen Antrag für das Wohngeld ausgefüllt?	19
B1	anwenden		anwenden, wendet an, wandte an, hat angewandt/angewendet	Diese Salbe muss man dreimal am Tag anwenden.	19
B1	anwesend		anwesend	Bei dem Treffen waren alle Mitglieder anwesend.	19
B1	antworten		antworten, antwortet, antwortete, hat geantwortet	Jorge hat seit drei Wochen nicht auf meinen Brief geantwortet.	19
B1	Antwort	die	die Antwort, -en	Leider habe ich keine Antwort bekommen.	19
B1	Anwalt	der	der Anwalt, ¨-e	Ich werde das nicht bezahlen. Ich	19
B1	Anwältin	die	die Anwältin, -nen	möchte zuerst mit meinem Anwalt sprechen.	19
B1	anzeigen		anzeigen, zeigt an, zeigte an, hat angezeigt	Wenn Sie hier parken, zeige ich Sie an.	19
B1	Anzeige	die	die Anzeige, -n	1. Ich habe alle Anzeigen gelesen, aber die Wohnungen sind zu teuer. / 2. Hier dürfen Sie nicht parken, sonst bekommen Sie eine Anzeige.	19
B1	anziehen		(sich) anziehen, zieht an, zog an, hat angezogen	1. Du musst dich wärmer anziehen, sonst erkältest du dich. / 2. Heute ziehe ich mein neues T-Shirt an.	19
B1	Anzug	der	der Anzug, ¨-e	Mein Mann hat sich einen neuen Anzug gekauft.	19
B1	Apartment	das	das Apartment, -s	Wir haben ein Ferienapartment gemietet.	19
B1	Apfel	der	der Apfel, ¨-	Zum Frühstück esse ich jeden Tag einen Apfel.	19
B1	Apotheke	die	die Apotheke, -n	Ist hier in der Nähe eine Apotheke?	19
B1	Apparat	der	der Apparat, -e	1. Können Sie den Apparat bitte etwas leiser stellen? / 2. Wo ist mein Fotoapparat?	19
B1	Appetit	der	der Appetit	1. Ich habe heute keinen Appetit. Ich mag nichts essen. / 2. Auf was hast du Appetit? Vielleicht auf einen Salat? / 3. Guten Appetit!	19
B1	Aprikose	die	die Aprikose, -n (D, CH) → A: Marille	Schmecken dir die Aprikosen?	19
B1	arbeiten		arbeiten, arbeitet, arbeitete, hat gearbeitet	1. Er arbeitet heute bis 16 Uhr. / 2. Arzu arbeitet als Krankenschwester im Krankenhaus.	19
B1	Arbeit	die	die Arbeit, -en	1. Wie gefällt dir deine Arbeit? / 2. Nach der Ausbildung hat Mohamed eine Arbeit gefunden.	19
B1	Arbeiter	der	der Arbeiter, -	Maria ist seit zwei Jahren Arbeiterin	19
B1	Arbeiterin	die	die Arbeiterin, -nen	bei Siemens.	19
B1	Arbeitserlaubnis	die	die Arbeitserlaubnis	Haben Sie eine Arbeitserlaubnis?	19
B1	arbeitslos		arbeitslos	Wie lange sind Sie schon arbeitslos?	19
B1	Arbeitslosigkeit	die	die Arbeitslosigkeit	Die Arbeitslosigkeit ist gesunken.	19
B1	Arbeitsplatz	der	der Arbeitsplatz, ¨-e	In der Industrie gibt es immer weniger Arbeitsplätze.	19
B1	Arbeitsstelle	die	die Arbeitsstelle, -n	Meine Frau hat eine neue Arbeitsstelle gefunden.	19
B1	Architekt	der	der Architekt, -en	Dieses Haus hat eine berühmte	20
B1	Architektin	die	die Architektin, -nen	Architektin gebaut.	20
B1	ärgern		(sich) ärgern, ärgert, ärgerte, hat geärgert	1. Ärgern Sie sich nicht. / 2. Mein Bruder hat mich schon als Kind immer geärgert.	20
B1	Ärger	der	der Ärger	Ich hatte heute Ärger im Büro. Ich habe mich mit einem Kollegen gestritten.	20
B1	ärgerlich		ärgerlich	Der Zug hat schon wieder Verspätung. / Das ist wirklich ärgerlich.	20
B1	arm		arm	1. Die Regierung hilft armen Nachbarländern. / 2. Ich hätte gerne 200 g fettarmen Käse.	20
B1	Arm	der	der Arm, -e	Mein Freund hat sich den Arm gebrochen.	20
B1	Art	die	die Art, -en	1. Im Zoo haben sie 34 verschiedene Arten von Vögeln. / 2. Seine Art gefällt mir nicht. / 3. Man kann auf unterschiedliche Art und Weise ein Fest feiern.	20
B1	Artikel	der	der Artikel, -	1. Ich habe einen interessanten Artikel gelesen. / 2. Im Deutschen gibt es drei Artikel: der, die, das.	20
B1	Arzt	der	der Arzt, ¨-e	1. Ich muss heute zum Arzt.	20
B1	Ärztin	die	die Ärztin, -nen	2. Wann warst du beim Zahnarzt?	20
B1	Asyl	das	das Asyl	Die Menschen sind auf der Flucht und bitten um Asyl.	20
B1	atmen		atmen, atmet, atmete, hat geatmet	Er hat eine Erkältung und kann nicht durch die Nase atmen.	20
B1	Atem	der	der Atem	Bitte den Atem anhalten.	20
B1	auch		auch	1. Ich muss leider gehen. – Ich auch. / 2. Ich arbeite die ganze Woche und muss auch am Wochenende arbeiten. / 3. Wir fahren auf jeden Fall, auch wenn es regnet. / 4. Der Zug ist gerade eben abgefahren. / Warum kommst du auch so spät!	20
B1	auf		auf	1. Deine Brille liegt auf dem Schreibtisch. / 2. Die Kinder spielen unten auf der Straße. / 3. Meine Eltern leben auf dem Land. / 4. Gestern waren wir auf einer Party. / 5. Auf unsere Anzeige in der Abendzeitung hat sich noch niemand gemeldet. / 6. Wie heißt das auf Deutsch? / 7. Meine Tochter kommt nächstes Jahr aufs Gymnasium. (D) (A, CH: ins) / 8. Im Mai war ich auf Urlaub. (A) (D: in) / 9. Ich bin schon seit zwei Stunden auf. / 10.Komm herein, die Tür ist auf. (D) (A, CH: offen)	20
B1	Aufenthalt	der	der Aufenthalt, -e	1. Der Zug hat in München nur 20 Minuten Aufenthalt. / 2. Wir wünschen Ihnen einen angenehmen Aufenthalt.	20
B1	auffallen		auffallen, fällt auf, fiel auf, ist aufgefallen	Mir ist aufgefallen, dass Harriett ganz blass ist.	20
B1	auffordern		auffordern, fordert auf, forderte auf, hat aufgefordert	1. Sie forderte mich auf, meine Meinung zu sagen. / 2. Er fordert sie zum Tanz auf.	20
B1	Aufforderung	die	die Aufforderung, -en	Sie erhalten eine Aufforderung, den Betrag bis Juni zu zahlen.	20
B1	aufführen		aufführen, führt auf, führte auf, hat aufgeführt	Die Kinder führen zu Weihnachten ein Theaterstück auf.	20
B1	Aufgabe	die	die Aufgabe, -n	1. Hast du deine Hausaufgaben für die Schule schon gemacht? / 2. Das ist nicht meine Aufgabe.	20
B1	aufgeben		aufgeben, gibt auf, gab	1. Ich habe auf der Post ein Paket	20
B1	auf		auf, hat aufgegeben	aufgegeben. / 2. Man darf nie aufgeben. Es gibt immer eine Hoffnung.	20
B1	aufhalten		aufhalten, hält auf, hielt	1. Wo hält er sich gerade auf? – In	20
B1	auf		auf, hat aufgehalten	München. / 2. Darf ich Ihnen die Tür aufhalten? / 3. Entschuldigen Sie die Verspätung, ich wurde aufgehalten.	20
B1	aufheben		aufheben, hebt auf, hob auf, hat aufgehoben	1. Lassen Sie die Papiere nur auf dem Boden liegen, ich hebe sie schon auf. / 2. Die Quittung müssen Sie gut aufheben.	20
B1	aufhören		aufhören, hört auf, hörte auf, hat aufgehört	1. Es hört nicht auf zu schneien. / 2. Wann hört ihr mit der Arbeit auf? / 3. Hier hört die Hauptstraße auf.	20
B1	aufladen		aufladen, lädt auf, lud auf, hat aufgeladen	Ich muss mein Telefon aufladen. Die Batterie ist leer.	20
B1	auflösen		auflösen, löst auf, löste auf, hat aufgelöst	Die Tablette bitte in Wasser auflösen.	20
B1	aufmerksam		aufmerksam	1. Die Schülerin hörte aufmerksam zu. / 2. Ich mache Sie darauf aufmerksam, dass wir in einer halben Stunde schließen.	20
B1	aufnehmen		aufnehmen, nimmt auf, nahm auf, hat aufgenommen	1. Wir haben Aneta in unseren Verein aufgenommen. / 2. Ich habe den Film im Urlaub aufgenommen.	20
B1	Aufnahme	die	die Aufnahme, -n	Bitte seid leise! – Ich starte die Aufnahme.	20
B1	aufpassen		aufpassen, passt auf, passte auf, hat aufgepasst	1. Tut mir leid. Da habe ich wohl nicht aufgepasst. / 2. Ich muss zu Hause bleiben und auf die Kinder aufpassen.	21
B1	aufräumen		aufräumen, räumt auf, räumte auf, hat aufgeräumt	Vor meinem Urlaub muss ich unbedingt noch meinen Schreibtisch aufräumen.	21
B1	aufregen		aufregen, regt auf, regte auf, hat aufgeregt	1. Es regt mich auf, dass ich schon wieder Überstunden machen muss. / 2. Ganz ruhig! Bitte regen Sie sich nicht auf. / 3. Heute hast du eine Prüfung. Bist du schon aufgeregt? / 4. Die Musikgruppe zu erleben war sehr aufregend.	21
B1	aufstehen		aufstehen, steht auf, stand auf, ist aufgestanden	1. Ich stehe jeden Morgen um sechs Uhr auf. / 2. Sie brauchen nicht aufzustehen. Sie können sitzen bleiben.	21
B1	Auftrag	der	der Auftrag, ¨-e	1. Ich komme im Auftrag von Frau Müller und soll Ihnen diesen Brief geben. / 2. Im Moment hat die Firma besonders viele Aufträge.	21
B1	auftreten		auftreten, tritt auf, trat auf, ist aufgetreten	Nächste Woche tritt in der Stadthalle eine berühmte Musikgruppe auf.	21
B1	Auftritt	der	der Auftritt, -e	Nach dem Auftritt feiern die Musiker.	21
B1	aufwachen		aufwachen, wacht auf, wachte auf, ist aufgewacht	Von dem Lärm bin ich aufgewacht.	21
B1	aufwärts		aufwärts	1. Sie müssen gute Schuhe anziehen. Der Weg geht immer aufwärts. / 2. In letzter Zeit geht es wieder aufwärts mit der Wirtschaft.	21
B1	Aufzug	der	der Aufzug, ¨-e (D, A) → Lift	Im Büro ist leider der Aufzug kaputt.	21
B1	Auge	das	das Auge, -n	Meine beiden Kinder haben blaue Augen.	21
B1	Augenblick	der	der Augenblick, -e	1. Ich wollte gerade parken. In dem Augenblick ist ein Wagen aus der Ausfahrt gekommen. / 2. Einen Augenblick, bitte! / 3. Im Augenblick sind keine Plätze frei.	21
B1	aus		aus	1. Frau Müller geht jeden Morgen um 8 Uhr aus dem Haus. / 2. Frau Özgen kommt aus der Türkei. / 3. Die Möbel sind noch aus der Zeit um / 1900. / 4. Ich trage nur Pullover aus reiner Wolle. / 5. Wir haben aus Liebe geheiratet. / 6. Wann ist der Kurs aus? / 7. Ich seh‘ nichts! Das Licht ist aus!	21
B1	Ausbildung	die	die Ausbildung, -en	1. Ich habe meine Ausbildung abgeschlossen. / 2. Mit deiner guten Ausbildung findest du sicher eine Arbeit.	21
B1	ausgebildet		ausgebildet	Für diesen Beruf müssen Sie gut ausgebildet sein.	21
B1	ausdrucken		ausdrucken, druckt aus, druckte aus, hat ausgedruckt	Kann ich das auf deinem Drucker ausdrucken?	21
B1	Ausdruck	der	der Ausdruck, ¨-e	1. Diesen Ausdruck habe ich noch nie gehört.	21
B1	Ausdruck	der	der Ausdruck, -e	2. Machen Sie doch bitte einen Ausdruck von der E-Mail.	21
B1	auseinander		auseinander	Wir wohnen nicht weit auseinander.	21
B1	Ausfahrt	die	die Ausfahrt, -en	1. Hier ist eine Ausfahrt, da dürfen Sie nicht parken. / 2. Wie weit ist es noch bis zur Ausfahrt Freiburg?	21
B1	ausfallen		ausfallen, fällt aus, fiel aus, ist ausgefallen	Nächste Woche fällt der Kurs aus.	21
B1	Ausflug	der	der Ausflug, ¨-e	Am Wochenende machen wir mit Freunden einen Ausflug nach Heidelberg.	21
B1	ausfüllen		ausfüllen, füllt aus, füllte aus, hat ausgefüllt	Füllen Sie bitte dieses Formular aus!	21
B1	Ausgabe	die	die Ausgabe, -n	1. Wie hoch sind Ihre Ausgaben in einem Monat? / 2. Wo ist die Essensausgabe? / 3. In welchem Buch hast du das gelesen? / In welcher Ausgabe?	21
B1	Ausgang	der	der Ausgang, ¨-e	Wo ist der Ausgang bitte?	21
B1	ausgeben		ausgeben, gibt aus, gab aus, hat ausgegeben	Carola gibt viel Geld für ihr Hobby aus.	21
B1	ausgehen		ausgehen, geht aus, ging aus, ist ausgegangen	1. Plötzlich ist das Licht ausgegangen. / 2. Gehen wir heute Abend aus? / 3. Wie ist das Spiel ausgegangen?	21
B1	ausgezeichnet		ausgezeichnet	Essen und Unterkunft waren ausgezeichnet.	21
B1	Aushilfe	die	die Aushilfe, -n	Wir suchen eine freundliche Aushilfe für unser Geschäft.	21
B1	Auskunft	die	die Auskunft, ¨-e	1. Ich hätte gern eine Auskunft. / 2. Die Firma hat eine neue Nummer. / Bitte, rufen Sie die Auskunft an.	21
B1	Ausland	das	das Ausland	Wir fahren im Urlaub meistens ins Ausland.	21
B1	Ausländer	der	der Ausländer, -	Viele Ausländer und Ausländerinnen	22
B1	Ausländerin	die	die Ausländerin, -nen	lernen in der Volkshochschule Deutsch.	22
B1	ausländisch		ausländisch	Die ausländischen Studenten müssen zuerst einen Deutschkurs besuchen.	22
B1	ausmachen		ausmachen, macht aus, machte aus, hat ausgemacht	1. Sie müssen leider warten. – Kein Problem. Das macht mir nichts aus. / 2. Machen Sie bitte das Licht aus! / 3. Wir hatten doch ausgemacht, dass du die Getränke besorgst. / 4. Haben Sie einen Termin ausgemacht?	22
B1	Ausnahme	die	die Ausnahme, -n	Normalerweise muss ich am Wochenende arbeiten. Aber heute ist eine Ausnahme.	22
B1	ausreichen		ausreichen, reicht aus, reichte aus, hat ausgereicht	1. Das Geld muss bis März ausreichen. / 2. Seine Kenntnisse reichen für diese Arbeit aus.	22
B1	ausreichend		ausreichend	Das Geld ist für die Reise ausreichend.	22
B1	ausrichten		ausrichten, richtet aus, richtete aus, hat ausgerichtet	Mein Mann ist nicht da. Soll ich ihm etwas ausrichten?	22
B1	ausruhen		(sich) ausruhen, ruht aus, ruhte aus, hat ausgeruht	1. Sie ruhen sich von der Arbeit aus. / 2. Bist du gut ausgeruht?	22
B1	ausschließen		ausschließen, schließt aus, schloss aus, hat ausgeschlossen	1. Das kann man nicht ganz ausschließen. / 2. So viel kann ich nicht bezahlen. Das ist völlig ausgeschlossen.	22
B1	ausschließlich		ausschließlich	Tut mir leid. Wir haben ausschließlich Nichtraucherzimmer.	22
B1	aussehen		aussehen, sieht aus, sah aus, hat ausgesehen	1. Sie sehen wieder besser aus. Sind Sie wieder gesund? / 2. Er sieht genauso aus wie sein Vater. / 3. Es sieht so aus, als ob es bald regnen würde.	22
B1	außen		außen	1. Wir haben das Schloss nur von außen gesehen. / 2. Außen ist das Haus nicht sehr schön.	22
B1	außerhalb		außerhalb	Wir wohnen außerhalb von Berlin.	22
B1	äußerlich		äußerlich	Das Medikament dürfen Sie nur äußerlich anwenden.	22
B1	außer		außer	1. Außer Lisa hat sich niemand um die Stelle beworben. / 2. Der Aufzug ist außer Betrieb. / 3. Wir haben täglich außer Samstag geöffnet.	22
B1	außerdem		außerdem	1. Möchten Sie außerdem noch etwas? / 2. Der Film war langweilig, und außerdem haben die Schauspieler schlecht gespielt.	22
B1	Aussicht	die	die Aussicht, -en	1. Von diesem Turm hat man eine tolle Aussicht. / 2. Mit mehreren Fremdsprachen hat man gute Aussichten im Beruf.	22
B1	aussprechen		aussprechen, spricht aus, sprach aus, hat ausgesprochen	Wie spricht man dieses Wort aus?	22
B1	Aussprache	die	die Aussprache	Ali hat eine gute Aussprache.	22
B1	ausstellen		ausstellen, stellt aus, stellte aus, hat ausgestellt	1. Im Schaufenster sind Winterschuhe ausgestellt. / 2. Das Zeugnis wird bis nächste Woche ausgestellt.	22
B1	Ausstellung	die	die Ausstellung, -en	1. Wir waren mit der Lehrerin in einer Ausstellung. / 2. Die Ausstellung eines neuen Passes dauert zwei Wochen.	22
B1	(sich etwas) aussuchen		(sich etwas) aussuchen, sucht aus, suchte aus, hat ausgesucht	Such dir etwas Schönes aus! Ich lade dich ein.	22
B1	auswählen		auswählen, wählt aus, wählte aus, hat ausgewählt	Für die Aufgabe können Sie aus drei Themen auswählen.	22
B1	Auswahl	die	die Auswahl, -en	1. Wir müssen eine Auswahl aus den Büchern treffen. / 2. Das Geschäft hat eine große Auswahl.	22
B1	Ausweis	der	der Ausweis, -e	Darf ich mal Ihren Ausweis sehen?	22
B1	ausziehen		ausziehen, zieht aus, zog aus, hat/ist ausgezogen	1. Willst du den Mantel nicht ausziehen? / 2. Müllers sind schon vor vier Wochen ausgezogen.	22
B1	Auto	das	das Auto, -s	Mario fährt mit dem Auto zur Arbeit.	22
B1	Autobahn	die	die Autobahn, -en	Das Dorf liegt direkt an der Autobahn.	22
B1	Automat	der	der Automat, -en	1. Zigaretten bekommst du am Automaten. / 2. Der Fahrkartenautomat ist auf dem Bahnsteig.	22
B1	automatisch		automatisch	1. Die Tür schließt automatisch. / 2. Das Zeugnis bekommen Sie automatisch zugeschickt.	22
B1	Autor	der	der Autor, -en	Diese Autorin hat in diesem Jahr schon	22
B1	Autorin	die	die Autorin, -nen	zwei Bücher geschrieben.	22
B1	backen		backen, bäckt/backt, backte, hat gebacken	Wenn du kommst, backe ich einen Kuchen.	23
B1	Bäckerei	die	die Bäckerei, -en	Wir kaufen unser Brot immer in der Bäckerei am Markt.	23
B1	baden		baden, badet, badete, hat	1. Wenn du baden möchtest: Das	23
B1	gebadet		gebadet	Badezimmer ist dort hinten links. / 2. Hier ist Baden verboten!	23
B1	Bad	das	das Bad, ¨-er	1. Nach einem warmen Bad fühlt man sich gleich viel besser. / 2. Ich möchte ein Zimmer mit Bad.	23
B1	Badewanne	die	die Badewanne, -n	Nach einem langen Arbeitstag setzte sie sich in die Badewanne.	23
B1	Bahn	die	die Bahn, -en	Ich komme mit der Bahn.	23
B1	S-Bahn		S-Bahn, -en	Die S-Bahn ist schneller als die Straßenbahn.	23
B1	Straßenbahn	die	die Straßenbahn, -en	Nehmen Sie die Straßenbahn Nr. 16.	23
B1	U-Bahn	die	die U-Bahn, -en	Die letzte U-Bahn geht um 23.15 Uhr.	23
B1	Bahnhof	der	der Bahnhof, ¨-e	Ich bringe Sie zum Bahnhof.	23
B1	Bahnsteig	der	der Bahnsteig, -e (D, A) → CH: Perron	Auf Hauptbahnhöfen gibt es meist viele Bahnsteige.	23
B1	bald		bald	1. Besuchen Sie uns doch bald mal. / 2. Geben Sie mir bitte so bald wie möglich Bescheid. / 3. Auf Wiedersehen, bis bald!	23
B1	Balkon	der	der Balkon, -e	Die Wohnung hat auch einen kleinen Balkon.	23
B1	Ball	der	der Ball, ¨-e	Ich spiele gern mit meinen Kindern Ball.	23
B1	Ballett	das	das Ballett, -e	Meine Tochter möchte gern Ballett tanzen.	23
B1	Banane	die	die Banane, -n	1 Kilo Bananen, bitte.	23
B1	Bank	die	die Bank, ¨-e	Kommt, wir setzen uns auf die Bank da vorne.	23
B1	Bank	die	die Bank, -en	Bei welcher Bank haben Sie Ihr Konto?	23
B1	Bancomat/Bankomat	der	der Bancomat/Bankomat, -en (A, CH) →D: Geldautomat	Ich hole noch schnell Geld vom Bankomaten.	23
B1	Bankleitzahl	die	die Bankleitzahl, -en	Bitte geben Sie Ihre Bankleitzahl an.	23
B1	Bankomat-Karte	die	die Bankomat-Karte, -n	Sie können auch mit Bankomat-Karte	23
B1	(A)		(A) →ec-Karte/EC-Karte	zahlen.	23
B1	Bar	die	die Bar, -s	1. Setzen wir uns doch an die Bar! / 2. Ich treffe meine Freundin in der Hotelbar.	23
B1	bar		bar	Zahlen Sie bar?	23
B1	Bargeld	das	das Bargeld	Ich habe kein Bargeld mehr.	23
B1	Bart	der	der Bart, ¨-e	John trägt jetzt einen Bart.	23
B1	Basketball	der	der Basketball, ¨-e	1. Sie spielt sehr gern Basketball. / 2. Er hat zum Geburtstag einen neuen Basketball bekommen.	23
B1	basteln		basteln, bastelt, bastelte, hat gebastelt	1. Die Kinder basteln ein Vogelhaus. / 2. Ich arbeite gern mit natürlichen Bastelmaterialien.	23
B1	Batterie	die	die Batterie, -n	Bringst du bitte Batterien für die Kamera mit?	23
B1	Bauch	der	der Bauch, ¨-e	Mir tut der Bauch weh.	23
B1	bauen		bauen, baut, baute, hat gebaut	Mein Nachbar hat ein Haus gebaut.	23
B1	Bau	der	der Bau, Bauten	1. Ich wohne in einer Neubauwohnung. / 2. Unser Haus ist ein Altbau.	23
B1	Baustelle	die	die Baustelle, -n	Wir müssen die Baustelle umfahren.	23
B1	Bauer	der	der Bauer, -n	Wir kaufen unser Gemüse beim Bauern.	23
B1	Baum	der	der Baum, ¨-e	Wir haben zwei Bäume im Garten.	23
B1	beachten		beachten, beachtet, beachtete, hat beachtet	Bitte beachten Sie die Ansagen am Bahnsteig.	23
B1	Beamte	der	der Beamte, -n	Meine Frau ist Beamtin bei der Polizei.	23
B1	Beamtin	die	die Beamtin, -nen		23
B1	beantragen		beantragen, beantragt, beantragte, hat beantragt	Hast du schon einen neuen Pass beantragt?	23
B1	beantworten		beantworten, beantwortet, beantwortete, hat beantwortet	Sie haben meine Frage leider nicht beantwortet.	23
B1	bedanken		sich bedanken, bedankt, bedankte, hat bedankt	Ich möchte mich noch einmal sehr herzlich für Ihre Hilfe bedanken.	23
B1	Bedarf	der	der Bedarf	An diesem Produkt besteht großer Bedarf.	23
B1	bedeuten		bedeuten, bedeutet, bedeutete, hat bedeutet	1. Was bedeutet dieses Wort? / 2. Ich bin krank. Das bedeutet, dass ich heute nicht arbeiten kann.	23
B1	Bedeutung	die	die Bedeutung, -en	Das Wort „Maus“ hat inzwischen zwei Bedeutungen.	23
B1	bedienen		bedienen, bedient, bediente, hat bedient	1. Werden Sie schon bedient? / 2. Die Kaffeemaschine ist ganz leicht zu bedienen.	24
B1	Bedienungsanleitung	die	die Bedienungsanleitung, -en	Die Bedienungsanleitung verstehe ich nicht.	24
B1	Bedingung	die	die Bedingung, -en	1. Wenn Sie unsere Bedingungen akzeptieren, können wir einen Vertrag machen. / 2. Wir haben in unserem Betrieb sehr gute Arbeitsbedingungen.	24
B1	beeilen		sich beeilen, beeilt sich, beeilte sich, hat sich beeilt	Wir müssen uns beeilen. Sonst verpassen wir den Zug.	24
B1	beenden		beenden, beendet, beendete, hat beendet	Du musst deine Ausbildung auf jeden Fall beenden.	24
B1	befinden		sich befinden, befindet	Das Bord-Bistro befindet sich in der	24
B1	sich		sich, befand sich, hat sich befunden	Mitte des Zuges.	24
B1	befreit		befreit	Studenten und Studentinnen sind von den Rundfunk-Gebühren befreit.	24
B1	befriedigend		befriedigend	Das Ergebnis ist befriedigend.	24
B1	begegnen		begegnen, begegnet, begegnete, ist begegnet	Sind wir uns nicht schon mal irgendwann begegnet?	24
B1	begeistert		begeistert	Es war ein tolles Konzert. Ich bin begeistert.	24
B1	beginnen		beginnen, beginnt, begann, hat begonnen	In zwei Wochen beginnen die Sommerferien.	24
B1	Beginn	der	der Beginn	Zu Beginn der Stunde begrüßt die Lehrerin ihre Schüler.	24
B1	begleiten		begleiten, begleitet, begleitete, hat begleitet	Ich begleite dich ein Stück.	24
B1	begrenzt		begrenzt	Die Teilnehmerzahl ist auf 12 begrenzt.	24
B1	begründen		begründen, begründet, begründete, hat begründet	Bitte begründen Sie Ihre Meinung.	24
B1	Begründung	die	die Begründung, -en	Die Miete wurde ohne Begründung erhöht.	24
B1	begrüßen		begrüßen, begrüßt, begrüßte, hat begrüßt	Der Gastgeber begrüßt seine Gäste.	24
B1	behalten		behalten, behält, behielt, hat behalten	Darf ich die Zeitschrift behalten?	24
B1	behandeln		behandeln, behandelt, behandelte, hat behandelt	1. Welcher Arzt hat Sie bis jetzt behandelt? / 2. So lasse ich mich von Ihnen nicht länger behandeln.	24
B1	behaupten		behaupten, behauptet, behauptete, hat behauptet	1. Er behauptet, unsere Meinung sei nicht wichtig. / 2. Es ist schwer, sich gegen meinen Kollegen zu behaupten.	24
B1	behindern		behindern, behindert, behinderte, hat behindert	1. Bitte parken Sie so, dass Sie niemanden behindern.	24
B1	behindert		behindert	2. Seit dem Unfall ist das Kind unserer Freunde behindert.	24
B1	Behörde	die	die Behörde, -n	Sie erhalten ein Schreiben von der zuständigen Behörde.	24
B1	bei		bei	1. Potsdam liegt bei Berlin. / 2. Ich wohne bei meinen Eltern. / 3. Bei uns ist das anders als bei euch. Wir essen kein Fleisch. / 4. Ich habe kein Geld bei mir. / 5. Wir wollen euch nicht beim Essen stören.	24
B1	beid-		beid-	1. Beide waren mit meinem Vorschlag einverstanden. / 2. Welche Bluse nehmen Sie, die rote oder die grüne? – Ich nehme beide.	24
B1	Bein	das	das Bein, -e	Andreas hat sich das Bein gebrochen.	24
B1	beinahe		beinahe	Ich habe heute beinahe den Bus verpasst.	24
B1	Beispiel	das	das Beispiel, -e	1. Können Sie mir ein Beispiel sagen? / 2. Mein Freund hat viele Hobbys wie zum Beispiel Kochen, Tanzen, Fußballspielen. / 3. Hier gibt’s so viele Sachen: beispielsweise Wurst, Obst, Brot …	24
B1	beißen		beißen, beißt, biss, hat gebissen	Pass auf, dass dich der Hund nicht beißt!	24
B1	Beitrag	der	der Beitrag, ¨-e	1. Die Krankenkasse hat die Beiträge erhöht. / 2. Der Mitgliedsbeitrag für den Sportverein beträgt 34 Euro pro Monat.	24
B1	bekannt		bekannt	1. Ein Onkel von mir ist ein bekannter Politiker. / 2. Dieses Lied ist sehr bekannt.	24
B1	Bekannte	der	der Bekannte, -n	In Hannover wohnen Bekannte von	24
B1	Bekannte	die	die Bekannte, -n	mir.	24
B1	bekannt geben		bekannt geben, gibt	Den Prüfungsort geben wir Ihnen noch	24
B1	bekannt		bekannt, gab bekannt, hat	rechtzeitig bekannt.	24
B1	bekannt gegeben		bekannt gegeben		24
B1	bekommen		bekommen, bekommt, bekam, hat bekommen	1. Haben Sie meinen Brief bekommen? / 2. Ich bekomme jeden Tag eine Spritze. / 3. Was bekommen Sie? – 5 kg Kartoffeln. / 4. Wir haben Besuch bekommen. / 5. Laut Wetterbericht bekommen wir Regen. / 6. Plötzlich bekam ich starke Kopfschmerzen.	24
B1	Beleg	der	der Beleg, -e	Brauchen Sie einen Beleg?	25
B1	beleidigen		beleidigen, beleidigt, beleidigte, hat beleidigt	1. Ich wollte Sie nicht beleidigen. / 2. Sei doch nicht immer gleich beleidigt.	25
B1	beliebt		beliebt	Dieses Spiel ist bei Jugendlichen sehr beliebt.	25
B1	bemerken		bemerken, bemerkt, bemerkte, hat bemerkt	Ich habe nicht bemerkt, dass das Fenster offen ist.	25
B1	bemühen		sich bemühen, bemüht, bemühte, hat bemüht	1. Er hat sich sehr bemüht, etwas Gutes zu kochen. / 2. Ich werde mich um einen Termin bemühen.	25
B1	benötigen		benötigen, benötigt, benötigte, hat benötigt	Sagen Sie Bescheid, wenn Sie noch etwas benötigen.	25
B1	benutzen		benutzen, benutzt, benutzte, hat benutzt	Benutzen Sie bitte die öffentlichen Verkehrsmittel.	25
B1	Benzin	das	das Benzin	Das Benzin soll wieder teurer werden.	25
B1	beobachten		beobachten, beobachtet, beobachtete, hat beobachtet	Wer hat den Unfall beobachtet?	25
B1	bequem		bequem	1. Meine Kinder ziehen am liebsten bequeme Sachen an. / 2. Im Supermarkt einkaufen ist sehr bequem. / 3. Diesen Sessel finde ich sehr bequem.	25
B1	beraten		beraten, berät, beriet, hat beraten	Unser Personal berät Sie gern, wenn Sie Fragen haben.	25
B1	Beratung	die	die Beratung	Beratungen für Familien gibt es jeden Dienstag zwischen 14 und 16 Uhr.	25
B1	berechnen		berechnen, berechnet, berechnete, hat berechnet	Die Kosten für die Fahrt müssen erst berechnet werden.	25
B1	Bereich	der	der Bereich, -e	1. In welchem Bereich möchten Sie arbeiten? / 2. Umfahren Sie den Baustellenbereich.	25
B1	bereit		bereit	1. Ich bin jederzeit bereit, dir zu helfen. / 2. Das Paket liegt auf der Post für Sie bereit.	25
B1	bereits		bereits	Bitte melde dich bei Frau Kaiser. Sie hat bereits dreimal angerufen.	25
B1	Berg	der	der Berg, -e	1. Die Zugspitze ist der höchste Berg in Deutschland. / 2. Wir fahren jeden Sonntag in die Berge. / 3. Auf dem Berg haben wir ein Picknick gemacht.	25
B1	berichten		berichten, berichtet, berichtete, hat berichtet	Alle Zeitungen haben über den Unfall berichtet.	25
B1	Bericht	der	der Bericht, -e	Ich habe gestern einen interessanten Bericht gelesen.	25
B1	Beruf	der	der Beruf, -e	Was sind Sie von Beruf?	25
B1	beruflich		beruflich	Was machen Sie beruflich?	25
B1	berufstätig		berufstätig	Sind Sie berufstätig?	25
B1	beruhigen		beruhigen, beruhigt, beruhigte, hat beruhigt	1. Beruhigen Sie sich bitte. Es ist alles in Ordnung. / 2. Ich kann Sie beruhigen. Ihrem Sohn ist nichts passiert.	25
B1	berühmt		berühmt	Michael Schumacher ist ein berühmter Rennfahrer.	25
B1	beschädigen		beschädigen, beschädigt, beschädigte, hat beschädigt	Bitte machen Sie eine Liste davon, was die Einbrecher beschädigt haben.	25
B1	beschäftigen		beschäftigen, beschäftigt, beschäftigte, hat beschäftigt	1. Womit haben Sie sich bei Ihrer Arbeit beschäftigt? / 2. Seit wann sind Sie bei dieser Firma beschäftigt?	25
B1	Beschäftigung	die	die Beschäftigung	Ich suche eine Halbtagsbeschäftigung, weil ich ein kleines Kind habe.	25
B1	Bescheid	der	der Bescheid, -e	Den endgültigen Bescheid erhalten Sie in etwa vier Wochen.	25
B1	Bescheid sagen		Bescheid sagen	Ich erkundige mich nach den Terminen und sage Ihnen dann Bescheid.	25
B1	Bescheid geben		Bescheid geben	Kannst du mir bis morgen Bescheid geben?	25
B1	beschließen		beschließen, beschließt, beschloss, hat beschlossen	Wir haben beschlossen, uns ein kleineres Auto zu kaufen.	25
B1	beschränken		beschränken	Die Teilnehmerzahl für den Kurs ist beschränkt.	25
B1	beschreiben		beschreiben, beschreibt, beschrieb, hat beschrieben	Kannst du mir den Weg zum Flughafen beschreiben?	25
B1	Beschreibung	die	die Beschreibung, -en	Eine Beschreibung des Geräts liegt bei.	25
B1	beschweren		sich beschweren, beschwert sich, beschwerte sich, hat sich beschwert	Wo können wir uns beschweren?	25
B1	besetzen		besetzen, besetzt, besetzte, hat besetzt	1. Dieser Platz ist besetzt. / 2. Ich habe drei Plätze besetzt. / 3. Ich habe jetzt schon dreimal dort angerufen. Es ist immer besetzt.	26
B1	besichtigen		besichtigen, besichtigt, besichtigte, hat besichtigt	Im Urlaub haben wir Schloss Schönbrunn besichtigt.	26
B1	besitzen		besitzen, besitzt, besaß, hat besessen	Besitzt Ihre Frau ein eigenes Auto?	26
B1	besonder-		besonder-	Meine Eltern wollten uns mit dieser Reise eine ganz besondere Freude machen.	26
B1	besonders		besonders	1. Ich habe heute ein besonders günstiges Angebot gesehen. / 2. Durch den Sturm gab es besonders in Süddeutschland schwere Schäden. / 3. Wie geht’s? – Nicht besonders.	26
B1	besorgen		besorgen, besorgt, besorgte, hat besorgt	Soll ich die Eintrittskarten besorgen?	26
B1	besprechen		besprechen, bespricht, besprach, hat besprochen	Wir müssen noch genau besprechen, wann wir losfahren und was wir mitnehmen.	26
B1	Besprechung	die	die Besprechung, -en	Tut mir leid, Herr Schmidt ist noch in einer Besprechung.	26
B1	Besserung	die	die Besserung	Gute Besserung!	26
B1	bestätigen		bestätigen, bestätigt, bestätigte, hat bestätigt	1. Die Firma hat mir den Termin schriftlich bestätigt. / 2. Ich kann bestätigen, dass er hier war.	26
B1	Bestätigung	die	die Bestätigung, -en	Ich brauche eine schriftliche Bestätigung für das Amt.	26
B1	bestehen		bestehen, besteht, bestand, hat bestanden	1. Das Modul Lesen besteht aus fünf Teilen. / 2. Ich habe die Prüfung bestanden!	26
B1	bestellen		bestellen, bestellt, bestellte, hat bestellt	1. Wir haben Pizza bestellt. / 2. Ich bin für 16 Uhr zum Vorstellungsgespräch bestellt. / 3. Ich soll Ihnen Grüße von Frau Meier bestellen.	26
B1	bestimmt		bestimmt	1. Das hat Nancy bestimmt nicht so gemeint. / 2. Möchtest du ein bestimmtes Brot?	26
B1	bestrafen		bestrafen, bestraft, bestrafte, hat bestraft	Zu schnelles Fahren wird streng bestraft.	26
B1	besuchen		besuchen, besucht, besuchte, hat besucht	1. Besuchen Sie uns doch mal. / 2. Sie müssen noch einen Kurs besuchen.	26
B1	Besuch	der	der Besuch, -e	1. Wir bekommen Besuch. / 2. Ich mache einen Besuch im Krankenhaus. / 3. Ich bin hier nur zu Besuch.	26
B1	beteiligen		sich beteiligen, beteiligt	Wir wollen unserer Lehrerin ein	26
B1	sich		sich, beteiligte sich, hat sich beteiligt	Geschenk kaufen. Wer möchte sich beteiligen?	26
B1	Betrag	der	der Betrag, ¨-e	Bitte überweisen Sie den Betrag auf unser Konto.	26
B1	betreuen		betreuen, betreut, betreute, hat betreut	Wer betreut bei Ihnen die Kinder?	26
B1	Betreuer	der	der Betreuer, -	Die Betreuerin der Kinder ist sehr nett.	26
B1	Betreuerin	die	die Betreuerin, -nen		26
B1	Betreuung	die	die Betreuung	Haben Sie eine Betreuung für Ihre Kinder?	26
B1	Betrieb	der	der Betrieb, -e	1. In diesem Betrieb arbeiten zehn Leute. / 2. Kurz vor Weihnachten ist in den Kaufhäusern immer viel Betrieb. / 3. Der Aufzug ist in Betrieb/außer Betrieb.	26
B1	Betriebsrat	der	der Betriebsrat, ¨-e	Der Betriebsrat wird Sie über die	26
B1	Betriebsrätin	die	die Betriebsrätin, -nen	neuen Arbeitszeiten informieren.	26
B1	betrügen		betrügen, betrügt, betrog, hat betrogen	1. Ich würde meine Familie niemals betrügen. / 2. Die Rechnung stimmt nicht. Der Kellner hat mich betrogen.	26
B1	betrunken		betrunken	Wenn Sie betrunken Auto fahren, verlieren Sie Ihren Führerschein.	26
B1	Bett	das	das Bett, -en	1. Wir wollten uns neue Betten kaufen. / 2. Solange Sie Fieber haben, müssen Sie im Bett bleiben.	26
B1	Bevölkerung	die	die Bevölkerung	11 % der Bevölkerung wurden nicht im Inland geboren.	26
B1	bevor		bevor	Bevor wir gehen, möchte ich noch etwas essen.	26
B1	bewegen		bewegen, bewegt, bewegte, hat bewegt	1. Ich kann mich vor Schmerzen kaum noch bewegen. / 2. Ich kann meinen Finger nicht mehr bewegen.	26
B1	Bewegung	die	die Bewegung, -en	Sie brauchen mehr Bewegung. Sie müssen regelmäßig spazieren gehen.	26
B1	beweisen		beweisen, beweist, bewies, hat bewiesen	Wir können beweisen, dass Sie bei Rot über die Ampel gefahren sind.	26
B1	Beweis	der	der Beweis, -e	Haben Sie dafür Beweise?	26
B1	bewerben		sich bewerben, bewirbt	1. Ich habe mich um diese Stelle	26
B1	sich		sich, bewarb sich, hat sich beworben	beworben. / 2. Ich habe mich als Kellner beworben.	26
B1	Bewerbung	die	die Bewerbung, -en	1. Wohin soll ich meine Bewerbung schicken? / 2. Hilfst du mir bei meiner Bewerbung?	26
B1	Bewohner	der	der Bewohner, -	Ich kenne die anderen Hausbewohner	27
B1	Bewohnerin	die	die Bewohnerin, -nen	nicht.	27
B1	bezahlen		bezahlen, bezahlt, bezahlte, hat bezahlt	Hast du die Rechnung schon bezahlt?	27
B1	Beziehung	die	die Beziehung, -en	Wir haben gute Beziehungen zu unseren Nachbarn.	27
B1	Bibliothek	die	die Bibliothek, -en	Die Stadtbibliothek hat bereits geschlossen.	27
B1	Bier	das	das Bier	Ein Bier, bitte!	27
B1	bieten		bieten, bietet, bot, hat geboten	1. Er hat mir für den alten Wagen noch 800 Euro geboten. / 2. Die Firma bietet ihren Mitarbeitern die Möglichkeit, Sprachkurse zu besuchen.	27
B1	Bild	das	das Bild, -er	Ein Bild von meinen Kindern hängt über meinem Schreibtisch.	27
B1	Bildschirm	der	der Bildschirm, -e	1. Ich brauche einen größeren Bildschirm für meinen Computer. / 2. Wir haben einen Fernsehapparat mit einem sehr großen Bildschirm.	27
B1	Billett	das	das Billett, -e/-s →D, A: Fahrkarte	Ein Billett können Sie am Schalter kaufen.	27
B1	billig		billig	Dieses Buch ist nicht ganz billig.	27
B1	Biologie	die	die Biologie	Meine Freundin studiert Biologie.	27
B1	Bio-		Bio-	Ich kaufe nur noch Biogemüse.	27
B1	bio(logisch)		bio(logisch)	Biologische Lebensmittel gibt es jetzt auch im Supermarkt.	27
B1	Birne	die	die Birne, -n	Möchten Sie Obst? Die Birnen sind heute besonders schön.	27
B1	bis		bis	1. Die Linie 8 fährt nur bis zum Hauptbahnhof. / 2. Bis wann können Sie bleiben? / 3. Tschüs. Bis gleich! / 4. Einige Züge hatten bis zu zwei Stunden Verspätung. / 5. Für die Renovierung brauchen wir drei bis vier Tage. / 6. Warte hier, bis ich zurückkomme.	27
B1	bisher		bisher	Bisher ist alles in Ordnung.	27
B1	ein bisschen		ein bisschen	1. Wenn Sie ein bisschen warten, können wir zusammen gehen. / 2. Möchten Sie noch ein bisschen Reis? / 3. Können Sie bitte ein bisschen lauter sprechen? / 4. Sprechen Sie Englisch? – Ein bisschen.	27
B1	bitten		bitten, bittet, bat, hat gebeten	Darf ich Sie bitten, kurz zuzuhören?	27
B1	Bitte	die	die Bitte, -n	Ich habe eine Bitte. Kann ich mal Ihr Handy benutzen?	27
B1	bitte		bitte	1. Eine Tasse Kaffee, bitte! / 2. Bitte schön! / 3. Wie bitte? Was haben Sie gesagt? / 4. Sprechen Sie bitte langsam.	27
B1	bitter		bitter	Hast du Zucker? Der Tee ist sehr bitter.	27
B1	blass		blass	Du siehst ganz blass aus. Bist du krank?	27
B1	Blatt	das	das Blatt, ¨-er	1. Die Bäume bekommen schon gelbe Blätter. / 2. Haben Sie ein Blatt Papier für mich?	27
B1	bleiben		bleiben, bleibt, blieb, ist geblieben	1. Ich bleibe heute zu Hause. / 2. Im Juni und Juli bleibt unser Geschäft samstags geschlossen. / 3. Bleiben Sie bitte am Apparat. / 4. Bleiben Sie doch sitzen! / 5. Wir bleiben nur bis morgen.	27
B1	Bleistift	der	der Bleistift, -e	Hast du einen Bleistift für mich?	27
B1	Blick	der	der Blick, -e	Von hier hat man einen tollen Blick über die Stadt.	27
B1	blind		blind	Er ist von Geburt an blind.	27
B1	blitzen		blitzen, blitzt, blitzte, hat geblitzt	1. Gestern Abend gab es ein Gewitter. Es hat furchtbar geblitzt und gedonnert. / 2. Ihre Augen blitzen vor Freude.	27
B1	Blitz	der	der Blitz, -e	1. Was für ein Gewitter, hast du den Blitz gesehen? / 2. Hast du das Foto mit Blitz gemacht?	27
B1	blond		blond	1. Mein Sohn ist blond. / 2. Nina hat lange blonde Haare.	27
B1	bloß		bloß	1. Ich möchte nichts kaufen. Ich möchte mich bloß umsehen. / 2. Komm bloß nicht zu spät. Wir müssen pünktlich am Bahnhof sein. / 3. Ach, wenn ich bloß mehr verdienen würde!	27
B1	blühen		blühen, blüht, blühte, hat geblüht	Die Bäume blühen schon. Es ist Frühling.	27
B1	Blume	die	die Blume, -n	Wir haben meiner Mutter Blumen zum Geburtstag geschenkt.	27
B1	Bluse	die	die Bluse, -n	Ich hätte gerne eine weiße Bluse.	27
B1	bluten		bluten, blutet, blutete, hat geblutet	Ich habe mich verletzt. Meine Hand blutet.	27
B1	Blut	das	das Blut	Der Verletzte hat viel Blut verloren.	27
B1	Boden	der	der Boden, ¨-	1. Die Bücher lagen alle auf dem Boden. / 2. Auf diesem Boden wächst Gemüse besonders gut.	28
B1	Bogen	der	der Bogen, -/¨-	Bitte schreiben Sie Ihren Namen auf den Antwortbogen.	28
B1	Bohne	die	die Bohne, -n	Ich esse gern Bohnen.	28
B1	Boot	das	das Boot, -e	An diesem See kann man Boote mieten.	28
B1	Botschaft	die	die Botschaft, -en	Das Visum habe ich von der Botschaft bekommen.	28
B1	böse		böse	1. Ich habe das Buch leider vergessen. / Hoffentlich bist du mir nicht böse. / 2. Mach nicht so ein böses Gesicht! / 3. Ich bin böse auf dich, du bist wieder nicht gekommen! / 4. Zeig mal! Du hast dich verletzt? Das sieht aber böse aus.	28
B1	braten		braten, brät, briet, hat gebraten	1. Das Fleisch muss zehn Minuten braten. / 2. Heute gibt’s gebratenen Fisch.	28
B1	Braten	der	der Braten, -	Nehmen Sie noch etwas Soße zum Braten?	28
B1	brauchen		brauchen, braucht, brauchte, hat gebraucht	1. Ich brauche ein Auto. / 2. Brauchst du die Zeitung noch? / 3. Meine Großmutter ist krank. Sie braucht viel Ruhe. / 4. Ich habe für die Renovierung eine Woche gebraucht. / 5. Sie brauchen morgen nicht zu kommen. Ich schaffe das alleine.	28
B1	brechen		brechen, bricht, brach, hat gebrochen	1. Er hat sich beim Skifahren verletzt, sein Bein ist gebrochen. / 2. Ich habe mir im Urlaub das Bein gebrochen.	28
B1	breit		breit	Der Teppich ist zwei Meter lang und einen Meter breit.	28
B1	Breite	die	die Breite, -n	Welche Maße hat der Tisch? – Länge: 1m,Breite:80cm,Höhe:1,20 m.	28
B1	bremsen		bremsen, bremst, bremste, hat gebremst	Der Mann ist ganz plötzlich über die Straße gegangen. Ich musste stark bremsen.	28
B1	Bremse	die	die Bremse, -n	Du musst unbedingt die Bremsen kontrollieren lassen.	28
B1	brennen		brennen, brennt, brannte, hat gebrannt	1. In diesem Haus hat es letztes Jahr gebrannt. / 2. Die Kerze brennt noch. Mach sie bitte aus. / 3. In deinem Zimmer hat die ganze Nacht das Licht gebrannt.	28
B1	Brief	der	der Brief, -e	Ich schreibe nicht gern Briefe.	28
B1	Briefkasten	der	der Briefkasten, ¨-	1. Ist hier in der Nähe ein Briefkasten? / 2. Hol bitte mal die Zeitung aus dem Briefkasten.	28
B1	Briefmarke	die	die Briefmarke, -n	Briefmarken bekommen Sie am Schalter 7.	28
B1	Briefträger	der	der Briefträger, →CH:dieBriefträgerin,-nen	War die Briefträgerin schon da?	28
B1	Pöstler		Pöstler		28
B1	Briefumschlag	der	der Briefumschlag, ¨-e → A: Kuvert; CH: Couvert	Ich hätte gern 50 Briefumschläge und Briefmarken dazu.	28
B1	Brieftasche	die	die Brieftasche, -n →D, CH: Portemonnaie/Portmonee; A: Geldbörse	Ich habe nur Kleingeld in meiner Brieftasche.	28
B1	Brille	die	die Brille, -n	Ich brauche eine neue Brille.	28
B1	bringen		bringen, bringt, brachte, hat gebracht	1. Bringen Sie mir bitte ein Glas Tee! / 2. Ich bringe dich nach Hause. / 3. Die Abendzeitung hat einen Bericht über den Unfall gebracht.	28
B1	Broschüre	die	die Broschüre, -n	In der Broschüre finden Sie die neuesten Informationen.	28
B1	Brot	das	das Brot, -e	1. Brot kaufe ich immer beim Bäcker, nicht im Supermarkt. / 2. Was möchtest du aufs Brot haben? / 3. Nimm noch ein paar belegte Brote für die Fahrt mit.	28
B1	Brötchen	das	das Brötchen, - (D) →A: Semmel; CH: Brötli	Ich hole schnell ein paar Brötchen zum Frühstück.	28
B1	Brötli	das	das Brötli, - (CH) →D: Brötchen; A: Semmel	Ich hole schnell ein paar Brötli zum Frühstück.	28
B1	Brücke	die	die Brücke, -n	Fahren Sie über die nächste Brücke und dann rechts.	28
B1	Bruder	der	der Bruder, ¨-	Mein jüngster Bruder geht noch zur Schule.	28
B1	Brust	die	die Brust	Ich habe Schmerzen in der Brust.	28
B1	Bub	der	der Bub, -en (A, CH) →D: Junge	In der Schulklasse sind 15 Buben und 10 Mädchen.	28
B1	Buch	das	das Buch, ¨-er	Haben Sie ein Buch über die Geschichte von Berlin?	28
B1	Buchhandlung	die	die Buchhandlung, -en	In der Buchhandlung in der Stadt haben sie das Buch sicher.	28
B1	buchen		buchen, bucht, buchte, hat gebucht	Ich habe für morgen einen Flug nach Rom gebucht.	28
B1	buchstabieren		buchstabieren, buchstabiert, buchstabierte, hat buchstabiert	Würden Sie Ihren Namen bitte buchstabieren?	29
B1	Buchstabe	der	der Buchstabe, -n	1. Gibt es diesen Buchstaben auch in deiner Muttersprache? / 2. Ihr Name beginnt mit K. – Buchstabe K ist in Zimmer 3. Bitte warten Sie dort.	29
B1	Büchse	die	die Büchse, -n (D, CH) → A: Dose	Ich habe noch eine Büchse Bohnen.	29
B1	Buffet	das	das Buffet, -s	Das Buffet ist eröffnet!	29
B1	Bühne	die	die Bühne, -n	Er steht gern auf der Bühne.	29
B1	bunt		bunt	Das bunte Kleid gefällt mir gut.	29
B1	Burg	die	die Burg, -en	Von der Burg hat man eine schöne Aussicht.	29
B1	Bürger	der	der Bürger, -	EU-Bürgerinnen und Bürger können	29
B1	Bürgerin	die	die Bürgerin, -nen	überall in Europa arbeiten.	29
B1	Büro	das	das Büro, -s	1. Unser Büro bleibt samstags geschlossen. / 2. Ich möchte in einem Büro arbeiten.	29
B1	Bürste	die	die Bürste, -n	1. Hast du eine Bürste? Meine Schuhe sind so schmutzig. / 2. Ich brauche eine Bürste für meine Haare.	29
B1	Zahnbürste	die	die Zahnbürste, -n	Ich brauche eine neue Zahnbürste.	29
B1	Bus	der	der Bus, -se	Ich fahre meistens mit dem Bus zur Arbeit.	29
B1	Butter	die	die Butter	Ich möchte nur Butter aufs Brot.	29
B1	Café	das	das Café, -s	Hier in der Nähe ist ein Café. Lass uns einen Kaffee trinken.	29
B1	Cafeteria	die	die Cafeteria, -s	Ich hole mir schnell etwas aus der Cafeteria.	29
B1	Chance	die	die Chance, -n	Mein Mann hat gute Chancen, die Stelle zu bekommen.	29
B1	Chef	der	der Chef, -s	Das kann ich nicht allein entscheiden,	29
B1	Chefin	die	die Chefin, -nen	da muss ich erst die Chefin fragen.	29
B1	chic/schick		chic/schick	Ich finde dein Kleid sehr chick.	29
B1	Coiffeur	der	der Coiffeur, -e	1. Du siehst toll aus! Wer ist dein	29
B1	Coiffeuse	die	die Coiffeuse, -n (CH) →D, A: Friseur	Coiffeur? / 2. Meine Tochter will Coiffeuse werden.	29
B1	Couch	die	die Couch, -s	Wir haben uns eine Couch und neue Sessel gekauft.	29
B1	Creme	die	die Creme, -n/-s	1. Ich hätte gern eine Creme für die Hände. / 2. Für die Creme habe ich Butter und Schokolade genommen.	29
B1	Cousin	der	der Cousin, -s	Meine Cousine wohnt jetzt in Brasilien.	29
B1	Cousine	die	die Cousine, -n		29
B1	Couvert	das	das Couvert, -s (CH) → Briefumschlag; A: Kuvert	Ich hätte gern 50 Couverts und Briefmarken dazu.	29
B1	da		da	1. Da drüben ist ein Getränkeautomat. / 2. Was Sie da sagen, ist richtig. / 3. Ich wollte gerade einparken. Da kam ein Wagen rückwärts aus der Einfahrt. / 4. Wir haben schon geschlossen. – Da kann man nichts machen. / 5. Da Sie keinen Mitgliedsausweis haben, ist es etwas teurer. / 6. Wir haben gerade über dich gesprochen. Da bist du ja. / 7. Welche Bluse nehmen Sie? – Die da. / 8. Ist Herr Klein schon da?	29
B1	dabei		dabei	1. Was hast du dir dabei gedacht? / 2. Schön, dass du da bist. Ist deine Familie auch dabei? / 3. Hast du einen Stift dabei?	29
B1	Dach	das	das Dach, ¨-er	1. Wir müssen das Dach reparieren lassen. / 2. Wir wohnen direkt unter dem Dach.	29
B1	dafür		dafür	1. Meine Schwester interessiert sich für Politik. Ich interessiere mich nicht dafür. / 2. Ich bin dafür, dass wir möglichst früh losfahren.	29
B1	dagegen		dagegen	1. Vorsicht, da ist ein Baum! Fahr nicht dagegen! / 2. Sind Sie für oder gegen ein Rauchverbot? - Ich bin dagegen. / 3. Ich habe nichts dagegen, dass wir schon nach Hause gehen.	29
B1	daher		daher	Ich bin erkältet, daher kann ich heute nicht kommen.	29
B1	dahin		dahin	Der Zug kommt in 30 Minuten. Bis dahin können wir einen Kaffee trinken.	29
B1	damals		damals	Mit 15 wollte ich gerne Klavier spielen lernen. Aber damals hatte ich kein Geld dafür.	30
B1	Dame	die	die Dame, -n	1. Sie ist eine nette alte Dame. / 2. Meine Damen und Herren! / 3. Sehr geehrte Damen und Herren.	30
B1	damit		damit	1. Mach schnell, damit wir nicht zu spät kommen. / 2. Was macht man mit diesem Ding? - Damit kann man Dosen aufmachen.	30
B1	danach		danach	Zuerst gehen wir einkaufen, danach grillen wir auf unserem Balkon.	30
B1	daneben		daneben	Du weißt doch, wo die Post ist. Gleich daneben ist die Bank.	30
B1	danken		danken, dankt, dankte, hat gedankt	Ich danke dir für die Einladung.	30
B1	Dank	der	der Dank	1. Vielen Dank für Ihre Mühe. / 2. Hier ist Ihr Kaffee. – Vielen Dank! / 3. Herzlichen Dank! / 4. Gott sei Dank hat es nicht geregnet.	30
B1	dankbar		dankbar	Ich bin Ihnen sehr dankbar für Ihre Hilfe.	30
B1	danke		danke	1. Soll ich Ihnen helfen? Nein, danke, nicht nötig. / 2. Guten Appetit! – Danke gleichfalls.	30
B1	dann		dann	1. Ich muss noch schnell zur Post, dann komme ich. / 2. Wir waren pünktlich am Bahnhof. Aber dann hatte der Zug Verspätung. / 3. Ich habe im Moment sehr viel zu tun. – Dann will ich nicht länger stören. / 4. Wenn es nicht regnet, dann kommen wir.	30
B1	darstellen		darstellen, stellt dar, stellte dar, hat dargestellt	Er konnte das Problem sehr gut darstellen.	30
B1	Darstellung	die	die Darstellung, -en	Ihr Buch enthält eine klare Darstellung dieser Probleme.	30
B1	dass		dass	Rico hat mir gesagt, dass er auch zur Party kommt.	30
B1	Datei	die	die Datei, -en	Wo hast du die Datei gespeichert?	30
B1	Datum	das	das Datum, die Daten	1. Welches Datum haben wir heute? / 2. Bitte Datum und Unterschrift nicht vergessen. / 3. Ich brauche noch ein paar Daten von Ihnen.	30
B1	Daten	die	die Daten (Plural)	Wir haben alle Ihre Daten im Computer.	30
B1	dauern		dauern, dauert, dauerte, hat gedauert	Wie lange dauert die Pause? – Eine halbe Stunde.	30
B1	Dauer	die	die Dauer	1. Sie können das Buch für die Dauer einer Woche ausleihen. / 2. Auf Dauer ist die Arbeit nicht interessant.	30
B1	dauernd		dauernd	1. Das dauernde Klingeln des Telefons stört mich. / 2. Er ist dauernd krank.	30
B1	Decke	die	die Decke, -n	1. Im Wohnzimmer haben wir keine Lampe an der Decke. / 2. Kann ich noch eine Decke bekommen? / Mir ist kalt.	30
B1	dekorieren		dekorieren, dekoriert, dekorierte, hat dekoriert	Hilfst du mir, den Tisch für die Party zu dekorieren?	30
B1	denken		denken, denkt, dachte, hat gedacht	1. Du lachst - was denkst du gerade? / 2. Ich denke, dass du recht hast. / 3. Wir diskutieren gerade über das Rauchen. Wie denken Sie darüber? / 4. Denk bitte daran, die Heizung auszumachen. / 5. Es ist mir ganz egal, was die Leute von mir denken. / 6. Ich denke oft an meine Familie. / 7. Ich hatte mir gedacht, dass wir zusammen fahren könnten.	30
B1	Gedanke	der	der Gedanke, -n	1. Ich muss zuerst meine Gedanken sammeln. / 2. Dein Hinweis bringt mich auf einen Gedanken. / 3. Der Gedanke an das Unglück macht uns traurig. / 4. Lass uns einen Ausflug machen, damit du auf andere Gedanken kommst. / 5. Sie ist ganz in Gedanken versunken.	30
B1	Denkmal	das	das Denkmal, ¨-er	In dieser Stadt gibt es viele berühmte Denkmäler.	30
B1	denn		denn	1. Ich lerne jetzt auch Portugiesisch, denn ich möchte nach Südamerika reisen. / 2. Wie ist das Spiel denn ausgegangen?	30
B1	derselbe		derselbe, dieselbe, dasselbe	Mein Freund und ich gehen in dieselbe Schule.	30
B1	deshalb		deshalb	Ich war krank. Deshalb war ich nicht im Büro.	30
B1	Dessert	das	das Dessert, -s →D, A: Nachspeise	Nach dem Essen gab es noch ein leckeres Dessert.	30
B1	deswegen		deswegen	Ich habe falsch geparkt. Deswegen habe ich einen Strafzettel bekommen.	30
B1	Detail	das	das Detail, -s	1. Dieses Detail ist unwichtig. / 2. Ich habe alles bis ins kleinste Detail vorbereitet.	31
B1	deutlich		deutlich	Schreiben Sie bitte deutlich!	31
B1	Diät	die	die Diät	Ich möchte abnehmen. Deshalb mache ich eine Diät.	31
B1	Dialekt	der	der Dialekt, -e	Ich verstehe dich besser, wenn du nicht Dialekt sprichst.	31
B1	Dialog	der	der Dialog, -e	Sie hören jetzt einen Dialog.	31
B1	dicht		dicht	Unsere Fenster sind nicht dicht. Es zieht immer.	31
B1	dick		dick	1. Ich bin zu dick. Ich muss weniger essen. / 2. Die Wände sind hier sehr dick.	31
B1	Dieb	der	der Dieb, -e	Ein Dieb hat mir auf dem Markt die Tasche gestohlen.	31
B1	dienen		dienen, dient, diente, hat gedient	1. Solche Kontakte dienen der Verbesserung der internationalen Beziehungen. / 2. Dieser Raum dient als Aufenthaltsraum. / 3. Er hat der Firma viele Jahre lang gedient.	31
B1	Dienst	der	der Dienst	1. Als Krankenschwester habe ich oft Frühdienst. / 2. Morgen habe ich Dienst. Deshalb kann ich nicht kommen.	31
B1	dies-		dies-	1. Wohin fährst du dieses Jahr in Urlaub? / 2. Welche Hose nehmen Sie? – Diese hier.	31
B1	diesmal		diesmal	Die letzten Spiele haben wir verloren. / Diesmal haben wir zum Glück gewonnen.	31
B1	digital		digital	Ich habe eine Digitaluhr gekauft. Die geht genauer als meine alte Uhr.	31
B1	Ding	das	das Ding, -e	Gib mir bitte mal das Ding da drüben.	31
B1	Diplom	das	das Diplom, -e	Wo kann ich mein Diplom abholen?	31
B1	direkt		direkt	1. Wir liefern Ihnen die Waren direkt ins Haus. / 2. Das Dorf liegt direkt an der Autobahn. / 3. Gibt es keinen direkten Zug nach Hamburg? / 4. Sie übertragen das Fußballspiel direkt.	31
B1	Direktor	der	der Direktor, -en	Ich möchte gern mit dem Direktor	31
B1	Direktorin	die	die Direktorin, -nen	sprechen.	31
B1	Diskothek	die	die Diskothek, -en/Disko, -s	Wir gehen heute Abend in die Disko(thek).	31
B1	diskutieren		diskutieren, diskutiert, diskutierte, hat diskutiert	Wir haben lange diskutiert, wie wir das Büro einrichten sollen.	31
B1	Diskussion	die	die Diskussion, -en	Im Fernsehen gab es eine Diskussion zum Thema „Kinderbetreuung“.	31
B1	Distanz	die	die Distanz, -en	Diese Firma transportiert Waren auch über große Distanzen.	31
B1	doch		doch	1. Isst du kein Fleisch? – Doch, manchmal schon. / 2. Ich habe es mir anders überlegt. Ich komme doch mit in die Stadt. / 3. Ihr kommt doch heute Abend? / 4. Fragen Sie doch Herrn Müller, der ist Computerspezialist. / 5. Ach, wenn doch schon Sonntag wäre!	31
B1	Doktor	der	der Doktor, -en	1. Ist Frau Dr. Müller da?	31
B1	Doktorin	die	die Doktorin, -nen	2. Meine Tochter ist krank. Wir gehen zum Doktor.	31
B1	Dokument	das	das Dokument, -e	1. Hast du alle Dokumente für die Anmeldung dabei? / 2. Dieser Stein ist ein wichtiges Dokument für die alte römische Kultur.	31
B1	donnern		donnern, donnert, donnerte, hat gedonnert	1. Hörst du es donnern? Das Gewitter kommt näher. / 2. Der Lkw donnert über die Landstraße.	31
B1	Donner	der	der Donner, -	Der Donner kam erst lange nach dem Blitz.	31
B1	doppelt		doppelt	Das Buch habe ich doppelt.	31
B1	Doppel-		Doppel-	1. Wir hätten gern ein Doppelbett. / 2. Wollen Sie ein Doppelzimmer oder ein Einzelzimmer?	31
B1	Dorf	das	das Dorf, ¨-er	Unser Dorf liegt direkt an der Autobahn.	31
B1	dort		dort	1. Dort drüben ist der Bahnhof. / 2. Ich werde in fünf Minuten dort sein.	31
B1	dorthin		dorthin	Deine Tasche kannst du dorthin stellen.	31
B1	Dose	die	die Dose, -n →D, CH: Büchse	Ich habe noch eine Dose Bohnen.	31
B1	draußen		draußen	1. Es ist kalt draußen. / 2. Wir müssen draußen warten.	31
B1	Dreck	der	der Dreck	1. Iss den Apfel nicht! Der lag im Dreck. / 2. Ich konnte vor lauter Dreck auf dem Fenster nichts sehen. / 3. Kümmere dich um deinen eigenen Dreck!	31
B1	drehen		drehen, dreht, drehte, hat gedreht	1. Drehen Sie zum Einschalten den Schalter nach rechts. / 2. Die Kinder drehen sich zur Musik im Kreis. / 3. Bei Familie Huber dreht sich jetzt alles um das Baby.	32
B1	dringend		dringend	1. Ich muss dich dringend sprechen. / 2. Ich erwarte einen dringenden Anruf. / 3. Bitte kommen Sie schnell. Es ist dringend.	32
B1	drin		drin, drinnen	1. Wo wollt ihr sitzen? Draußen oder drinnen? / 2. Bei der Hitze ist es drinnen viel angenehmer. / 3. In der Packung ist nichts mehr drin.	32
B1	Droge	die	die Droge, -n	Nimmst du etwa Drogen?	32
B1	Drogerie	die	die Drogerie, -n	Waschmittel bekommst du in der Drogerie.	32
B1	drüben		drüben	Dort drüben ist die Haltestelle.	32
B1	drucken		drucken, druckt, druckte, hat gedruckt	1. Warum hast du den Brief noch nicht ausgedruckt? / 2. Bei welcher Firma haben Sie diese Prospekte drucken lassen? / 3. Du gehst einfach auf „Datei drucken“!	32
B1	Drucker	der	der Drucker, -	Ich brauche einen neuen Drucker für meinen Computer.	32
B1	drücken		drücken, drückt, drückte, hat gedrückt	1. Sie brauchen nur auf den Knopf zu drücken. / 2. Die neuen Schuhe drücken. / 3. Wenn du hier drückst, geht die Tür auf.	32
B1	Druck	der	der Druck	1. Mit einem Knopfdruck schaltet man das Gerät ein. / 2. Wie hoch muss der Druck in den vorderen Reifen sein?	32
B1	dumm		dumm	1. Entschuldigung, das war dumm von mir. / 2. Mir ist etwas Dummes passiert. / 3. Ich fand den Film wirklich sehr dumm.	32
B1	dunkel		dunkel	1. Um sechs Uhr ist es schon dunkel. / 2. Meine Schwester hat dunkle Haare. / 3. Ich habe mir eine dunkelblaue Bluse gekauft.	32
B1	dünn		dünn	1. Mein Sohn ist sehr dünn. Er isst zu wenig. / 2. Warum ziehst du nur so einen dünnen Mantel an? Es ist kalt draußen.	32
B1	durch		durch	1. Wir sind mit dem Fahrrad durch den Wald gefahren. / 2. Wenn Sie zum Bahnhof gehen, kommen Sie durch die Goethestraße. / 3. Wir haben den ganzen Mai durch geheizt. / 4. Wir haben unsere Wohnung durch einen Freund bekommen.	32
B1	durcheinander		durcheinander	1. Alle meine Sachen sind durcheinander. / Ich finde nichts mehr. / 2. Bitte redet nicht alle durcheinander. / Sonst verstehe ich nichts.	32
B1	Durchsage	die	die Durchsage, -n	1. Achtung, Achtung, eine wichtige Durchsage! / 2. Ich habe die Durchsage nicht verstanden.	32
B1	Durchschnitt	der	der Durchschnitt, -e	1. Der Durchschnitt der Ausgaben liegt bei 150 Euro im Monat. / 2. Im Durchschnitt brauchen wir täglich 20 Minuten zur Arbeit. / 3. Die Studentin gehört zum Durchschnitt.	32
B1	durchschnittlich		durchschnittlich	Die Preise sind im letzten Jahr um durchschnittlich 6 % gestiegen.	32
B1	dürfen		dürfen, darf, durfte, hat gedurft (hat dürfen als Modalverb)	1. Dürfen wir heute länger fernsehen? / 2. Sie dürfen hier nicht parken. / 3. Das hätten Sie nicht machen dürfen! / 4. Was darf ich Ihnen anbieten? / 5. Ich suche ein gebrauchtes Auto. Es darf nicht mehr als 1000 Euro kosten.	32
B1	Durst	der	der Durst	Ich hole Ihnen etwas zu trinken. Sie haben sicher Durst.	32
B1	durstig		durstig	Du bist sicher durstig. Was möchtest du trinken?	32
B1	duschen		(sich) duschen, duscht, duschte, hat geduscht	1. Wenn Sie sich duschen wollen: Das Badezimmer ist dort hinten links. / 2. Ich bade nicht so gern, ich dusche lieber.	32
B1	Dusche	die	die Dusche, -n	1. Wir haben leider nur noch ein Zimmer mit Dusche. / 2. Unsere Wohnung hat nur eine Dusche.	32
B1	duzen		duzen, duzt, duzte, hat	Wollen wir Du zueinander sagen? Ja,	32
B1	geduzt		geduzt	wir können uns gern duzen?	32
B1	eben		eben	1. Ich bin eben erst angekommen. / 2. Ich gebe auf. Ich habe eben kein Glück!	32
B1	ebenfalls		ebenfalls	Ich wünsche Ihnen ein schönes Wochenende. – Danke, ebenfalls.	32
B1	ebenso		ebenso	Schöne Feiertage. – Danke, ebenso.	32
B1	e-card	die	die e-card (A) →D:dieVersichertenkarte	Haben Sie Ihre e-card dabei?	33
B1	echt		echt	1. Ich träume von einem echten Perserteppich. / 2. Der Film war echt gut.	33
B1	ec-Karte/EC-Karte	die	die ec-Karte/EC-Karte → A: Bankomat-Karte	Bezahlen Sie bar? Sie können auch mit der ec-Karte zahlen.	33
B1	Ecke	die	die Ecke, -n (D, CH) →A: Eck	1. Das Regal stellen wir hier in die Ecke. / 2. Das bekommen Sie im Kiosk an der Ecke. / 3. Wo ist die Apotheke? − Gleich um die Ecke.	33
B1	Eck	das	das Eck, -en (A) →D, CH: Ecke	1. Das Regal stellen wir hier ins Eck. / 2. Das bekommen Sie im Kiosk am Eck. / 3. Wo ist die Apotheke? − Gleich ums Eck.	33
B1	eckig		eckig	Ich möchte einen eckigen Tisch, keinen runden.	33
B1	egal		egal	1. Es ist mir ganz egal, was die Leute denken. / 2. Egal, wie das Wetter ist, ich gehe schwimmen.	33
B1	Ehe	die	die Ehe, -n	Sie hat zwei Kinder aus erster Ehe.	33
B1	Ehefrau	die	die Ehefrau, -en/der	Wie heißt Ihre Ehefrau mit Vornamen?	33
B1	Ehemann		Ehemann, ¨-er		33
B1	Ehepaar	das	das Ehepaar, -e	Das Ehepaar unter uns hat zwei Kinder.	33
B1	eher		eher	1. Ich stehe meist eher auf als mein Mann. / 2. Michael sieht gerne Serien, ich mag eher Krimis.	33
B1	ehrlich		ehrlich	1. Sie ist ein ehrlicher Mensch. / 2. Bitte sei in dieser Sache ehrlich. / 3. Die Pause haben wir uns ehrlich verdient.	33
B1	Ei	das	das Ei, -er	Möchtest du zum Frühstück ein Ei?	33
B1	eigen-		eigen-	1. Fast jedes Kind hat ein eigenes Zimmer. / 2. Manche Leute haben keine eigene Meinung.	33
B1	eigentlich		eigentlich	1. Wir wollten eigentlich Freunde besuchen, aber dann sind wir doch zu Hause geblieben. / 2. Die Sängerin nennt sich Arabella. Aber eigentlich heißt sie Uschi Müller. / 3. Was willst du eigentlich von mir?	33
B1	eignen		sich eignen, eignet sich, eignete sich, hat sich geeignet	Dieses Hotel eignet sich besonders für Familien mit Kindern.	33
B1	eilen		eilen, eilt, eilte, hat/ist geeilt	Es eilt sehr. Bitte machen Sie schnell.	33
B1	Eile	die	die Eile	1. Ich bin sehr in Eile / 2. Das hat keine Eile.	33
B1	eilig		eilig	Hast du es eilig?	33
B1	ein-		ein-	1. Ich nehme ein Bier. Willst du auch eins? / 2. Wir haben zu wenig Mitspieler. Wir brauchen noch einen.	33
B1	Einbahnstraße	die	die Einbahnstraße, -n	Die Goethestraße ist jetzt eine Einbahnstraße.	33
B1	einbrechen		einbrechen, bricht ein, brach ein, ist eingebrochen	Jemand ist in unsere Wohnung eingebrochen.	33
B1	Einbrecher	der	der Einbrecher, -	Die Einbrecher haben nichts gestohlen.	33
B1	Einbrecherin	die	die Einbrecherin, -nen		33
B1	Einbruch	der	der Einbruch, ¨-e	In der Urlaubszeit gibt es viele Wohnungseinbrüche.	33
B1	eindeutig		eindeutig	1. Das Ergebnis ist eindeutig. Du hast gewonnen. / 2. Du kannst eindeutig besser kochen als ich.	33
B1	Eindruck	der	der Eindruck, ¨-e	1. Ich finde die Leute auf der Straße ziemlich unfreundlich. Wie ist dein Eindruck? / 2. Ich glaube, ich habe bei dem Vorstellungsgespräch einen guten Eindruck gemacht.	33
B1	einerseits		einerseits	Einerseits möchte ich die Reise gern machen, andererseits ist sie zu teuer.	33
B1	einfach		einfach	1. Hin und zurück? – Nein, bitte nur einfach. / 2. Ich verstehe das nicht. Kannst du das bitte einfacher sagen? / 3. Wir haben am Wochenende einen Ausflug gemacht. Es war einfach toll.	33
B1	Einfahrt	die	die Einfahrt, -en	1. Da parkt wieder jemand vor unserer Einfahrt. / 2. Können Sie nicht lesen: Einfahrt freihalten!	33
B1	einfallen		einfallen, fällt ein, fiel ein, ist eingefallen	Mir ist wieder eingefallen, wie das Buch heißt.	33
B1	Einfall	der	der Einfall, ¨-e	Frag einfach meine Freundin. Sie hat immer gute Einfälle.	33
B1	Einfluss	der	der Einfluss, ¨-e	Das Wetter hat Einfluss auf die Gesundheit der Menschen.	33
B1	beeinflussen		beeinflussen, beeinflusst, beeinflusste, hat beeinflusst	Dieses Ereignis hat die Wahlen beeinflusst.	34
B1	einfügen		einfügen, fügt ein, fügte ein, hat eingefügt	Markieren Sie zuerst die Zeilen, dann „kopieren“ drücken und dann einfügen.	34
B1	einführen		einführen, führt ein, führte ein, hat eingeführt	1. Dürfen wir diese Ware ins Land einführen? / 2. Wir haben letztes Jahr ein neues System eingeführt.	34
B1	Einführung	die	die Einführung, -en	Leider habe ich die Einführung des Kurses verpasst.	34
B1	Eingang	der	der Eingang, ¨-e	1. Das Gebäude hat zwei Eingänge. / 2. Der Eingang ist um die Ecke.	34
B1	einheitlich		einheitlich	Die Schüler dieser Schule tragen einheitliche Kleidung.	34
B1	einig-		einig-	1. In diesem Bericht sind einige Fehler. / 2. Das wird noch einige Zeit dauern. / 3. Einige Leute sind für das Gesetz, aber viele sind auch dagegen.	34
B1	einigen		sich einigen, einigt sich, einigte sich, hat sich geeinigt	Jeder hat einen anderen Vorschlag. / Wir können uns leider nicht einigen.	34
B1	einkaufen		einkaufen, kauft ein, kaufte ein, hat eingekauft	Wir gehen einmal pro Woche einkaufen.	34
B1	Einkauf	der	der Einkauf, ¨-e	1. Achten Sie beim Einkauf auf Sonderangebote. / 2. Ich habe alle Einkäufe erledigt. Jetzt können wir einen Kaffee trinken.	34
B1	Einkommen	das	das Einkommen, -	Bei einem höheren Einkommen muss man mehr Steuern zahlen.	34
B1	einladen		einladen, lädt ein, lud ein, hat eingeladen	Darf ich Sie zum Essen einladen?	34
B1	Einladung	die	die Einladung, -en	Danke für die Einladung.	34
B1	einmal		einmal	1. Ich habe diese Oper leider nur einmal gesehen. / 2. Bitte rufen Sie morgen noch einmal an. / 3. Auf einmal ging das Licht aus. / 4. Ich kann nicht alles auf einmal machen. / 5. Sehen wir uns (ein)mal wieder? / 6. Vor Jahren habe ich (ein)mal in Wien gewohnt. / 7. Komm doch bitte (ein)mal her und hilf mir.	34
B1	einnehmen		einnehmen, nimmt ein, nahm ein, hat eingenommen	Wie muss ich die Tropfen einnehmen?	34
B1	Einnahme	die	die Einnahme, -n	Unser Geschäft läuft gut. Unsere Einnahmen waren in diesem Monat höher als im letzten.	34
B1	einpacken		einpacken, packt ein, packte ein, hat eingepackt	1. Hast du Handtücher eingepackt? / 2. Soll ich Ihnen das als Geschenk einpacken?	34
B1	einrichten		einrichten, richtet ein, richtete ein, hat eingerichtet	1. Ich habe meine Wohnung selbst eingerichtet. / 2. Wenn Sie Fragen haben, rufen Sie uns an. Wir haben eine extra Telefon-nummer eingerichtet.	34
B1	Einrichtung	die	die Einrichtung, -en	Deine Wohnung ist sehr gemütlich, die Einrichtung gefällt mir sehr gut.	34
B1	einsam		einsam	Ohne meine Familie fühle ich mich ein bisschen einsam.	34
B1	einschalten		einschalten, schaltet ein, schaltete ein, hat eingeschaltet	Können Sie bitte die Heizung einschalten?	34
B1	einschließlich		einschließlich	Alles zusammen kostet 200 Euro einschließlich Fahrtkosten.	34
B1	Einschreiben	das	das Einschreiben, -	Ich habe den Brief als Einschreiben geschickt.	34
B1	einsetzen		einsetzen, setzt ein, setzte ein, hat eingesetzt	1. Ich glaube, wir müssen jemanden einsetzen, der sich um die Organisation kümmert. / 2. Peter hat sich dafür eingesetzt, dass ich den Job bekomme.	34
B1	einsteigen		einsteigen, steigt ein, stieg	1. Ab 20 Uhr vorne beim Fahrer	34
B1	ein		ein, ist eingestiegen	einsteigen. / 2. Steig ein. Wir wollen losfahren.	34
B1	einstellen		einstellen, stellt ein, stellte ein, hat eingestellt	1. Die Firma wird in diesem Jahr drei neue Leute einstellen. / 2. Das Gerät ist nicht richtig eingestellt.	34
B1	eintragen		eintragen, trägt ein, trug ein, hat eingetragen	Tragen Sie sich bitte in die Liste ein.	34
B1	eintreten		eintreten, tritt ein, trat	Letztes Jahr bin ich in einen	34
B1	ein		ein, ist eingetreten	Sportverein eingetreten.	34
B1	Eintritt	der	der Eintritt	1. Kinder über 10 Jahre zahlen den vollen Eintritt. / 2. Der Eintritt ist frei.	34
B1	einverstanden		einverstanden	1. Als Termin schlage ich den 3. Mai vor. – Gut, einverstanden! / 2. Bist du einverstanden, wenn wir bald nach Hause gehen?	34
B1	Einwohner	der	der Einwohner, -	Berlin hat über drei Millionen	34
B1	Einwohnerin	die	die Einwohnerin, -nen	Einwohner.	34
B1	einzahlen		einzahlen, zahlt ein, zahlte ein, hat eingezahlt	Ich habe gestern Geld auf mein Bankkonto eingezahlt.	35
B1	Einzahlung	die	die Einzahlung, -en	Sie sollten die Einzahlung pünktlich machen.	35
B1	einzeln		einzeln	1. Dieses Mineralwasser gibt es nur als Sechserpack, nicht einzeln. / 2. Die Schüler mussten einzeln zum Schularzt kommen.	35
B1	Einzel-		Einzel-	z. B. Einzelkind, Einzelzimmer	35
B1	Einzelheit	die	die Einzelheit, -en	Du musst mir das in allen Einzelheiten erzählen.	35
B1	einzig-		einzig-	1. Wir waren die einzigen Gäste. / 2. Das war das einzige Mal, dass ich ihn gesehen habe.	35
B1	einziehen		einziehen, zieht ein, zog ein, ist eingezogen	Die Wohnung ist fertig. Wir können nächste Woche einziehen.	35
B1	Eis	das	das Eis	1. Im Winter gibt es Eis und Schnee. / 2. Bitte eine Cola ohne Eis.	35
B1	Eis	das	das Eis (D, A) →CH: Glace/Glacé	Zum Nachtisch gibt es Schokoladeneis.	35
B1	Eisenbahn	die	die Eisenbahn, -en	Die Kinder wünschen sich eine elektrische Eisenbahn.	35
B1	elegant		elegant	Ich finde dein Kleid sehr elegant.	35
B1	elektrisch		elektrisch	Wir kochen nicht mit Gas, sondern elektrisch.	35
B1	Elektro-		Elektro-	z.B. Elektrogeschäft, Elektroingenieur, Elektroherd	35
B1	elektronisch		elektronisch	Wir sollten die Daten elektronisch bearbeiten, sonst dauert es zu lange.	35
B1	Eltern	die	die Eltern (Pl.)	Ich wohne noch bei meinen Eltern.	35
B1	empfangen		empfangen, empfängt, empfing, hat empfangen	1. Wir können mit unserem Fernseher über 30 Programme empfangen. / 2. Die Gäste wurden sehr herzlich empfangen.	35
B1	Empfang	der	der Empfang, ¨-e	1. Bitte den Empfang bestätigen! / 2. Ich bin mit dem Fernseher nicht zufrieden. Der Empfang ist sehr schlecht. / 3. Zur Firmeneröffnung bitten wir zu einem kleinen Empfang.	35
B1	Empfänger	der	der Empfänger, -	Es fehlt die genaue Adresse des Empfängers.	35
B1	empfehlen		empfehlen, empfiehlt, empfahl, hat empfohlen	Was können Sie mir denn empfehlen?	35
B1	Empfehlung	die	die Empfehlung, -en	Ich rufe auf Empfehlung von Herrn Weber an.	35
B1	enden		enden, endet, endete, hat geendet	1. Die Straße endet hier. / 2. Das Arbeitsverhältnis endet im Mai.	35
B1	Ende	das	das Ende	1. Ich wohne am Ende der Straße. / 2. Die nächste Prüfung findet Ende August statt. / 3. Rinaldo ist Ende fünfzig. / 4. Am Dienstag gehen die Ferien zu Ende.	35
B1	endgültig		endgültig	1. Damit ist das Problem endgültig gelöst. / 2. Der endgültige Termin steht noch nicht fest. / 3. Das Ergebnis ist noch nicht endgültig.	35
B1	endlich		endlich	1. Endlich haben wir eine schöne Wohnung gefunden. / 2. Haben Sie sich nun endlich entschieden?	35
B1	Energie	die	die Energie, -n	1. Wir müssen Energie sparen. / 2. Abends habe ich keine Energie mehr, um Sport zu machen.	35
B1	eng		eng	1. Die Jacke ist mir zu eng. / 2. Wir arbeiten mit dieser Firma eng zusammen.	35
B1	Enkel	der	der Enkel, -	Alle meine Enkel gehen schon zur	35
B1	Enkelin	die	die Enkelin, -nen	Schule.	35
B1	entdecken		entdecken, entdeckt, entdeckte, hat entdeckt	Ich habe in deinem Brief noch ein paar Fehler entdeckt.	35
B1	entfernen		entfernen, entfernt, entfernte, hat entfernt	1. Der Müll muss dringend entfernt werden. / 2. Das Hotel liegt etwa 100 m vom Strand entfernt.	35
B1	Entfernung	die	die Entfernung, -en	Aus dieser Entfernung ist das nicht zu erkennen.	35
B1	entgegenkommen		entgegenkommen	1. Auf dem Weg nach Hause ist mir mein Nachbar entgegengekommen. / 2. Können Sie mir mit dem Preis entgegenkommen?	35
B1	enthalten		enthalten, enthält, enthielt, hat enthalten	1. Diese Schokolade enthält nur sehr wenig Zucker. / 2. Ist die Änderung im Preis enthalten?	35
B1	entlang		entlang	Gehen Sie diese Straße entlang. Dann kommen Sie direkt zum Bahnhof.	35
B1	entlassen		entlassen, entlässt, entließ, hat entlassen	1. Die Operation ist gut gelaufen. Wir können Sie nächste Woche aus dem Krankenhaus entlassen. / 2. Die Firma hat viele Mitarbeiter entlassen.	35
B1	Entlassung	die	die Entlassung, -en	Seine Entlassung aus der Firma kam überraschend.	35
B1	entscheiden		entscheiden, entscheidet, entschied, hat entschieden	1. Das kann ich nicht allein entscheiden, da muss ich erst fragen. / 2. Für welchen Anzug haben Sie sich entschieden?	36
B1	Entscheidung	die	die Entscheidung, -en	Diese wichtige Entscheidung möchte ich zuerst mit meinem Mann besprechen.	36
B1	unentschieden		unentschieden	1. Es steht unentschieden zwischen den beiden Mannschaften. / 2. Ich bin noch immer unentschieden, was ich morgen tun soll.	36
B1	entschließen		sich entschließen, entschließt sich, entschloss sich, hat sich entschlossen	Mein Nachbar hat sich nun doch entschlossen, sein Auto zu verkaufen.	36
B1	entschlossen		entschlossen	Ich bin fest entschlossen, diese Ausbildung fertigzumachen.	36
B1	entschuldigen		entschuldigen, entschuldigt, entschuldigte, hat entschuldigt	1. Entschuldigen Sie bitte, dass ich Sie störe. Aber es gibt ein Problem. / 2. Herr Meier lässt sich entschuldigen, er ist stark erkältet.	36
B1	Entschuldigung	die	die Entschuldigung, -en	Oh, Entschuldigung! – Macht nichts. / Kein Problem.	36
B1	entsorgen		entsorgen, entsorgt, entsorgte, hat entsorgt	Wie kann ich meine alte Kaffeemaschine entsorgen?	36
B1	entspannend		entspannend	Der Urlaub war sehr entspannend.	36
B1	entstehen		entstehen, entsteht, entstand, ist entstanden	1. Hier entsteht ein neues Einkaufszentrum. / 2. Andere Kosten entstehen nicht.	36
B1	enttäuschen		enttäuschen, enttäuscht, enttäuschte, hat enttäuscht	1. Leider hat mich sein Verhalten enttäuscht. / 2. Wir waren von dem Konzert sehr enttäuscht. / 3. Das Ergebnis war enttäuschend.	36
B1	Enttäuschung	die	die Enttäuschung, -en	Das Endspiel war eine große Enttäuschung.	36
B1	entweder ... oder		entweder ... oder	Nur einer kann gewinnen, entweder du oder ich.	36
B1	entwickeln		entwickeln, entwickelt, entwickelte, hat entwickelt	1. Unser Sohn entwickelt sich gut in der Schule. / 2. Die Firma hat ein neues Produkt entwickelt.	36
B1	Entwicklung	die	die Entwicklung, -en	Genug Schlaf ist wichtig für die Entwicklung Ihres Kindes.	36
B1	Erde	die	die Erde	1. Die Pflanzen brauchen neue Erde. / 2. Mein Sohn hat das Glas auf die Erde fallen lassen. / 3. An der Konferenz nehmen Vertreter aus fast allen Ländern der Erde teil.	36
B1	Erdapfel	der	der Erdapfel, ¨- (A) → Kartoffel	Kann ich bitte noch Erdäpfel bekommen?	36
B1	Erdgeschoss/ Ergeschoß	das	das Erdgeschoss/ Ergeschoß, -e	Unsere Wohnung befindet sich im Erdgeschoss.	36
B1	Ereignis	das	das Ereignis, -se	1. Alle Zeitungen haben über diese Ereignisse berichtet. / 2. Das Konzert war ein großes Ereignis.	36
B1	ereignen		sich ereignen, ereignet sich, ereignete sich, hat sich ereignet	Der Unfall ereignete sich am frühen Morgen.	36
B1	erfahren		erfahren, erfährt, erfuhr, hat erfahren	Wann erfahren wir das Ergebnis der Prüfung?	36
B1	Erfahrung	die	die Erfahrung, -en	1. Ich habe zehn Jahre Erfahrung in diesem Beruf. / 2. Mit diesem Gerät haben wir gute Erfahrungen gemacht.	36
B1	erfinden		erfinden, erfindet, erfand, hat erfunden	Das Rad wurde vor ca. 6000 Jahren erfunden.	36
B1	Erfindung	die	die Erfindung, -en	Die Erfindung des Buchdrucks war sehr wichtig für die Menschen.	36
B1	Erfolg	der	der Erfolg, -e	1. Der Film war ein großer Erfolg. / 2. Ich wünsche Ihnen viel Erfolg bei der Prüfung.	36
B1	erfolgreich		erfolgreich	Mein Großvater war ein erfolgreicher Geschäftsmann.	36
B1	erforderlich		erforderlich	1. Hier ist die Liste der erforderlichen Zutaten für den Kuchen. / 2. Es ist erforderlich, dass man den Pass persönlich abholt.	36
B1	erfordern		erfordern, erfordert, erforderte, hat erfordert	Dieser Job erfordert viel Kraft.	36
B1	erfüllen		erfüllen, erfüllt, erfüllte, hat erfüllt	1. Sie müssen den Vertrag in allen Punkten erfüllen. / 2. Wir erfüllen Ihnen jeden Wunsch.	36
B1	ergänzen		ergänzen, ergänzt, ergänzte, hat ergänzt	Ergänzen Sie bitte die fehlenden Angaben.	36
B1	Ergebnis	das	das Ergebnis, -se	Ein so gutes Ergebnis hat uns alle überrascht.	36
B1	erhalten		erhalten, erhält, erhielt, hat erhalten	Ihr Schreiben vom 3. Januar haben wir erhalten.	36
B1	erhöhen		erhöhen, erhöht, erhöhte, hat erhöht	1. Die Regierung wird sicher bald wieder die Steuern erhöhen. / 2. Die Zahl der Unfälle hat sich stark erhöht.	36
B1	Erhöhung	die	die Erhöhung, -en	Wir streiken für eine Lohnerhöhung.	37
B1	erholen		sich erholen, erholt sich, erholte sich, hat sich erholt	1. Im Urlaub habe ich mich sehr gut erholt. / 2. Er hat sich nach dem Unfall sehr schnell wieder erholt.	37
B1	Erholung	die	die Erholung, -en	Ich habe zu viel gearbeitet. Jetzt brauche ich etwas Erholung.	37
B1	erinnern		erinnern, erinnert, erinnerte, hat erinnert	1. Bitte, erinnern Sie mich noch einmal an den Termin / 2. Ich erinnere mich noch genau an Francescos Vater.	37
B1	Erinnerung	die	die Erinnerung, -en	An diese Zeit habe ich viele schöne Erinnerungen.	37
B1	sicherkälten		sicherkälten,erkältetsich, erkältete sich, hat sich erkältet	Der Junge hat sich beim Baden erkältet.	37
B1	erkältet		erkältet	Ich bin stark erkältet.	37
B1	Erkältung	die	die Erkältung, -en	Du hast eine schlimme Erkältung!	37
B1	erkennen		erkennen, erkennt, erkannte, hat erkannt	1. Ich habe Roberto gleich an seiner Stimme erkannt. / 2. Auf dem Foto kann man kaum etwas erkennen. / 3. Ich habe erkannt, dass es ein Fehler war, den Kurs nicht fertigzumachen.	37
B1	erklären		erklären, erklärt, erklärte, hat erklärt	1. Kannst du mir erklären, wie man diesen Apparat bedient? / 2. Ich kann mir nicht erklären, wie der Brief verschwinden konnte.	37
B1	Erklärung	die	die Erklärung, -en	1. Hast du schon die Steuererklärung gemacht? / 2. Die Erklärung der Lehrerin ist besser als die Erklärung im Buch.	37
B1	erkundigen		sich erkundigen, erkundigt sich, erkundigte	1. Hast du dich schon nach einem Zug erkundigt?	37
B1	sich		sich, hat sich erkundigt	2. Ich möchte mich erkundigen, wie es Ihnen geht.	37
B1	erlauben		erlauben, erlaubt, erlaubte, hat erlaubt	1. Ich erlaube meinen Kindern nicht, so lange fernzusehen. / 2. Parken ist hier nicht erlaubt.	37
B1	Erlaubnis	die	die Erlaubnis	Sie hätten ihn vorher um Erlaubnis bitten müssen.	37
B1	erleben		erleben, erlebt, erlebte, hat erlebt	In unserem Urlaub haben wir viel Schönes erlebt.	37
B1	Erlebnis	das	das Erlebnis, -se	Die Reise war ein tolles Erlebnis.	37
B1	erledigen		erledigen, erledigt, erledigte, hat erledigt	Diese zwei Pakete müssen zur Post. / Könntest du das für mich erledigen?	37
B1	erleichtern		erleichtern, erleichtert, erleichterte, hat erleichtert	1. Ich bin erleichtert, dass alles so gut geklappt hat. / 2. Das Internet erleichtert mir die Arbeit sehr.	37
B1	Ermäßigung	die	die Ermäßigung, -en	Es gibt eine Ermäßigung für Kinder und Senioren.	37
B1	ernähren		ernähren, ernährt, ernährte, hat ernährt	1. Wie ernähre ich mich richtig? / 2. Meine Eltern müssen beide arbeiten, um die Familie zu ernähren.	37
B1	Ernährung	die	die Ernährung	Ich finde eine gesunde Ernährung wichtig.	37
B1	ernst		ernst	Der starke Verkehr ist ein ernstes Problem.	37
B1	ernsthaft		ernsthaft	Ich überlege ernsthaft, ob ich in eine andere Stadt ziehen soll.	37
B1	Ernte	die	die Ernte, -n	Die Ernte ist dieses Jahr gut.	37
B1	eröffnen		eröffnen, eröffnet, eröffnete, hat eröffnet	1. Mein Nachbar hat letzten Monat ein Geschäft eröffnet. / 2. Ich möchte ein Konto eröffnen.	37
B1	Eröffnung	die	die Eröffnung, -en	Die Eröffnung der neuen Oper ist am / 1. Juni.	37
B1	erreichen		erreichen, erreicht, erreichte, hat erreicht	1. Wenn wir uns beeilen, erreichen wir noch den 8-Uhr-Zug. / 2. Bis 17 Uhr können Sie mich im Büro erreichen. / 3. Auf diese Art erreichen Sie bei mir gar nichts. / 4. Dieser Zug erreicht eine Geschwindigkeit von 200 km/h.	37
B1	erschöpft		erschöpft	Nach dem Sport bin ich immer sehr erschöpft.	37
B1	erschrecken		erschrecken, erschrickt, erschrak, ist erschrocken/ jdn. erschrecken, erschreckt, erschreckte, hat erschreckt	1. Du hast richtig krank ausgesehen. Ich war ganz erschrocken. / 2. Hast du mich aber erschreckt! / 3. Entschuldigung. Ich wollte Sie nicht erschrecken.	37
B1	ersetzen		ersetzen, ersetzt, ersetzte, hat ersetzt	1. Wir ersetzen Ihnen die Kosten. / 2. Peter ist krank. Jemand muss ihn ersetzen.	37
B1	Ersatz	der	der Ersatz	Sie bekommen von unserer Firma einen Ersatz für das kaputte Gerät.	37
B1	erst		erst	1. Sofia ist erst 20 Jahre alt. / 2. Ich habe das erst gestern erfahren. / 3. Sprich erst mit dem Arzt. / 4. Erst hat mir die Arbeit gar nicht gefallen, aber jetzt habe ich mich daran gewöhnt.	37
B1	erst-		erst-	1. Ich war zum ersten Mal allein im Urlaub. / 2. Ich wohne im ersten Stock. / 3. An erster Stelle kommt die Schule.	38
B1	erstellen		erstellen, erstellt, erstellte, hat erstellt	Erstellen Sie bitte eine Liste mit allen Informationen, die Sie brauchen.	38
B1	erwachsen		erwachsen	1. Die Kinder sind schon fast erwachsen. / 2. Wir haben zwei erwachsene Töchter.	38
B1	Erwachsene	der	der Erwachsene, -n	1. Erwachsene zahlen 5 Euro, für Kinder ist der Eintritt frei. / 2. Dieser Film ist nur für Erwachsene.	38
B1	erwarten		erwarten, erwartet, erwartete, hat erwartet	1. Ich erwarte einen Anruf aus Berlin. / 2. Frau Müller erwartet ein Kind. / 3. Wir hatten nichts anderes erwartet. / 4. Ich kann es gar nicht erwarten, euch wieder zu sehen.	38
B1	erzählen		erzählen, erzählt, erzählte, hat erzählt	1. Mein Mann hat mir schon viel von Ihnen erzählt. / 2. Ich muss meinen Kindern abends immer eine Geschichte erzählen.	38
B1	Erzählung	die	die Erzählung, -en	Diese Erzählung ist sehr berühmt. Du musst sie lesen.	38
B1	erziehen		erziehen, erzieht, erzog, hat erzogen	Kinder zu erziehen ist nicht leicht.	38
B1	Erziehung	die	die Erziehung	Heute kümmern sich auch viele Väter um die Erziehung der Kinder.	38
B1	es		es	1. Mein Auto muss in die Werkstatt. Es ist kaputt. / 2. Wissen Sie nicht, wo Herr Müller ist? - Nein, ich weiß es nicht. / 3. Es wurden bei der Diskussion viele Fragen gestellt. / 4. Wer ist da? – Ich bin’s. / 5. Mir geht es gut. / 6. Ich finde es sehr nett von Ihnen, dass Sie mich abholen. / 7. Es macht Spaß, zusammen ein Picknick zu machen.	38
B1	essen		essen, isst, aß, hat gegessen	1. Haben Sie schon zu Mittag gegessen? / 2. Ich esse gern Bananen. / 3. Was gibt es heute zu essen?	38
B1	Essen	das	das Essen, -	1. Darf ich Sie zum Essen einladen? / 2. Das Essen ist kalt geworden.	38
B1	Essig	der	der Essig	Am Salat fehlt noch etwas Essig.	38
B1	Etage	die	die Etage, -n (D, CH) → Stock	Das Büro ist in der 3. Etage, Zimmer 305.	38
B1	etwa		etwa	1. Von hier sind es etwa zwanzig Kilometer. / 2. Von zu Hause brauche ich etwa 10 Minuten bis zur Arbeit. / 3. Du bist doch nicht etwa krank?	38
B1	etwas		etwas	1. Ich muss dir etwas erzählen. / 2. Ich habe nur Tee. Etwas anderes kann ich Ihnen leider nicht anbieten. / 3. Haben Sie etwas zum Schreiben? / 4. Wollen wir mit dem Nachtisch noch etwas warten? / 5. So etwas habe ich noch nie gehört. / 6. Ich habe etwas Gutes für dich gekocht.	38
B1	eventuell		eventuell	Ich komme eventuell etwas später.	38
B1	ewig		ewig	Ich warte schon ewig auf mein neues Auto!	38
B1	Experte	der	der Experte, -n	Ich verstehe ein bisschen was von Computern. Aber ich bin kein Experte.	38
B1	Export	der	der Export, -e	1. Hier ist die Firma Schulz, Import und Export. / 2. Sonja arbeitet in der Exportabteilung.	38
B1	extra		extra	1. Die Getränke kosten extra. / 2. Warum sind Sie nicht gekommen? Ich habe extra auf Sie gewartet.	38
B1	extrem		extrem	Die Prüfung war extrem schwer.	38
B1	Fabrik	die	die Fabrik, -en	Ich arbeite in einer Autofabrik.	38
B1	Fach	das	das Fach, ¨-er	1. Die Handtücher sind im obersten Fach links. / 2. Welches Fach magst du in der Schule am liebsten?	38
B1	Fachmann	der	der Fachmann	Meine Schwester ist Computerfachfrau.	38
B1	Fachfrau	die	die Fachfrau, -en		38
B1	Fachleute	die	die Fachleute (Pl.)	Die suchen Fachleute für dieses Computerprogramm.	38
B1	Fähigkeit	die	die Fähigkeit, -en	1. In seiner Position braucht man die Fähigkeit, andere zu überzeugen. / 2. Ich glaube, sie hat die Fähigkeit dazu.	38
B1	fahren		fahren, fährt, fuhr, ist/hat	1. Wir sind mit dem Zug gefahren.	38
B1	gefahren		gefahren	2. Fahr nicht so schnell. / 3. Frau Koch fährt einen Mercedes. / 4. Soll ich dich nach Hause fahren? / 5. Er hat das Auto in die Garage gefahren.	38
B1	Fähre	die	die Fähre, -n	Wir nehmen die Fähre über den Bodensee.	38
B1	Fahrbahn	die	die Fahrbahn, -en	Fahren Sie bitte vorsichtig. Es sind Kühe auf der Fahrbahn.	39
B1	Fahrer	der	der Fahrer, -	1. Die Fahrerin des Wagens wurde nicht verletzt. / 2. Leonid ist von Beruf Busfahrer. / 3. Während der Fahrt bitte nicht mit dem Fahrer sprechen!	39
B1	Fahrkarte	die	die Fahrkarte, -n →CH: Billet	Fahrkarten bekommt man am Automaten.	39
B1	Fahrplan	der	der Fahrplan, ¨-e	1. Der Fahrplan hat sich geändert. / 2. Haben Sie schon den neuen Sommerfahrplan?	39
B1	Fahrrad	das	das Fahrrad, ¨-er →D, A: Rad; CH: Velo	Sie fährt jeden Morgen mit dem Fahrrad zur Arbeit.	39
B1	Fahrzeug	das	das Fahrzeug, -e	Wem gehört das Fahrzeug?	39
B1	fair		fair	Ich finde, unsere Mannschaft hat sehr fair gespielt.	39
B1	Faktor	der	der Faktor, -en	Die Creme hat einen hohen Sonnenschutzfaktor.	39
B1	Fall	der	der Fall, ¨-e	1. Was würden Sie in diesem Fall tun? / 2. Rufen Sie auf jeden Fall vorher noch einmal an. / 3. Für den Fall, dass meine Mutter aus dem Krankenhaus kommt, bleibe ich zu Hause.	39
B1	fallen		fallen, fällt, fiel, ist gefallen	1. Das Glas ist auf den Boden gefallen. / 2. In den Bergen ist schon Schnee gefallen. / 3. Die Temperatur ist ganz plötzlich unter null gefallen.	39
B1	fällig		fällig	Die Rechnung ist Énde des Monats fällig.	39
B1	falls		falls	Falls es regnet, machen wir kein Picknick.	39
B1	falsch		falsch	1. Tut mir leid, ich habe die falsche Nummer gewählt. / 2. Meine Uhr geht falsch. / 3. Was Sie da sagen, ist falsch.	39
B1	Familie	die	die Familie, -n	Ich habe eine große Familie.	39
B1	Familienstand	der	der Familienstand (D, A) → Personenstand; CH: Zivilstand	Bei „Familienstand“ musst du „ledig“ ankreuzen.	39
B1	fangen		fangen, fängt, fing, hat gefangen	1. Das Kind hat den Ball gefangen. / 2. Unsere Katze hat eine Maus gefangen.	39
B1	Fantasie/Phantasie	die	die Fantasie/Phantasie, -n	Mein Sohn malt sehr gut. Er hat viel Fantasie.	39
B1	fantastisch		fantastisch	Die Aussicht ist fantastisch!	39
B1	Farbe	die	die Farbe, -n	1. Welche Farbe magst du am liebsten? / 2. Diese Farbe trocknet schnell.	39
B1	farbig		farbig	Ich brauche kein weißes, sondern farbiges Papier.	39
B1	Faschierte	das	das Faschierte (A) →D, CH: Hackfleisch	Geben Sie mir bitte 500 g Faschiertes.	39
B1	Fasching	der	der Fasching, - (D, A) →D: Karneval; CH: Fasnacht	Dort hängt mein Kostüm für den Faschings(um)zug.	39
B1	Fasnacht	die	die Fasnacht (CH) →D, A: Fasching; D: Karneval	Dort hängt mein Kostüm für den Fasnachtsumzug.	39
B1	fassen		fassen, fasst, fasste, hat gefasst	1. Sie haben den Dieb gefasst. / 2. Ich habe den Entschluss gefasst, nach Wien zu ziehen.	39
B1	fast		fast	1. Das Konzent ist fast zu Ende. / 2. Ich habe fast alles verstanden.	39
B1	faul		faul	1. Mein Sohn war am Anfang in der Schule sehr faul. Heute lernt er sehr fleißig. / 2. Den Apfel kannst du nicht mehr essen. / Er ist faul.	39
B1	faulenzen		faulenzen, faulenzt, faulenzte, hat gefaulenzt	Am Wochenende können wir faulenzen.	39
B1	Fauteuil	der	der Fauteuil, -s (A, CH) → D, CH: Sessel	Ich hätte gern einen bequemen Fauteuil.	39
B1	fehlen		fehlen, fehlt, fehlte, hat gefehlt	1 Auf dem Brief fehlt der Absender. / 2. Hast du Kleingeld? Mir fehlt ein Euro. / 3. In der Kasse fehlen 20 Euro. / 4. Antonio war nicht in der Schule, er fehlt schon seit drei Tagen. / 5. Was fehlt Ihnen? Haben Sie Schmerzen?	39
B1	Fehler	der	der Fehler, -	1. Ich glaube, da haben Sie einen Fehler gemacht. / 2. Die Schülerin hat den Fehler sofort gefunden.	39
B1	feiern		feiern, feiert, feierte, hat gefeiert	Wir haben gestern Karls Geburtstag gefeiert.	39
B1	Feier	die	die Feier, -n	Es war eine schöne Feier.	39
B1	Feierabend	der	der Feierabend	Einen schönen Feierabend.	39
B1	Feiertag	der	der Feiertag, -e	1. Am Montag ist Feiertag. / 2. Schöne Feiertage.	39
B1	Feld	das	das Feld, -er	Auf diesem Feld wächst Gemüse.	39
B1	Fenster	das	das Fenster, -	Darf ich einen Moment das Fenster aufmachen?	39
B1	Ferien	die	die Ferien (Pl.) (CH) →D, A: Urlaub	Ich habe noch drei Tage Ferien.	40
B1	Ferien-		Ferien-	Ich suche eine günstige Ferienwohnung.	40
B1	Fernbedienung	die	die Fernbedienung, -en	Hast du die Fernbedienung gesehen?	40
B1	fernsehen		fernsehen, sieht fern, sah fern, hat ferngesehen	Meine Kinder dürfen abends nur eine Stunde fernsehen.	40
B1	Fernsehen	das	das Fernsehen	Was gibt es heute Abend im Fernsehen?	40
B1	Fernseher	der	der Fernseher, -	Der Fernseher ist schon wieder kaputt.	40
B1	fertig		fertig	1. Das Essen ist gleich fertig. / 2. Wenn ich mit der Arbeit fertig bin, gehe ich nach Hause. / 3. Bist du fertig? / 4. Das war ein schlimmer Tag. Ich bin total fertig.	40
B1	fest		fest	1. Mein Kollege glaubt fest daran, dass er die neue Stelle bekommt. / 2. Als wir nach Hause kamen, haben die Kinder schon fest geschlafen. / 3. Für die nächste Familienfeier gibt es noch keinen festen Termin.	40
B1	Fest	das	das Fest, -e	1. Wenn ich 18 werde, feiern wir ein großes Fest. / 2. Frohes Fest!	40
B1	Festplatte	die	die Festplatte, -n	Mein Computer hat eine große Festplatte.	40
B1	festhalten		festhalten, hält fest, hielt fest, hat festgehalten	1. Halt dich gut fest. / 2. Halt die Flasche gut fest.	40
B1	festlegen		festlegen, legt fest, legte fest, hat festgelegt	1. Ich weiß noch nicht, ob ich das mache. / Ich möchte mich noch nicht festlegen. / 2. Habt ihr den Hochzeitstermin schon festgelegt?	40
B1	festnehmen nimmt fest		festnehmen nimmt fest, nahm fest, hat festgenommen.	Die Polizei hat einen Mann festgenommen.	40
B1	festsetzen		festsetzen, setzt fest, setzte fest, hat festgesetzt	Die Schule hat den Termin für die Prüfung festgesetzt.	40
B1	feststehen		feststehen, steht fest, stand fest, ist festgestanden	Der Termin steht seit Langem fest.	40
B1	feststellen		feststellen, stellt fest, stellte fest, hat festgestellt	1. Er hat festgestellt, dass der Absender des Briefes falsch war. / 2. Der Arzt hat mich untersucht, konnte aber nichts feststellen.	40
B1	fett		fett	1. Die Wurst ist mir zu fett. / 2. Das ist aber eine fette Katze!	40
B1	Fett	das	das Fett	Man soll nicht so viel Fett essen.	40
B1	feucht		feucht	1. Die Wäsche ist noch feucht. / 2. Es ist heute feucht draußen.	40
B1	Feuer	das	das Feuer	1. Der Schaden durch das Feuer war sehr groß. / 2. Haben Sie Feuer?	40
B1	Feuerzeug	das	das Feuerzeug, -e	Ist das Feuerzeug neu?	40
B1	Feuerwehr	die	die Feuerwehr, -en	Schnell! Rufen Sie die Feuerwehr! Die Nummer ist: 112.	40
B1	Fieber	das	das Fieber	Plötzlich habe ich hohes Fieber bekommen.	40
B1	Figur	die	die Figur, -en	1. Lars hat eine gute Figur. / 2. Bei diesem Spiel hat jeder Spieler vier Figuren.	40
B1	Film	der	der Film, -e	Den Film musst du dir unbedingt ansehen.	40
B1	finanzieren		finanzieren, finanziert, finanzierte, hat finanziert	Ich weiß nicht, wie ich das Auto finanzieren soll.	40
B1	finanziell		finanziell	Finanziell geht es meinem Neffen jetzt besser.	40
B1	finden		finden, findet, fand, hat	1. Meine Tante hat eine gute Arbeit	40
B1	gefunden		gefunden	gefunden. / 2. Ich kann meinen Schlüssel nicht finden. / 3. Luigi finde ich sehr nett.	40
B1	Finger	der	der Finger, -	Alessandro hat sich in den Finger geschnitten.	40
B1	Firma	die	die Firma, Firmen	Seit wann arbeiten Sie bei dieser Firma?	40
B1	flach		flach	1. Für die Arbeit brauche ich flache Schuhe. / 2. An dieser Stelle ist der See sehr flach.	40
B1	Fläche	die	die Fläche, -n	Unsere Wohnung hat eine Wohnfläche von 100 m².	40
B1	Flasche	die	die Flasche, -n	1. Wo kann man die leeren Flaschen zurückgeben? / 2. Eine Flasche Bier bitte.	40
B1	Fleck	der	der Fleck, -en	Du hast einen Fleck auf der Bluse.	40
B1	Fleisch	das	das Fleisch	Fleisch mag ich nicht.	40
B1	Fleischhauer	der	der Fleischhauer, -	Dieser Fleischhauer macht sehr gute	40
B1	Fleischhauerin	die	die Fleischhauerin, -nen	Wurst.	40
B1	(A)		(A) →Metzger		40
B1	fleißig		fleißig	Pamela ist wirklich fleißig. Sie macht immer ihre Hausaufgaben.	40
B1	flexibel		flexibel	Meine Arbeitszeit ist flexibel.	41
B1	fliegen		fliegen, fliegt, flog, ist geflogen	1. Der Vogel ist auf einen Baum geflogen. / 2. Diese Maschine fliegt direkt nach New York. / 3. Ich bin nach Berlin geflogen.	41
B1	fliehen		fliehen, flieht, floh, ist geflohen	Der Einbrecher ist sofort geflohen.	41
B1	Flucht	die	die Flucht	Der Einbrecher war schon auf der Flucht.	41
B1	fließen		fließen, fließt, floss, ist	Dieser Fluss fließt in die Nordsee.	41
B1	geflossen		geflossen		41
B1	fließend		fließend	1. Mein Kollege spricht fließend Deutsch. / 2. Zimmer mit fließendem Wasser.	41
B1	Flohmarkt	der	der Flohmarkt, ¨-e	Diesen Hut habe ich am Flohmarkt gekauft.	41
B1	Flöte	die	die Flöte, -n	Sie spielt sehr schön Flöte.	41
B1	Flug	der	der Flug, ¨-e	Ich habe den Flug für Sie gebucht.	41
B1	Flughafen	der	der Flughafen, ¨-	Der Flughafen liegt 30 km außerhalb der Stadt.	41
B1	Flugzeug	das	das Flugzeug, -e	Das Flugzeug ist gerade gelandet.	41
B1	Flur	der	der Flur, -e →Gang; D, CH: Korridor	Wir warten draußen im Flur.	41
B1	Fluss	der	der Fluss, ¨-e	Wie heißt dieser Fluss?	41
B1	Flüssigkeit	die	die Flüssigkeit, -en	Dieses Medikament mit viel Flüssigkeit einnehmen.	41
B1	folgen		folgen, folgt, folgte, ist gefolgt	1. Es folgen die Nachrichten. / 2. Folgen Sie der Reiseleiterin.	41
B1	Folge	die	die Folge, -n	Die Folgen des Unfalls waren schlimm.	41
B1	folgend		folgend	1. Mehr Informationen auf den folgenden Seiten. / 2. Das Geschäft hat folgende Angebote: …	41
B1	fordern		fordern, fordert, forderte, hat gefordert	Die Arbeitnehmer fordern mehr Geld.	41
B1	Forderung	die	die Forderung, -en	Alle Forderungen der Arbeitnehmer kann man in dieser E-Mail lesen.	41
B1	fördern		fördern, fördert, förderte, hat gefördert	Die Stadt fördert viele Sportprojekte.	41
B1	Förderung	die	die Förderung, -en	Für das Projekt bekommen wir eine Förderung von der Stadt.	41
B1	Form	die	die Form, -en	1. Diese Schuhe haben eine schöne Form. / 2. Ich möchte für den Geburtstag einen Kuchen backen. Kannst du mir eine Backform leihen?	41
B1	Formular	das	das Formular, -e	Füllen Sie bitte dieses Formular aus.	41
B1	Forschung	die	die Forschung, -en	Er arbeitet in der Forschung.	41
B1	Fortbildung	die	die Fortbildung, -en	Die Fortbildung, die ich machen will, ist sehr teuer.	41
B1	Fortschritt	der	der Fortschritt, -e	Ich habe beim Deutschlernen große Fortschritte gemacht.	41
B1	fortsetzen		fortsetzen, setzt fort, setzte fort, hat fortgesetzt	Wir setzen die Behandlung am nächsten Donnerstag um 11 Uhr fort.	41
B1	Fortsetzung	die	die Fortsetzung, -en	Fortsetzung folgt.	41
B1	Forum	das	das Forum, Foren	Ich melde mich heute bei diesem	41
B1	(Internetforum)		(Internetforum)	Forum an.	41
B1	fotografieren		fotografieren, fotografiert, fotografierte, hat fotografiert	Ich fotografiere gern.	41
B1	Foto	das	das Foto, -s	Können Sie dieses Foto vergrößern?	41
B1	Fotoapparat	der	der Fotoapparat, -e	Ich möchte mir einen Fotoapparat kaufen.	41
B1	Fotograf	der	der Fotograf, -en	Die Fotografin hat sehr schöne Fotos gemacht.	41
B1	Fotografie	die	die Fotografie, -n	Ich interessiere mich für Fotografie.	41
B1	fragen		fragen, fragt, fragte, hat gefragt	1. Darf ich Sie etwas fragen? / 2. Hat jemand nach mir gefragt? / 3. Ich frage mich, ob das richtig war.	41
B1	Frage	die	die Frage, -n	1. Ich habe Ihre Frage leider nicht verstanden. / 2. Das kommt gar nicht infrage!	41
B1	Frau	die	die Frau, -en	1. In meinem Deutschkurs sind mehr Frauen als Männer. / 2. Ist Ihre Frau berufstätig? / 3. Guten Tag, Frau Müller!	41
B1	frech		frech	Du darfst in der Schule nicht so frech sein.	41
B1	frei		frei	1. Ist dieser Platz noch frei? / 2. Morgen haben wir frei. / 3. Eintritt frei. / 4. Ich trinke nur alkoholfreies Bier. / 5. Dieses Medikament ist rezeptfrei. / 6. Die Schüler können die Arbeitszeit frei wählen.	41
B1	im Freien		im Freien	Wir wollen heute im Freien übernachten.	41
B1	Freiheit	die	die Freiheit	Wir wollen die Freiheit haben, unsere Meinung sagen zu können.	41
B1	Freizeit	die	die Freizeit	In meiner Freizeit höre ich gern Musik.	41
B1	freiwillig		freiwillig	Manchmal bleibe ich freiwillig länger im Büro.	42
B1	fremd		fremd	1. Ich reise gern in fremde Länder. / 2. Ich bin fremd hier.	42
B1	fressen		fressen, frisst, fraß, hat gefressen	Hat der Hund schon etwas zu fressen bekommen?	42
B1	freuen		sich freuen, freut sich, freute sich, hat sich gefreut	1. Es freut mich, dass alles so gut geklappt hat. / 2. Ich habe mich über Ihr Geschenk sehr gefreut. / 3. Ich freue mich schon auf meinen nächsten Urlaub.	42
B1	Freude	die	die Freude	Diese Arbeit macht mir viel Freude.	42
B1	Freund	der	der Freund, -e	Ich sehe meine Freunde nur am Wochenende.	42
B1	freundlich		freundlich	1. Er hat uns sehr freundlich begrüßt. / 2. Der Mann ist sehr freundlich zu mir. / 3. Mit freundlichen Grüßen	42
B1	Freundschaft	die	die Freundschaft, -en	Deine Freundschaft ist mir sehr wichtig.	42
B1	Friede	der	der Friede, Frieden, -	Endlich ist hier Frieden!	42
B1	frieren		frieren, friert, fror, hat gefroren	1. Wenn Sie frieren, mache ich das Fenster wieder zu. / 2. Heute Nacht hat es gefroren.	42
B1	frisch		frisch	1. Das Brot ist noch ganz frisch. / 2. Die Handtücher sind frisch gewaschen. / 3. Ich muss mal an die frische Luft.	42
B1	Friseur	der	der Friseur, -e	1. Du siehst toll aus! Wer ist dein Friseur?	42
B1	Friseurin	die	die Friseurin, -nen (D, A) →CH: Coiffeur	2. Meine Tochter will Friseurin werden.	42
B1	Frisur	die	die Frisur, -en	Du hast eine tolle Frisur! Warst du beim Friseur?	42
B1	Frist	die	die Frist, -en	Die Frist für die Anmeldung zum Deutschkurs ist abgelaufen.	42
B1	froh		froh	1. Ich bin froh, dass alles so gut geklappt hat. / 2. Frohes Fest!	42
B1	fröhlich		fröhlich	1. Die Musik klingt fröhlich. / 2. Sie ist ein fröhlicher Mensch.	42
B1	Frucht	die	die Frucht, ¨-e	Welche Früchte kann man essen?	42
B1	Früchte		Früchte (CH) →D, A: Obst	Früchte kaufe ich am liebsten auf dem Markt.	42
B1	früh		früh	1. Hier ist schon am frühen Morgen starker Verkehr. / 2. Mein Vater arbeitet von früh bis spät. / 3. Ich bin heute sehr früh aufgestanden. / 4. Wir sind eine halbe Stunde zu früh gekommen. / 5. Wecken Sie mich bitte morgen früh um 6 Uhr.	42
B1	früher/früher-		früher/früher-	1. Früher habe ich in Berlin gewohnt. / 2. Wir nehmen den früheren Zug.	42
B1	frühstücken		frühstücken, frühstückt, frühstückte, hat gefrühstückt	Haben Sie schon gefrühstückt?	42
B1	Frühstück	das	das Frühstück	1. Wir sitzen gerade beim Frühstück. / 2. Sollen wir Ihnen das Frühstück aufs Zimmer bringen?	42
B1	fühlen		fühlen, fühlt, fühlte, hat gefühlt	1. Wie fühlen Sie sich? - Danke, ich fühle mich wohl. / 2. Fühl mal, ob das Wasser nicht zu heiß ist.	42
B1	führen		führen, führt, führte, hat geführt	1. Der Lehrer führt seine Schüler durch das Museum. / 2. Frau Meyer führt den Betrieb schon seit zehn Jahren. / 3. Nach 20 Minuten führte unsere Mannschaft 2 : 0. / 4. Die Straße führt direkt zum Bahnhof.	42
B1	Führerausweis	der	der Führerausweis, -e (CH) →D, A: Führerschein	Hast du einen Führerausweis?	42
B1	Führerschein	der	der Führerschein, -e (D, A) →CH: Führerausweis	1. Hast du einen Führerschein? / 2. Ich habe vor einem halben Jahr den Führerschein gemacht.	42
B1	Führung	die	die Führung, -en	1. Die nächste Führung beginnt um 15 Uhr. / 2. Bayern München liegt in Führung.	42
B1	Fundbüro	das	das Fundbüro, -s	Sie haben Ihren Schirm verloren. Da fragen Sie am besten im Fundbüro.	42
B1	funktionieren		funktionieren, funktioniert, funktionierte, hat funktioniert	1. Können Sie mir bitte mal zeigen, wie der Automat funktioniert? / 2. Unsere Ehe funktioniert nicht mehr.	42
B1	für		für	1. Ist Post für mich da? / 2. Ich habe die Schlüssel für meine Wohnung verloren. / 3. Gibt es hier einen Sportverein für Jugendliche? / 4. Diese alten Möbel haben wir für 100 Euro bekommen. / 5. Für einen Anfänger spielt er schon sehr gut Klavier. / 6. Du kannst nicht einkaufen gehen? Ich kann es für dich machen. / 7. Für mich ist das ein schwerer Fehler. / 8. Wir haben die Wohnung für ein Jahr gemietet.	42
B1	furchtbar		furchtbar	1. Dennis hat furchtbare Schmerzen. / 2. Das war mir furchtbar unangenehm.	43
B1	fürchten		(sich) fürchten, fürchtet, fürchtete, hat gefürchtet	Sie fürchtet sich vor Schlangen.	43
B1	Fuß	der	der Fuß, ¨-e	1. Er hat sich den linken Fuß gebrochen. / 2. Sind Sie zu Fuß gekommen?	43
B1	Fußball	der	der Fußball, ¨-e	1. Spielt ihr gerne Fußball? / 2. Jonas wünscht sich zu Weihnachten einen neuen Fußball.	43
B1	Fußgänger	der	der Fußgänger, -	Dieser Weg ist nur für Fußgänger.	43
B1	Fußgängerin	die	die Fußgängerin, -nen		43
B1	Fußgängerzone	die	die Fußgängerzone, -n	Wir treffen uns um 15 Uhr in der Fußgängerzone.	43
B1	füttern		füttern, füttert, fütterte, hat gefüttert	Es ist im Zoo nicht erlaubt, die Tiere zu füttern.	43
B1	Gabel	die	die Gabel, -n	Wir brauchen bitte noch eine Gabel.	43
B1	Galerie	die	die Galerie, -n	Diese Galerie ist sehr interessant.	43
B1	Gang	der	der Gang, ¨-e	1. Wir warten draußen im Gang. ( → D, CH: Korridor; D: Flur) / 2. Schalten Sie bitte jetzt in den dritten Gang. / 3. Was möchten Sie als ersten Gang? / Suppe oder Salat?	43
B1	ganz		ganz	1. Ich habe den ganzen Tag noch nichts gegessen. / 2. Den Zahnarzttermin habe ich ganz vergessen. / 3. Ich finde Janis ganz nett. / 4. Am Montag ist hier Ruhetag. Das weiß ich ganz sicher. / 5. Gott sei Dank ist meine Brille noch ganz.	43
B1	gar		gar	1. Die Kartoffeln sind noch nicht gar. / 2. Du räumst nie dein Zimmer auf. – Das ist gar nicht wahr.	43
B1	Garage	die	die Garage, -n	Hier ist eine Garage zu vermieten.	43
B1	garantieren		garantieren, garantiert, garantierte, hat garantiert	Ich kann Ihnen nicht garantieren, dass das Gerät nächste Woche fertig ist.	43
B1	Garantie	die	die Garantie	Auf die Waschmaschine haben Sie ein Jahr Garantie.	43
B1	Garderobe	die	die Garderobe, -n	1. Die Mäntel bitte an der Garderobe abgeben. / 2. Bitte, achten Sie auf Ihre Garderobe.	43
B1	Garten	der	der Garten, ¨-	Wir haben einen schönen großen Garten.	43
B1	Gas	das	das Gas	1. Wir kochen mit Gas. / 2. Gib Gas! Die Ampel ist grün.	43
B1	Gast	der	der Gast, ¨-e	1. Wir haben heute Abend Gäste. / 2. Der Gast hat sich über das Essen beschwert.	43
B1	Gasthaus	das	das Gasthaus, ¨-er (A)	Gehen wir noch in ein Gasthaus ein Bier trinken?	43
B1	Gaststätte	die	die Gaststätte, -n (D)	Ich arbeite seit einem Monat in einer Gaststätte.	43
B1	Gebäude	das	das Gebäude, -	In diesem Gebäude sind nur Büros.	43
B1	geben		geben, gibt, gab, hat gegeben	1. Geben Sie mir bitte eine Quittung! / 2. Können Sie mir etwas zum Schreiben geben? / 3. Der Arzt hat mir eine Spritze gegeben. / 4. Was gibt es im Fernsehen? / 5. Es gibt bald Regen.	43
B1	Gebäck	das	das Gebäck	Das Gebäck ist ganz frisch.	43
B1	Gebiet	das	das Gebiet, -e	1. In diesem Gebiet gibt es kaum Industrie. / 2. Die Zeitschrift berichtet regelmäßig über Fortschritte auf dem Gebiet der Medizin.	43
B1	Gebirge	das	das Gebirge	Wir haben unseren Urlaub im Gebirge verbracht.	43
B1	geboren werden		geboren werden, wird	Wann und wo sind Sie geboren?	43
B1	geboren		geboren, wurde geboren, ist geboren worden		43
B1	gebrauchen		gebrauchen, gebraucht, gebrauchte, hat gebraucht	1. Wir können diese Möbel gut gebrauchen. / 2. Ich habe den Wagen gebraucht gekauft. / 3. Ich suche eine gebrauchte Waschmaschine.	43
B1	Gebrauchsanweisung	die	die Gebrauchsanweisung, -en	Lesen Sie bitte zuerst die Gebrauchsanweisung.	43
B1	Gebühr	die	die Gebühr, -en	Die Gebühr liegt bei 60 Euro.	43
B1	Geburt	die	die Geburt, -en	Wir gratulieren zur Geburt eures Kindes!	43
B1	Geburtstag	der	der Geburtstag, -e	Herzlichen Glückwunsch zum Geburtstag!	43
B1	Gedicht	das	das Gedicht, -e	Kennst du ein schönes Gedicht?	43
B1	Geduld	die	die Geduld	Bitte haben Sie etwas Geduld.	43
B1	geehrt		geehrt	Sehr geehrte Damen und Herren, …	44
B1	geeignet		geeignet	Dieses Spiel ist nicht für Kinder unter drei Jahren geeignet.	44
B1	Gefahr	die	die Gefahr, -en	Betreten der Baustelle auf eigene Gefahr.	44
B1	gefährlich		gefährlich	1. Achtung, hier ist eine gefährliche Kurve! / 2. Du darfst nicht bei Rot über die Straße gehen. Das ist gefährlich.	44
B1	gefallen		gefallen, gefällt, gefiel, hat gefallen	1. Wie gefällt es Ihnen hier? / 2. Der Pullover gefällt mir gut.	44
B1	etwas gefallen lassen		sich etwas gefallen lassen, lässt sich etwas gefallen, ließ sich etwas gefallen, hat sich etwas gefallen	Das würde ich mir nicht gefallen lassen.	44
B1	lassen		lassen		44
B1	Gefängnis	das	das Gefängnis, -se	Er wurde zu fünf Jahren Gefängnis verurteilt.	44
B1	Gefühl	das	das Gefühl, -e	Ich glaube, ich schaffe die Prüfung. Ich habe ein gutes Gefühl.	44
B1	gegen		gegen	1. Ich bin gegen einen Baum gefahren. / 2. Das ist gegen die Vorschrift. / 3. Haben Sie ein Mittel gegen Grippe? / 4. Wir liefern nur gegen bar. / 5. Ich bin gegen 14 Uhr wieder da. / 6. Ich bin gegen diesen Vorschlag. / 7. Wer spielt gegen wen?	44
B1	Gegner	der	der Gegner, -	1. Sie ist eine Gegnerin von Tierversuchen. / 2. Die Mannschaft aus Frankreich war ein sehr starker Gegner.	44
B1	Gegend	die	die Gegend, -en	1. Der Schwarzwald ist eine sehr schöne Gegend. / 2. Die Schule muss hier in der Gegend sein.	44
B1	Gegensatz	der	der Gegensatz, ¨-e	1. Diese beiden Meinungen stehen in starkem Gegensatz zueinander. / 2. Im Gegensatz zu ihm ist sein Vater ziemlich klein.	44
B1	Gegenstand	der	der Gegenstand, ¨-e	1. Ich schließe meine persönlichen Gegenstände im Schwimmbad lieber in ein Fach ein. / 2. Eine Durchsage der Polizei: Auf der A8 liegen Gegenstände auf der Fahrbahn.	44
B1	Gegenteil	das	das Gegenteil, -e	1. Das Gegenteil von „klein“ ist „groß“. / 2. Sie ist das genaue Gegenteil von ihrem Bruder. / 3. Du bist sicher müde. – Nein, ganz im Gegenteil!	44
B1	gegenüber		gegenüber	1. Das Geschäft liegt direkt gegenüber der Post. / 2. Dem Gast gegenüber ist das Rauchen nicht höflich. / 3. Das Café liegt gegenüber vom Bahnhof.	44
B1	Gehalt	das	das Gehalt, ¨-er	Ich bin mit meinem Gehalt zufrieden.	44
B1	Geheimnis	das	das Geheimnis, -se	Das kann ich dir nicht sagen. Das ist ein Geheimnis.	44
B1	geheim		geheim	Das ist geheim. Du darfst es niemandem sagen.	44
B1	gehen		gehen, geht, ging, ist gegangen	1. Ich gehe jeden Morgen zu Fuß zur Arbeit. / 2. Meine Tochter geht noch aufs Gymnasium. / 3. Ich muss jetzt leider gehen. / 4. Ein Freund von mir geht ins Ausland. / 5. Der nächste Zug geht erst in zwei Stunden. / 6. Am Anfang ging alles ganz gut. / 7. Geht Ihre Uhr richtig? / 8. Geht das bis morgen? – Nein, das geht nicht. Ich brauche mehr Zeit. / 9. Der Mantel geht nicht mehr in den Koffer. / 10.Das Fenster geht auf die Straße. / 11. Geht es hier zum Zentrum? / 12.Wie geht es Ihnen heute? / 13.Ist das sehr teuer? – Es geht. / 14.Um was geht es denn? / 15.Warum geht das Licht nicht? / 16.Ich weiß nicht, wie das geht.	44
B1	gehören		gehören, gehört, gehörte, hat gehört	Gehört Ihnen das Haus?	44
B1	Gehsteig	der	der Gehsteig (D, A) →CH: Trottoir	Das Fahrradfahren auf dem Gehsteig ist nicht erlaubt.	44
B1	Geld	das	das Geld	1. Ich habe nicht genug Geld dabei. / 2. Sie haben mir zu viel Wechselgeld gegeben.	44
B1	Geldautomat	der	der Geldautomat, -en (D)	Ich holenochGeldvomGeldautomaten.	44
B1	Bancomat/Bankomat		Bancomat/Bankomat		44
B1	Geldbörse	die	die Geldbörse, -n (A) → Brieftasche; D, CH: Portemonnaie/Portmonee	Ich habe nur Kleingeld in meiner Geldbörse.	44
B1	Gelegenheit	die	die Gelegenheit, -en	Das Fest ist eine gute Gelegenheit, unsere Freunde zu sehen.	44
B1	gelingen		gelingen, gelingt, gelang, ist gelungen	Es ist mir gelungen, meinen Chef zu überzeugen.	44
B1	gelten		gelten, gilt, galt, hat gegolten	1. Mein Pass gilt noch ein Jahr. / 2. Bitte diesen Zettel gut aufheben: Er gilt als Garantie.	45
B1	gemeinsam		gemeinsam	1. Du musst die Wohnung renovieren? Ich helfe dir. Wir können das gemeinsam machen. / 2. Wir benutzen die Garage gemeinsam mit dem Nachbarn.	45
B1	Gemeinschaft	die	die Gemeinschaft, -en	Rauchen ist in den Gemeinschafts-räumen nicht erlaubt.	45
B1	Gemüse	das	das Gemüse	Wir kaufen das Gemüse direkt beim Bauern.	45
B1	gemütlich		gemütlich	1. Wir haben eine sehr gemütliche Wohnung. / 2. Es ist sehr gemütlich bei dir.	45
B1	genau		genau	1. Haben Sie die genaue Zeit? / 2. Sind Sie sicher, dass heute Ruhetag ist? – Ja, das weiß ich genau. / 3. Die Uhr geht genau. / 4. Es ist genau acht Uhr.	45
B1	genauso		genauso	Katarina sieht genauso aus wie ihre Schwester.	45
B1	genehmigen		genehmigen, genehmigt, genehmigte, hat genehmigt	Mein Chef hat mir sechs Wochen Urlaub genehmigt.	45
B1	Generation	die	die Generation, -en	In diesem Haus wohnen drei Generationen zusammen.	45
B1	genießen		genießen, genießt, genoss, hat genossen	1. Er kann das Essen leider nicht genießen, weil es zu scharf ist. / 2. Sie hat eine gute Ausbildung genossen.	45
B1	genug		genug	1. Es ist noch genug Suppe da. / 2. Ich habe jetzt lange genug gewartet. / 3. Ich verdiene nicht genug.	45
B1	genügen		genügen, genügt, genügte, hat genügt	Wie viele Zimmer brauchen Sie? – Mir genügt eine 2-Zimmer-Wohnung.	45
B1	Gepäck	das	das Gepäck	Ich habe mein Gepäck am Bahnhof gelassen.	45
B1	gerade		gerade	1. Das Bild hängt nicht gerade. / 2. Kannst du später noch mal anrufen? / Wir sind gerade beim Essen.	45
B1	geradeaus		geradeaus	Fahren Sie geradeaus bis zur nächsten Kreuzung.	45
B1	Gerät	das	das Gerät, -e	Ich kaufe meine Elektrogeräte immer gebraucht. Das ist viel billiger.	45
B1	gerecht		gerecht	Lass uns den Kuchen gerecht verteilen.	45
B1	Gericht	das	das Gericht, -e	1. Ich habe heute Vormittag einen Termin beim Gericht. / 2. Mein Lieblingsgericht ist Pizza.	45
B1	gering		gering	1. Unsere Mannschaft hatte nur eine geringe Chance. / 2. Wenn Sie ein geringes Einkommen haben, zahlen Sie nur wenig Steuern.	45
B1	gern/gerne		gern/gerne	1. Ich helfe Ihnen gern. / 2. Kaffee oder Tee? – Ich möchte lieber einen Tee. / 3. Am liebsten trinke ich Kaffee.	45
B1	gesamt-/Gesamt-		gesamt-/Gesamt-	1. Ich habe meine gesamten Bücher verschenkt. / 2. z. B. Gesamtgewicht, Gesamtsumme	45
B1	Geschäft	das	das Geschäft, -e	1. Die Geschäfte schließen um 18.30 Uhr. / 2. Wissen Sie, wo hier ein Schuhgeschäft ist?	45
B1	geschehen		geschehen, geschieht, geschah, ist geschehen	Vielen Dank für Ihre Hilfe. – Gern geschehen.	45
B1	Geschenk	das	das Geschenk, -e	Vielen Dank für das Geschenk.	45
B1	Geschichte	die	die Geschichte, -n	1. Ich interessiere mich nicht für Geschichte. / 2. Abends erzähle ich meinen Kindern immer eine Geschichte.	45
B1	geschieden		geschieden	Ich bin seit drei Jahren geschieden.	45
B1	Geschirr	das	das Geschirr	Für die Geburtstagsfeier brauche ich Geschirr für zwölf Personen.	45
B1	Geschlecht	das	das Geschlecht, -er	Bitte kreuzen Sie an: „Geschlecht: weiblich/männlich“.	45
B1	Geschmack	der	der Geschmack	Ich möchte bitte Kaugummi mit Erdbeergeschmack.	45
B1	Geschwindigkeit	die	die Geschwindigkeit, -en	Das Auto fuhr mit zu hoher Geschwindigkeit.	45
B1	Geschwindigkeitsbeschränkung	die	die Geschwindigkeitsbeschränkung, -en	Bitte beachten Sie die Geschwindigkeitsbeschränkungen.	45
B1	Geschwister	die	die Geschwister (Pl.)	Die Geschwister sehen sich nur selten.	45
B1	Gesellschaft	die	die Gesellschaft, -en	1. Er will die Gesellschaft verändern. / 2. Meine Frau arbeitet bei einer Versicherungsgesellschaft. / 3. Ich fühle mich in großer Gesellschaft wohl.	45
B1	Gesetz	das	das Gesetz, -e	Das Parlament hat ein neues Gesetz beschlossen.	45
B1	Gesicht	das	das Gesicht, -er	1. Wasch dir bitte das Gesicht. / 2. Mach doch kein so trauriges Gesicht!	45
B1	gespannt		gespannt	Ich bin gespannt, wer bei diesem Spiel gewinnt.	46
B1	Gespräch	das	das Gespräch, -e	1. Herr Müller ist gerade in einem Gespräch. / 2. Ich erwarte ein Gespräch aus Berlin.	46
B1	gestern		gestern	Ich bin erst gestern zurückgekommen.	46
B1	gesund		gesund	1. Ich hatte Grippe. Jetzt bin ich wieder gesund. / 2. Zu viel Zucker ist nicht gesund.	46
B1	Gesundheit	die	die Gesundheit	1. Sie müssen mehr auf Ihre Gesundheit achten. / 2. Gesundheit! Sind Sie erkältet?	46
B1	Getränk	das	das Getränk, -e	1. Besorgst du bitte die Getränke? / 2. Bitte die Getränkekarte! / 3. Mein Lieblingsgetränk ist Tomatensaft.	46
B1	Gewalt	die	die Gewalt, -en	1. Ich mag keine Filme, in denen Gewalt vorkommt. / 2. Die Tür ließ sich nur mit Gewalt öffnen.	46
B1	Gewerkschaft	die	die Gewerkschaft, -en	Die Gewerkschaft vertritt die Interessen der Arbeitnehmer.	46
B1	Gewicht	das	das Gewicht, -e	1. Wie teuer ist das Päckchen? – Das hängt vom Gewicht ab. / 2. Sie dürfen Gepäck bis zu einem Gewicht von 15 kg mitnehmen.	46
B1	gewinnen		gewinnen, gewinnt, gewann, hat gewonnen	1. Ich möchte so gern einmal im Lotto gewinnen. / 2. Unsere Mannschaft hat gewonnen.	46
B1	Gewinn	der	der Gewinn, -e	Ich habe bei einem Ratespiel mitge - macht. Der Hauptgewinn ist ein Auto.	46
B1	Gewissen	das	das Gewissen	Ich habe deinen Geburtstag vergessen. / Ich habe ein ganz schlechtes Gewissen.	46
B1	Gewitter	das	das Gewitter, -	Es wird gleich ein Gewitter geben.	46
B1	gewöhnen		gewöhnen, gewöhnt, gewöhnte, hat	1. Wir haben uns an das Leben hier gewöhnt.	46
B1	gewöhnt/ist gewöhnt		gewöhnt/ist gewöhnt	2. Ich bin daran gewöhnt, früh aufzustehen.	46
B1	Gewohnheit	die	die Gewohnheit, -en	1. Er hat die Gewohnheit, morgens zuerst die Post zu erledigen. / 2. Aus alter Gewohnheit treffen wir uns jeden Samstagabend.	46
B1	gewohnt		gewohnt	Ich bin gewohnt, früh ins Bett zu gehen.	46
B1	gewöhnlich		gewöhnlich	Um die Zeit ist er gewöhnlich zu Hause.	46
B1	Gewürz	das	das Gewürz, -e	Von den scharfen Gewürzen bekommt man Durst.	46
B1	gießen		gießen, gießt, goss, gegossen	Es hat nicht geregnet. Ich muss meine Blumen gießen.	46
B1	Gift	das	das Gift, -e	Vorsicht, das Gift dieser Pflanze ist für Menschen gefährlich!	46
B1	giftig		giftig	Vorsicht, das ist giftig!	46
B1	Gitarre	die	die Gitarre, -n	Ich spiele seit drei Jahren Gitarre.	46
B1	die/das Glace/Glacé		die/das Glace/Glacé, -n	Zum Dessert gibt es Schokoladenglace.	46
B1	(CH)		(CH) →D, A: Eis		46
B1	Glas	das	das Glas, ¨-er	1. Vorsicht, die Kanne ist aus Glas! / 2. Eine Flasche Mineralwasser und zwei Gläser bitte! / 3. Ein Glas Bier bitte.	46
B1	glatt		glatt	Fahr vorsichtig! Es ist glatt.	46
B1	glauben		glauben, glaubt, glaubte, hat geglaubt	1. Ich glaube, der Chef ist heute nicht im Büro. / 2. Er glaubt mir nicht, dass ich schon um 8 Uhr hier war. / 3. Glaubst du an Zufälle?	46
B1	gleich		gleich	1. Ich komme gleich. / 2. Wir sind gleich alt. / 3. Es ist mir ganz gleich, was Sie von mir denken. / 4. Wir haben das gleiche Hemd an.	46
B1	gleichfalls		gleichfalls	Schöne Feiertage! – Danke, gleichfalls.	46
B1	gleichberechtigt		gleichberechtigt	Mann und Frau sind gleichberechtigt.	46
B1	gleichzeitig		gleichzeitig	Ich kann nicht alles gleichzeitig machen.	46
B1	Gleis	das	das Gleis, -e	Der Zug fährt heute von Gleis 7 ab.	46
B1	Glück	das	das Glück	1. Du hast dich nicht verletzt. Da hast du Glück gehabt. / 2. Viel Glück bei der Prüfung! / 3. Es hat geregnet. Zum Glück hatte ich einen Regenschirm dabei.	46
B1	glücklich		glücklich	1. Meine Schwester hat geheiratet und ist sehr glücklich. / 2. Ich wünsche Ihnen ein glückliches neues Jahr. / 3. Ich bin glücklich verheiratet.	46
B1	Glückwunsch	der	der Glückwunsch, ¨-e	Herzlichen Glückwunsch zum Geburtstag!	46
B1	Gold	das	das Gold	Ist der Ring aus Gold? Nein, der sieht nur so aus.	46
B1	Golf		Golf, das Golfspiel	Kannst du Golf spielen?	46
B1	Gott	der	der Gott, ¨-er	1. Glaubst du an Gott? / 2. Gott sei Dank ist ihm nichts passiert.	47
B1	Grafik	die	die Grafik, -en	Die Grafik zeigt die Temperaturen im letzten Jahr.	47
B1	Gras	das	das Gras	Wir lagen den ganzen Tag im Gras.	47
B1	gratulieren		gratulieren, gratuliert, gratulierte, hat gratuliert	Ich gratuliere euch zur Geburt eurer Tochter.	47
B1	Gratulation	die	die Gratulation, -en	Herzliche Gratulation! Sie haben gewonnen!	47
B1	gratis		gratis	Diese Reparatur kostet Sie gar nichts, wir machen das gratis für Sie.	47
B1	greifen		greifen, greift, griff, hat gegriffen	Greifen Sie doch zu!	47
B1	Grenze	die	die Grenze, -n	An der Grenze musst du deinen Ausweis zeigen.	47
B1	grillen		grillen, grillt, grillte, hat gegrillt (D, A) →CH: grillieren	Heute wollen wir im Garten grillen.	47
B1	grillieren		grillieren, grilliert, grillierte, hat grilliert (CH) →D, A: grillen	Heute wollen wir im Garten grillieren.	47
B1	Grill	der	der Grill	Kannst du mir deinen Grill leihen? Wir wollen am Wochenende ein Picknick machen.	47
B1	Grippe	die	die Grippe	Ich habe eine Grippe und kann leider nicht kommen.	47
B1	groß		groß	1. Wir haben einen großen Garten. / 2. Wie groß sind Sie? / 3. Die Jacke ist mir zu groß. / 4. Wenn die Kinder groß sind, haben wir wieder mehr Zeit. / 5. Ich habe keinen großen Hunger.	47
B1	Groß-		Groß-	z.B. die Großeltern, die Großmutter, der Großvater	47
B1	Größe	die	die Größe, -n	1. Welche Größe haben Sie? / 2. Größe: 170 cm / 3. Haben Sie das Hemd auch in Größe 40?	47
B1	gründen		gründen, gründet, gründete, hat gegründet	Frau Bauer hat eine eigene Firma gegründet.	47
B1	Grund	der	der Grund, ¨-e	1. Sie haben Ihre Stelle gekündigt. Aus welchem Grund? / 2. Sie haben keinen Grund, sich zu beschweren.	47
B1	gründlich		gründlich	1. Ich möchte die Wohnung gründlich reinigen, bevor der Besuch kommt. / 2. Waschen Sie sich gründlich die Hände.	47
B1	Grundstück	das	das Grundstück, -e	Wir wollen ein Haus bauen und suchen ein günstiges Grundstück.	47
B1	Gruppe	die	die Gruppe, -n	Für Gruppen gibt es eine Ermäßigung.	47
B1	grüßen		grüßen, grüßt, grüßte, hat gegrüßt	1. Wer war die Frau, die du eben gegrüßt hast? / 2. Ich soll Sie von Frau Meier grüßen.	47
B1	Gruß	der	der Gruß, ¨-e	1. Schönen Gruß an Ihren Mann. / 2. Viele Grüße an Ihre Frau. / 3. Mit freundlichen Grüßen	47
B1	gucken		gucken, guckt, guckte, hat geguckt	1. Guck doch mal! Es schneit. / 2. Was bedeutet dieses Wort? – Guck doch im Wörterbuch nach.	47
B1	gültig		gültig	Mein Pass ist nur noch zwei Monate gültig.	47
B1	günstig		günstig	Ich suche eine günstige Ferienwohnung.	47
B1	gut		gut	1. Ich kenne ein gutes Lokal. / 2. Maria kann gut tanzen. / 3. Ich glaube, die Wurst ist nicht mehr gut. / 4. Mir ist heute gar nicht gut. / 5. Wir hatten im Urlaub gutes Wetter. / 6. Heute ist das Wetter wieder besser. / 7. Christine ist meine beste Freundin. / 8. Ich komme um 13 Uhr. – Gut! / 9. Guten Morgen! / 10.Ein gutes neues Jahr! / 11. Guten Appetit!	47
B1	Gymnastik	die	die Gymnastik	Ich mache jeden Morgen Gymnastik.	47
B1	Haar	das	das Haar, -e	1. Meine Freundin hat langes schwarzes Haar. / 2. Die Haare unseres Hundes liegen überall in der Wohnung.	47
B1	haben		haben, hat, hatte, hat gehabt	1. Wir haben Hunger. / 2. Heute habe ich keine Zeit. / 3. Wir haben ein neues Auto. / 4. Kann ich bitte eine Suppe haben? / 5. Unsere Wohnung hat vier Zimmer. / 6. Ich habe heute viel zu tun. / 7. Du hast es gut. Du kannst in Urlaub fahren.	47
B1	Hackfleisch	das	das Hackfleisch (D, CH) → A: Faschierte	Geben Sie mir bitte 500g Hackfleisch.	48
B1	Hafen	der	der Hafen, ¨-	Wenn du in Hamburg bist, musst du dir unbedingt den Hafen ansehen.	48
B1	hageln		hageln, hagelt, hagelte, hat gehagelt	Bei Gewitter kann es auch hageln.	48
B1	Hähnchen/Hühnchen	das	das Hähnchen/Hühnchen, - (D) →A: Hend(e)l; Poulet, -s (CH)	Zum Mittagessen gibt es Hühnchen mit Reis.	48
B1	halb		halb	1. Treffen wir uns um halb neun? / 2. Bei dieser Firma habe ich ein halbes Jahr gearbeitet. / 3. Ich gebe Ihnen die Tomaten zum halben Preis. / 4. Die Flasche ist ja noch halb voll.	48
B1	Halbpension	die	die Halbpension	Wir möchten ein Hotel mit Halbpension.	48
B1	halbtags		halbtags	Ich habe ein kleines Kind und kann nicht acht Stunden am Tag arbeiten. / Deshalb möchte ich halbtags arbeiten.	48
B1	Hälfte	die	die Hälfte, -n	1. Bitte teilt euch die Schokolade. Jeder bekommt die Hälfte. / 2. Die Hälfte vom Urlaub ist schon vorbei. / 3. Was hat der Mann gesagt? Ich habe nur die Hälfte verstanden.	48
B1	Halle	die	die Halle, -n	Die Stadt baut eine neue Sporthalle.	48
B1	Hallenbad	das	das Hallenbad, ¨-er	Sie geht jeden Tag zum Schwimmen ins Hallenbad.	48
B1	hallo		hallo	Hallo, wie geht’s? − Danke, gut, und dir?	48
B1	Hals	der	der Hals, ¨-e	1. Mir tut der Hals weh. / 2. Ich habe seit gestern Halsschmerzen.	48
B1	halt		halt	Es gibt leider keine Karten mehr. – Schade. Da kann man nichts machen. / Das ist halt so.	48
B1	haltbar		haltbar	Diese Tomaten sind mindestens 2 Wochen haltbar.	48
B1	halten		halten, hält, hielt, hat gehalten	1. Kannst du mal kurz meine Handtasche halten? / 2. Entschuldigung, hält dieser Zug auch in Darmstadt? / 3. Halten Sie bitte im Keller die Fenster geschlossen. / 4. Alle Mieter müssen sich an die Hausordnung halten. / 5. Die Stadt will einen neuen Flughafen bauen. Was halten Sie davon? / 6. Halt, Polizei! Fahren Sie bitte an den Straßenrand. / 7. Die Wurst hält sich noch ein paar Tage.	48
B1	Halt	der	der Halt	Nächster Halt ist am Südbahnhof.	48
B1	Haltestelle	die	die Haltestelle, -n	An der nächsten Haltestelle müssen wir aussteigen.	48
B1	Hammer	der	der Hammer, ¨-	Ich möchte ein Bild aufhängen. Hast du einen Hammer für mich?	48
B1	Hand	die	die Hand, ¨-e	1. Wasch dir bitte die Hände vor dem Essen. / 2. Gib mir bitte deine Hand. Wir gehen jetzt über die Straße.	48
B1	Handwerker	der	der Handwerker, -	Morgen sind bei uns die Handwerker.	48
B1	Handwerkerin	die	die Handwerkerin, -nen	Wir bekommen eine neue Badewanne.	48
B1	handeln		handeln, handelt, handelte, hat gehandelt	1. Herr Huber hat ein kleines Geschäft. Er handelt mit Obst und Gemüse. / 2. Kann ich Sie bitte mal sprechen? – Worum handelt es sich denn? / 3. Auf diesem Markt kannst du handeln und bekommst die Sachen billiger.	48
B1	Handel	der	der Handel	Der Handel mit Computern ist ein gutes Geschäft.	48
B1	Händler	der	der Händler, -	Ich gehe zum Gemüsehändler, soll ich	48
B1	Händlerin	die	die Händlerin, -nen	dir etwas mitbringen?	48
B1	Handy	das	das Handy, -s	1. Ich habe kein Festnetztelefon, aber ein Handy. / 2. Soll ich Ihnen meine Handynummer geben?	48
B1	hängen		hängen, hängt, hing/hängte, hat gehangen/gehängt	1. Das Bild hängt schief. / 2. Hast du den Anzug wieder in den Schrank gehängt?	48
B1	hart		hart	1. Das Bett im Hotel war mir zu hart. / 2. Die Brötchen sind ja ganz hart. / 3. Ich habe eine harte Woche vor mir. Ich muss jeden Tag Überstunden machen. / 4. Wir haben hart gearbeitet, um die Wohnung zu bezahlen.	48
B1	hassen		hassen, hasst, hasste, hat gehasst	1. Ich hasse Autofahren. / 2. Ich hasse es, zu spät zu kommen.	48
B1	hässlich		hässlich	1. Das ist aber eine hässliche Lampe! / 2. Dieses Kleid finde ich hässlich.	48
B1	häufig		häufig	Haben Sie häufig Kopfschmerzen? / Dann sollten Sie nicht so lange am Computer sitzen.	48
B1	Haupt-		Haupt-		48
B1	Hauptstadt	die	die Hauptstadt, ¨-e	Berlin ist die Hauptstadt von Deutschland.	48
B1	Hauptbahnhof	der	der Hauptbahnhof, ¨-e	Treffen wir uns am Hauptbahnhof?	49
B1	Haus	das	das Haus, ¨-er	1. Wir haben ein Haus gemietet. / 2. Ich komme gerade von zu Hause. / 3. Ich muss jetzt nach Hause. / 4. Paul ist nicht zu Hause.	49
B1	Hausaufgabe	die	die Hausaufgabe, -n	Kannst du mir bei den Hausaufgaben helfen?	49
B1	Hausfrau/der Hausmann	die	die Hausfrau/der Hausmann	Meine Frau ist Hausfrau und kümmert sich um die Kinder./Mein Mann ist Hausmann und kümmert sich um die Kinder.	49
B1	Haushalt	der	der Haushalt, -e	Ich kümmere mich um den Haushalt, d. h. ich putze, wasche, koche etc.	49
B1	Hausmeister	der	der Hausmeister, -	Der Hausmeister hat mir geholfen, den	49
B1	Hausmeisterin	die	die Hausmeisterin, -nen	Schrank in die Wohnung zu tragen.	49
B1	(D		(D, A) →CH: Abwart		49
B1	Haut	die	die Haut	Haben Sie eine Creme für trockene Haut?	49
B1	heben		heben, hebt, hob, hat gehoben	1. Kannst du mir helfen? Das Paket kann ich allein nicht heben. / 2. Wenn Sie für diesen Vorschlag sind, heben Sie bitte die Hand!	49
B1	Heft	das	das Heft, -e	Ich hätte gern ein Schreibheft.	49
B1	heim		heim	Ich will jetzt heim.	49
B1	Heim	das	das Heim, -e	Meine Oma wohnt in einem Seniorenheim.	49
B1	Heimat	die	die Heimat	Ich lebe jetzt hier in Deutschland. Das ist meine neue Heimat.	49
B1	heimlich		heimlich	Gestern habe ich gehört, dass mein Sohn heimlich raucht.	49
B1	Heimweh	das	das Heimweh	Ich habe oft Heimweh nach meiner Familie.	49
B1	heiraten		heiraten, heiratet, heiratete, hat geheiratet	1. Unsere Freunde heiraten nächsten Monat in Italien. / 2. Wir haben 1980 geheiratet. / 3. Meine Schwester heiratet einen Japaner.	49
B1	heiß		heiß	1. Für die Jahreszeit ist es zu heiß. / 2. Ich mache dir einen heißen Tee.	49
B1	heißen		heißen, heißt, hieß, hat geheißen	1. Wie heißen Sie? / 2. Wie heißt das auf Deutsch? / 3. Die Erklärung verstehe ich nicht. Was heißt das?	49
B1	heizen		heizen, heizt, heizte, hat geheizt	1. Wir heizen mit Öl. / 2. Ziehen Sie sich warm an. In der Halle ist nicht geheizt.	49
B1	Heizung	die	die Heizung, -en	Es ist kalt. Ist die Heizung kaputt?	49
B1	Held	der	der Held, -en	1. Er spielt gern den Helden.	49
B1	Heldin	die	die Heldin, -nen	2. Sie ist die Heldin des Tages.	49
B1	helfen		helfen, hilft, half, hat geholfen	1. Kannst du mir helfen? Ich muss nächsten Monat umziehen. / 2. Die Tabletten haben mir gut geholfen.	49
B1	Hilfe	die	die Hilfe	1. Vielen Dank für Ihre Hilfe. / 2. Haben Sie einen Kurs für Erste Hilfe gemacht? Das müssen Sie, wenn Sie den Führerschein machen wollen. / 3. Hilfe! Jemand hat mir die Handtasche gestohlen. Bitte helfen Sie mir!	49
B1	hell		hell	1. Im Sommer wird es um 5 Uhr schon hell. / 2. Mein Zimmer ist schön hell. / 3. Ich habe mir einen hellblauen Pullover gekauft.	49
B1	Hemd	das	das Hemd, -en	Nikos trägt heute ein weißes Hemd.	49
B1	Hend(e)l	das	das Hend(e)l, - (A) →D: Hähnchen/Hühnchen; CH: Poulet	Zum Mittagessen gibt es Hendl mit Reis.	49
B1	her/her-		her/her-	1. Wir haben uns lange nicht gesehen. – Ja, das ist wirklich lange her. / 2. Komm her zu mir!	49
B1	heraus-		heraus-, raus- (heraus-) finden, findet	Hast du schon rausgefunden, wann und wo man sich für den Kurs anmelden	49
B1	heraus		heraus, fand heraus, hat herausgefunden	muss?	49
B1	Herausforderung	die	die Herausforderung, -en	Das Spiel ist eine Herausforderung.	49
B1	Herd	der	der Herd, -e	In der neuen Küche fehlt noch der Herd.	49
B1	herein-		herein-, reindie Herkunft	Kommt doch herein! / Viele Leute fragen mich nach meiner Herkunft.	49
B1	Herr	der	der Herr, -en	1. Da ist ein Herr, der möchte Sie sprechen. / 2. Guten Tag, Herr Müller!	49
B1	herstellen		herstellen, stellt her, stellte her, hat hergestellt	In unserer Firma stellen wir Schokolade her.	49
B1	Hersteller	der	der Hersteller, -	Ihr Handy ist kaputt? Wir schicken es an den Hersteller zurück und lassen es reparieren.	49
B1	herunter-		herunter-, runter- (herunter-)laden, lädt	Ich habe mir Musik aus dem Internet	49
B1	herunter		herunter, lud herunter, hat heruntergeladen	(he)runtergeladen.	49
B1	(herunter-)fahren		(herunter-)fahren, fährt	Zum Schluss musst du den Computer	50
B1	herunter		herunter, fuhr herunter, hat heruntergefahren	herunterfahren.	50
B1	Herz	das	das Herz, -en	1. Ich bin ganz nervös. Mir klopft das Herz. / 2. Wir müssen Ihr Herz untersuchen.	50
B1	herzlich		herzlich	Herzlichen Glückwunsch!	50
B1	heute		heute	1. Heute kann ich etwas früher nach Hause gehen. / 2. Ab heute bleibt unser Büro nachmittags geschlossen. / 3. Frau Müller kommt heute in acht Tagen zurück. / 4. Heute kann man sich eine Welt ohne Internet nicht mehr vorstellen.	50
B1	heutig-		heutig-	Die heutigen Computer können viel mehr als noch vor ein paar Jahren.	50
B1	hier/hier-		hier/hier-	1. Hier wohne ich. / 2. Von hier hat man eine herrliche Aussicht. / 3. Hier sind die Schlüssel für meine Wohnung. Kannst Du meine Blumen gießen? / 4. Hier ist Pamela Linke. Bitte hinterlassen Sie eine Nachricht.	50
B1	hierher		hierher	Ich komme oft hierher. In diesem Café gibt es guten Kuchen.	50
B1	Himmel	der	der Himmel	Wir hatten im Urlaub so tolles Wetter. / Immer Sonne und blauer Himmel.	50
B1	(hinunter) runterwerfen		(hinunter) runterwerfen, wirft runter, warf runter, hat runtergeworfen	Kannst du mir bitte den Schlüssel runterwerfen? Ich habe meinen vergessen.	50
B1	hinten		hinten	1. Wo möchtest du sitzen? Hinten oder vorne? / 2. Bitte hinten aussteigen!	50
B1	hinter/hinter-		hinter/hinter-	1. Hinter dem Haus haben wir einen Garten. / 2. Fahren Sie Ihren Wagen bitte hinter das Haus. / 3. Auf den hinteren Plätzen kann man nicht sehr viel sehen.	50
B1	hinterlassen		hinterlassen, hinterlässt, hinterließ, hat hinterlassen	Möchten Sie eine Nachricht hinterlassen?	50
B1	hinterher		hinterher	Vor der Prüfung habe ich so viel gelernt. Hinterher habe ich vieles wieder vergessen.	50
B1	hinweisen		hinweisen, weist hin, wies hin, hat hingewiesen	Wir möchten Sie darauf hinweisen, dass das Rauchen am Bahnsteig nicht gestattet ist.	50
B1	Hinweise	der	der Hinweise, -e	Die Polizei hat viele Hinweise zum Unfall bekommen.	50
B1	historisch		historisch	Wir waren mit unserer Klasse im Historischen Museum.	50
B1	Hitze	die	die Hitze	Gestern war eine schreckliche Hitze!	50
B1	Hobby	das	das Hobby, -s	Ich habe keine Zeit mehr für meine Hobbys.	50
B1	hoch		hoch	1. Der Berg ist fast 3000 m hoch. / 2. Das Hotel liegt hoch über dem See. / 3. Die Benzinpreise sind sehr hoch.	50
B1	Höhe	die	die Höhe	1. Mein Tisch hat folgende Maße: Länge: 1,20 m, Breite: 0,60 m, Höhe: 0,80 m. / 2. Wir fliegen jetzt in 6000 m Höhe.	50
B1	hochladen		hochladen, lädt hoch, lud hoch, hat hochgeladen	Kannst du bitte die Datei für die Hausaufgabe hochladen?	50
B1	höchstens		höchstens	Ich habe wenig Zeit. Ich kann höchstens eine Viertelstunde bleiben.	50
B1	Hochzeit	die	die Hochzeit, -en	1. Claudia und Peter wollen ihre Hochzeit groß feiern. / 2. Zu dieser Hochzeit kommen mehr als fünfzig Gäste.	50
B1	Hof	der	der Hof, ¨-e	Die Kinder spielen am liebsten im Hof.	50
B1	Bauernhof	der	der Bauernhof, ¨-e	Meine Großeltern hatten einen Bauernhof.	50
B1	hoffen		hoffen, hofft, hoffte, hat gehofft	1. Ich hoffe, dass ihr zu meinem Geburtstag kommen könnt. / 2. Wir alle hoffen auf besseres Wetter.	50
B1	hoffentlich		hoffentlich	Hoffentlich hat unser Zug keine Verspätung.	50
B1	Hoffnung	die	die Hoffnung, -en	Man darf die Hoffnung nicht verlieren.	50
B1	höflich		höflich	Unser Nachbar ist sehr höflich. Er sagt immer als Erster Guten Tag.	50
B1	holen		holen, holt, holte, hat geholt	1. Soll ich uns was zu trinken holen? / 2. Warum haben Sie nicht sofort einen Arzt geholt?	50
B1	Holz	das	das Holz	Möchten Sie ein Regal aus Holz oder aus Metall?	50
B1	Honig	der	der Honig	Ich esse gern Brötchen mit Honig und Butter zum Frühstück.	50
B1	hören		hören, hört, hörte, hat gehört	1. Ich kann nicht mehr so gut hören. / 2. Ich höre jeden Tag die Nachrichten. / 3. Dieses Wort habe ich noch nie gehört. / 4. Ich habe gehört, dass Herr Müller im Krankenhaus liegt.	50
B1	Hörer	der	der Hörer, -; die Hörerin, -nen	Die Sendung hat viele Hörer und Hörerinnen.	51
B1	Zuhörer	der	der Zuhörer		51
B1	Hose	die	die Hose, -n	Können Sie die Hose etwas kürzer machen?	51
B1	Hotel	das	das Hotel, -s	Im Urlaub sind wir in einem Hotel am Meer.	51
B1	hübsch		hübsch	1. Wir haben eine hübsche Wohnung gefunden. / 2. Dietmars neue Freundin ist sehr hübsch.	51
B1	Hügel	der	der Hügel, -	Auf diesem Hügel machen wir eine Pause.	51
B1	Humor	der	der Humor	1. Wir mögen Paul, weil er so viel Humor hat. / 2. Den Humor des Komikers verstehe ich nicht.	51
B1	Hunger	der	der Hunger	Möchtest du Suppe? – Nein danke, ich habe keinen Hunger.	51
B1	hungrig		hungrig	Ich bin sehr hungrig.	51
B1	hupen		hupen, hupt, hupte, hat gehupt	Hier ist ein Krankenhaus. Hier darfst du nicht hupen.	51
B1	husten		husten, hustet, hustete, hat gehustet	Der Junge hat die ganze Nacht gehustet.	51
B1	Husten	der	der Husten	Haben Sie ein Medikament gegen Husten?	51
B1	Hut	der	der Hut, ¨-e	Sie sollten im Sommer nicht ohne Hut in die Sonne gehen.	51
B1	Hütte	die	die Hütte, -n	Wir übernachten in der Hütte auf dem Berg.	51
B1	ideal		ideal	Eine Wohnung mit Garten wäre für uns ideal.	51
B1	Idee	die	die Idee, -n	Du willst ein Picknick machen? Ich finde die Idee toll.	51
B1	illegal		illegal	Ohne Steuerkarte zu arbeiten ist illegal. Wenn es herauskommt, musst du Strafe zahlen.	51
B1	Imbiss	der	der Imbiss, -e (D) →A: Jause, CH: Znüni/Zvieri	Es ist Zeit für einen kleinen Imbiss.	51
B1	immer		immer	1. Frau Bast kommt immer zu spät. / 2. Mein Kollege liegt immer noch im Krankenhaus. / 3. Die Schmerzen werden immer schlimmer.	51
B1	Import	der	der Import, -e	1. Im dritten Stock ist die Firma Schmidt & Co, Import und Export. / 2. Der Import von Zigaretten ist nur bis zu einer bestimmten Menge erlaubt.	51
B1	in		in	1. Ich wohne in Frankfurt. / 2. Meine Wohnung ist im dritten Stock. / 3. Wollen wir heute ins Einkaufszentrum gehen? / 4. Rufen Sie bitte in fünf Minuten noch einmal an. / 5. Im Mai war ich in Urlaub. (D) (A: auf) / 6. Wir sind in einer schwierigen Lage. / 7. Meine Tochter kommt nächstes Jahr ins Gymnasium. (A) (D: aufs)	51
B1	indem		indem	Du kannst die Datei öffnen, indem du hier klickst.	51
B1	individuell		individuell	Die Lehrerin versucht, jedes Kind individuell zu fördern.	51
B1	Industrie	die	die Industrie, -n	In dieser Gegend gibt es viel Industrie.	51
B1	Infektion	die	die Infektion, -en	Sie haben eine Infektion. Sie müssen Tabletten nehmen.	51
B1	informieren		informieren, informiert, informierte, hat informiert	1. Wir informieren Sie rechtzeitig über die neuen Prüfungstermine. / 2. Du musst dich vor der Reise genau über die Bedingungen informieren.	51
B1	Information	die	die Information, -en	1. Bitte lesen Sie diese Informationen genau. / 2. Wenn Sie Fragen haben, gehen Sie zur Information.	51
B1	Ingenieur	der	der Ingenieur, -e	Hans will Bauingenieur werden.	51
B1	Inhalt	der	der Inhalt, -e	Geben Sie den Inhalt der Packung in einen Liter kochendes Wasser.	51
B1	inklusive		inklusive	Der Zimmerpreis ist inklusive Frühstück.	51
B1	innen		innen	Der Lichtschalter ist innen links.	51
B1	inner-		inner-	Wir müssen Sie untersuchen. Es kann sein, dass Sie innere Verletzungen haben.	51
B1	innerhalb		innerhalb	1. Diese Fahrkarte gilt nur innerhalb der Stadt. / 2. Nach dem Umzug müssen Sie sich innerhalb einer Woche ummelden.	51
B1	Insel	die	die Insel, -n	Ich würde dieses Mal gern auf einer Insel Ferien machen.	52
B1	Inserat	das	das Inserat, -e	Was kostet ein Inserat in der Zeitung?	52
B1	insgesamt		insgesamt	Insgesamt haben sich 20 Teilnehmer für die Prüfung angemeldet.	52
B1	installieren		installieren, installiert, installierte, hat installiert	Können Sie mir helfen, meinen Computer zu installieren?	52
B1	Institut	das	das Institut, -e	Ich besuche einen Sprachkurs in einem kleinen Sprachinstitut.	52
B1	Instrument	das	das Instrument, -e	Ich spiele Klavier. Spielen Sie auch ein Musikinstrument?	52
B1	integrieren		integrieren, integriert, integrierte, hat integriert	1. Sie ist schon sehr gut im Team integriert. / 2. Die Leute aus dem Ausland sollen besser integriert werden.	52
B1	Integration	die	die Integration, -en	Gute Deutschkenntnisse sollen bei der Integration helfen.	52
B1	intelligent		intelligent	Maria ist sehr intelligent. Sie kann sehr gut rechnen.	52
B1	Intelligenz	die	die Intelligenz	Meine Kinder haben in der Schule einen Intelligenztest gemacht.	52
B1	intensiv		intensiv	Ich möchte intensiv Deutsch lernen.	52
B1	Intensivkurs	der	der Intensivkurs, -e	Der Intensivkurs findet täglich von 9 bis 12 Uhr statt.	52
B1	interessieren		interessieren, interessiert, interessierte, hat interessiert	1. Das Thema Kindererziehung interessiert mich sehr. / 2. Ich interessiere mich sehr für Fußball.	52
B1	interessant		interessant	1. Ich habe einen interessanten Bericht gelesen. / 2. Den Artikel über Brasilien finde ich sehr interessant.	52
B1	Interesse	das	das Interesse, -n	Ich habe viele Interessen: Sport, Lesen, Handarbeit, Tanzen	52
B1	interessiert		interessiert	Mein Nachbar zieht nächsten Monat aus. Sind Sie noch an der Wohnung interessiert?	52
B1	interkulturell		interkulturell	Wir haben in der Sprachschule ein interkulturelles Fest gefeiert.	52
B1	international		international	1. Die Teilnehmenden in unserem Kurs sind ganz international: Silvana kommt aus Italien, Conchi aus Spanien, Yin aus China … / 2. Der Professor war international bekannt.	52
B1	Interview	das	das Interview, -s	Ich habe im Fernsehen ein interessantes Interview mit zwei Schauspielern gesehen.	52
B1	inzwischen		inzwischen	Herr Müller kommt gleich zurück. Sie können inzwischen in seinem Büro warten.	52
B1	irgend-		irgend-		52
B1	irgendein		irgendein	Was für einen Saft möchten Sie? – Ganz egal, irgendeinen.	52
B1	irgendwann		irgendwann	Ich habe Sie irgendwann schon mal gesehen.	52
B1	irren		sich irren, irrt sich, irrte sich, hat sich geirrt	1. Du irrst dich. Das Auto war nicht grün, sondern rot. / 2. Ich habe mich in der Hausnummer geirrt.	52
B1	ja		ja	1. Sind Sie verheiratet? – Ja. / 2. Hallo? – Ja, bitte? Wer spricht denn da? / 3. Denk bitte daran, die Tür abzuschließen. – Ja, ja, mach´ ich. / 4. Heute Morgen um fünf hat es geschneit. – Ja, wirklich? / 5. Ich würde ja gern kommen, aber es geht wirklich nicht. / 6. Du weißt ja, dass ich kein Bier trinke. / Gib mir bitte einen Tee. / 7. Du bist hier in Berlin? – Das ist ja eine Überraschung. / 8. Steige bitte ja nicht auf den Stuhl!	52
B1	Jacke	die	die Jacke, -n	Zieh dir eine Jacke an. Es ist kalt.	52
B1	Jause	die	die Jause, -n (A) →D: Imbiss; CH: Znüni/Zvieri	Es ist Zeit für eine kleine Jause.	52
B1	je		je	1. Die Pullover kosten je nach Qualität zwischen 40 und 60 Euro. / 2. Fahren Sie im Juni oder im Juli? – Je nachdem, wann mein Mann Urlaub bekommt.	52
B1	je … desto …		je … desto …	Je länger ich Deutsch lerne, desto besser kann ich es verstehen.	52
B1	Jeans	die	die Jeans (Pl.)	Nicht nur junge Leute tragen Jeans.	52
B1	jeder		jeder, jedes, jede	1. Das Restaurant hat jeden Tag geöffnet. / 2. Jedes Kind bekommt ein Spiel. / 3. Die Prospekte bekommen Sie in jedem Reisebüro. / 4. Im Supermarkt gibt es keine Schmerztabletten. Das weiß doch jeder.	52
B1	jederzeit		jederzeit	Sie können mich jederzeit anrufen.	53
B1	jedes Mal		jedes Mal	Inge erzählt die Geschichte jedes Mal anders.	53
B1	jedoch		jedoch	Sie ruft immer wieder an, jedoch ohne Erfolg.	53
B1	jemals		jemals	Hast du jemals von dem Problem gehört? – Nein, nie.	53
B1	jemand		jemand	1. Hat jemand einen Bleistift für mich? / 2. Kennst du jemand, der mir ein Fahrrad leihen kann?	53
B1	jetzt		jetzt	1. Ich muss jetzt gehen. / 2. Bis jetzt hat alles gut geklappt. / 3. Ab jetzt werde ich wieder öfter ins Fitness-Studio gehen. / 4. Ich habe jetzt schon dreimal bei meinem Bruder angerufen. Aber er ist nie da. / 5. Über viele Dinge denke ich jetzt anders als früher.	53
B1	jeweils		jeweils	Der Kurs findet jeweils montags und donnerstags um 18 Uhr statt.	53
B1	Journalist	der	der Journalist, -en	Meine Tochter möchte Journalistin	53
B1	Journalistin	die	die Journalistin, -nen	werden.	53
B1	Jugend	die	die Jugend	In meiner Jugend habe ich mich sehr für Musik interessiert.	53
B1	Jugendliche	der	der Jugendliche, -n	1. Die Jugendlichen gehen gerne in die	53
B1	Jugendliche	die	die Jugendliche, -nen	Disko. / 2. Der Eintritt ist für Kinder und Jugendliche bis 16 Jahre frei.	53
B1	Jugendherberge	die	die Jugendherberge, -n	Wo habt ihr übernachtet? – In einer Jugendherberge.	53
B1	jung		jung	1. Für diesen Film bist du noch zu jung. / 2. Meine Mutter ist jung geblieben. / 3. Claudia ist 21. – Was? Noch so jung? / 4. Ich habe sehr jung geheiratet. / 5. Bei uns im Haus wohnen viele junge Leute. / 6. Mein Bruder ist zehn Jahre jünger als ich. / 7. Ich bin in unserer Familie die Jüngste.	53
B1	Junge	der	der Junge, -n (D) →A, CH: Bub	In der Schulklasse sind 15 Jungen und 10 Mädchen.	53
B1	Kabel	das	das Kabel, -	1. Wo ist das Kabel für das Aufnahmegerät? / 2. Mit Kabel bekommen Sie über 30 Fernsehkanäle.	53
B1	Kabine	die	die Kabine, -n	Um zu wählen, gehen Sie bitte in diese Kabine.	53
B1	Kaffee	der	der Kaffee	1. Bring bitte noch eine Packung Kaffee mit. / 2. Zum Frühstück trinke ich gerne Kaffee. / 3. Wir sind bei Müllers zum Kaffee eingeladen. / 4. Einen Kaffee, bitte.	53
B1	Kaffeehaus	das	das Kaffeehaus, ¨-er (A)	Hier in der Nähe ist ein Kaffeehaus. / Lass uns einen Kaffee trinken.	53
B1	Kakao	der	der Kakao, -s	Zum Frühstück trinke ich immer einen Kakao.	53
B1	Kalender	der	der Kalender, -	1. Ich habe den Termin in meinem Kalender notiert. / 2. Haben Sie am Montag Zeit? – Moment. / Ich muss erst in meinem Terminkalender nachschauen.	53
B1	kalt		kalt	1. Es ist kalt heute. / 2. Du hast ja ganz kalte Hände. / 3. Das Mittagessen ist kalt geworden. / 4. Abends essen wir immer kalt. / 5. Wir hatten einen kalten Winter. / 6. Mir ist kalt. Mach bitte die Heizung an.	53
B1	Kälte	die	die Kälte	Bei dieser Kälte fahre ich nicht mit dem Fahrrad.	53
B1	Kamera	die	die Kamera, -s	Ich habe eine ganz neue Kamera.	53
B1	kämpfen		kämpfen, kämpft, kämpfte, hat gekämpft	Die Frauen kämpfen für mehr Rechte.	53
B1	Kampf	der	der Kampf, ¨-e	Im Schulbus gibt es immer einen Kampf um die Sitzplätze.	53
B1	Kanal	der	der Kanal, ¨-e	Mit Kabel bekommen Sie über 30 Fernsehkanäle.	53
B1	Kandidat	der	der Kandidat, -en	Wie viele Kandidaten kommen zur Prüfung?	53
B1	Kanne	die	die Kanne, -n	1. Das ist aber eine schöne Teekanne. – Ja, die ist aus China. / 2. Bitte einen Kaffee! – Eine Tasse oder ein Kännchen?	53
B1	Kantine	die	die Kantine, -n	In unserer Kantine kann man günstig essen.	53
B1	Kapitel	das	das Kapitel, -	Die Lehrerin hat gesagt, wir sollen zwei Kapitel im Buch wiederholen.	53
B1	kaputt		kaputt	1. Unsere Waschmaschine ist kaputt. / 2. Ich bin noch ganz kaputt von der Reise.	54
B1	kaputtgehen		kaputtgehen	1. Pass bitte mit diesem Glas auf. Es geht leicht kaputt. / 2. Der Fernseher ist gestern kaputtgegangen.	54
B1	kaputtmachen		kaputtmachen	Wer hat die Lampe kaputtgemacht?	54
B1	Karneval	der	der Karneval, -s/-e (D) → D, A: Fasching; CH: Fasnacht	Dort hängt mein Kostüm für den Karnevals(um)zug.	54
B1	Karotte	die	die Karotte, -n →D: Möhre; CH: Rüebli	Hasen fressen gern Karotten.	54
B1	Karriere	die	die Karriere, -n	Mein Bruder hat große Pläne. Er will Karriere machen.	54
B1	Karte	die	die Karte, -n	1. Schreibst du mir eine Karte aus dem Urlaub? / 2. Diese Karte gilt nur für die 2. Klasse. / 3. Hast du schon die Karten für das Konzert abgeholt? / 4. Haben Sie eine Karte von Norddeutschland? / 5. Herr Ober, bitte die Speisekarte. / 6. Spielen Sie Karten?	54
B1	Chipkarte	die	die Chipkarte, -n	Ich habe eine Chipkarte für diesen Automaten.	54
B1	Fahrkarte	die	die Fahrkarte, -n →CH: Billett	Fahrkarten können Sie am Schalter kaufen.	54
B1	Kartoffel	die	die Kartoffel, -n →A: Erdapfel	Kann ich bitte noch Kartoffeln bekommen?	54
B1	Käse	der	der Käse	Möchtest du Käse aufs Brot?	54
B1	Kasse	die	die Kasse, -n	Zahlen Sie bitte an der Kasse.	54
B1	Kassette	die	die Kassette, -n	Meine Eltern besitzen noch viele Musikkassetten.	54
B1	Kasten	der	der Kasten, ¨- (D) →Kiste	Ich habe zwei Kästen Bier gekauft.	54
B1	Kasten	der	der Kasten, ¨- (A, CH) →D, CH: Schrank	Die Handtücher liegen im Kasten.	54
B1	Katalog	der	der Katalog, -e	Ich habe mir ein Kleid aus dem Katalog bestellt.	54
B1	Katastrophe	die	die Katastrophe, -n	Der Urlaub war eine Katastrophe. Es hat nur geregnet.	54
B1	(sich etwas) kaufen		(sich etwas) kaufen, kauft, kaufte, hat gekauft	1. Im Supermarkt kauft man sehr günstig ein. / 2. Ich habe mir einen Pullover gekauft.	54
B1	Kauf	der	der Kauf	Der neue Esstisch war ein guter Kauf.	54
B1	Käufer	der	der Käufer, -	Ich habe schon einen Käufer für den	54
B1	Käuferin	die	die Käuferin, -nen	alten Tisch.	54
B1	kaum		kaum	1. Ich kann Sie kaum verstehen. Bitte sprechen Sie lauter. / 2. Es hat letzte Woche kaum geregnet. / 3. Die Fahrt hat nicht lange gedauert. / Kaum 20 Minuten.	54
B1	kein-		kein-	1. Ich habe leider heute keine Zeit. / 2. Jetzt habe ich noch keinen Hunger. / 3. Ich habe keine Kinder. / 4. Was für ein Auto haben Sie? – Ich habe keins.	54
B1	Keller	der	der Keller, -	Unser Keller ist nicht besonders groß.	54
B1	Kellner	der	der Kellner,-	Ich bin Kellnerin von Beruf.	54
B1	Kellnerin	die	die Kellnerin, -nen →D, A: Ober; CH: Serviceangestellter		54
B1	kennen		kennen, kennt, kannte, hat gekannt	1. Kennen Sie hier in der Nähe ein gemütliches Café? / 2. Kennen Sie diese Frau? – Nein, leider nicht. / 3. Kennen Sie Berlin? – Ja, eine tolle Stadt.	54
B1	kennenlernen		kennenlernen, lernt	1. Wo habt ihr euch kennengelernt?	54
B1	kennen		kennen, lernte kennen, hat kennengelernt	2. Ich möchte gern reisen und andere Länder kennenlernen.	54
B1	Kenntnisse	die	die Kenntnisse (Pl.)	1. In vielen Berufen braucht man heute Sprachkenntnisse. / 2. Ich möchte meine Deutschkenntnisse verbessern.	54
B1	Kennzeichen	das	das Kennzeichen, -	Das Auto hat ein Schweizer Kennzeichen.	54
B1	Kerze	die	die Kerze, -n	Für den Geburtstagstisch brauchen wir viele Blumen und Kerzen.	54
B1	Kette	die	die Kette, -n	Ich habe zum Geburtstag eine goldene Kette bekommen.	54
B1	Kind	das	das Kind, -er	1. Mein Bruder hat zwei Kinder. / 2. Wir haben ein Kind bekommen. / 3. Die Kinder spielen Fußball.	54
B1	Kindergarten	der	der Kindergarten, ¨-	Morgens bringe ich meinen Sohn in den Kindergarten.	54
B1	Kindheit	die	die Kindheit	In meiner Kindheit war ich oft auf dem Land bei meinen Großeltern.	54
B1	Kino	das	das Kino, -s	Wollen wir ins Kino gehen?	54
B1	Kiosk	der	der Kiosk, -e	Zeitungen bekommst du am Kiosk.	54
B1	Kirche	die	die Kirche, -n	Diese Kirche ist aus dem 12. Jahrhundert.	54
B1	Kiste	die	die Kiste, -n (A, D) →D: Kasten	Ich habe zwei Kisten Bier gekauft.	55
B1	Kissen	das	das Kissen, -	Ohne Kopfkissen kann ich nicht schlafen.	55
B1	klagen		klagen, klagt, klagte, hat geklagt	Sie klagt über Kopfschmerzen.	55
B1	klappen		klappen, klappt, klappte, hat geklappt	Wie war die Reise? – Gut. Es hat alles prima geklappt.	55
B1	klar		klar	1. Sie müssen noch mehr Deutsch lernen. – Ja, das ist mir klar. / 2. Kommst du mit? – Klar! / 3. Ich komme zu deinem Geburtstag, das ist doch klar. / 4. Leider haben wir bei der Bahn keine klare Auskunft bekommen.	55
B1	klären		klären, klärt, klärte, hat geklärt	Ich hoffe, wir können dieses Problem bald klären.	55
B1	klasse		klasse	Ich finde unseren Lehrer klasse.	55
B1	Klasse	die	die Klasse, -n	1. In der Klasse sind 24 Schülerinnen und Schüler. / 2. Im Herbst komme ich in die 7. Klasse. / 3. Einmal nach Frankfurt, 1. Klasse, bitte.	55
B1	Klassenarbeit	die	die Klassenarbeit, -en (D) →A: Schularbeit	Mein Sohn schreibt bei Klassenarbeiten immer gute Noten.	55
B1	Klavier	das	das Klavier, -e	Meine Tochter möchte Klavier spielen lernen.	55
B1	kleben		kleben, klebt, klebte, hat geklebt	1. Die Briefmarke klebt nicht mehr. / 2. Ich klebe Ihnen ein Pflaster darauf.	55
B1	Kleid	das	das Kleid, -er	Ich habe mir ein neues Kleid gekauft.	55
B1	Kleidung	die	die Kleidung	Hier brauchen Sie auch im Sommer warme Kleidung.	55
B1	klein		klein	1. Unsere Wohnung ist klein. / 2. Unser Kind ist noch klein. / 3. Wir machen am Sonntag einen kleinen Ausflug.	55
B1	klettern		klettern, klettert, kletterte, ist geklettert	Die Kinder sind auf den Baum geklettert.	55
B1	klicken		klicken, klickt, klickte, hat geklickt	Wenn du die Datei öffnen willst, musst du mit der Maus zweimal klicken.	55
B1	Klick	der	der Klick, - s	Um das Wort zu markieren, genügt ein Doppelklick mit der linken Maustaste.	55
B1	Klima	das	das Klima	Alle sagen, dass sich das Klima ändert.	55
B1	Klimaanlage	die	die Klimaanlage, -n	Im Sommer brauchen wir eine Klimaanlage.	55
B1	klingeln		klingeln, klingelt, klingelte, hat geklingelt	1. Ich glaube, es hat an der Tür geklingelt. / 2. Das Telefon klingelt.	55
B1	Klingel	die	die Klingel, -n	Drück bitte auf die Klingel!	55
B1	klingen		klingen, klingt, klang, hat geklungen	Wollen wir einkaufen gehen und danach zusammen kochen? – Ja, das klingt gut.	55
B1	Klinik	die	die Klinik, -en	Ich muss in die Klinik, um meinen kranken Onkel zu besuchen.	55
B1	klopfen		klopfen, klopft, klopfte, hat geklopft	1. Da klopft jemand ans Fenster. / 2. Hat es nicht eben geklopft? / 3. Bitte klopfen Sie an.	55
B1	Kloß	der	der Kloß, ¨-e (D) →D, A: Knödel	Möchten Sie zum Fleisch Kartoffeln oder Klöße? – Klöße, bitte.	55
B1	klug		klug	1. Ich halte sie für klug. / 2. Er hat sich in der Diskussion nicht besonders klug verhalten. / 3. Das ist ein kluger Hund.	55
B1	knapp		knapp	1. Mach schnell. Die Zeit ist knapp. / 2. Unser Geld wird knapp. Wir müssen sparen. / 3. Die Fahrt war kurz. Nur knapp eine Stunde. / 4. Die Wohnung hat nur knapp 30 m². / 5. Der Tisch hat nur knapp 50 Euro gekostet.	55
B1	Kneipe	die	die Kneipe, -n (D)	Gehen wir noch in eine Kneipe ein Bier trinken?	55
B1	Knie	das	das Knie, -	Ich habe mich am Knie verletzt. Jetzt kann ich nicht laufen.	55
B1	Knochen	der	der Knochen, -	Ich bin hingefallen. Jetzt tun mir alle Knochen weh.	55
B1	Knödel	der	der Knödel, - (D, A) →D: Kloß	Möchten Sie zum Fleisch Erdäpfel oder Knödel? – Knödel bitte.	55
B1	Knopf	der	der Knopf, ¨-e	1. An meiner Jacke fehlt ein Knopf. / 2. Der Fahrstuhl kommt nicht. – Sie müssen auf den Knopf drücken.	55
B1	kochen		kochen, kocht, kochte, hat gekocht	1. Ich koche gern. / 2. Das Wasser kocht. / 3. Der Reis muss etwa 20 Minuten kochen.	55
B1	Koch	der	der Koch, ¨-e	Ein Freund von mir ist Koch in einem	55
B1	Köchin	die	die Köchin, -nen	teuren Restaurant.	55
B1	Koffer	der	der Koffer, -	Ich habe den Koffer schon gepackt.	55
B1	Kollege	der	der Kollege, -n	1. Ich habe guten Kontakt zu meinen	55
B1	Kollegin	die	die Kollegin, -nen	Kollegen. / 2. Mein neuer Kollege ist sehr nett.	55
B1	komisch		komisch	1. Das Essen schmeckt komisch. Probier mal. / 2. Der Film war sehr komisch. Wir haben viel gelacht. / 3. Eine grüne Hose und gelbe Schuhe? / Das sieht komisch aus.	56
B1	kommen		kommen, kommt, kam, ist gekommen	1. Woher kommen Sie? – Aus Frankreich. / 2. Wir gehen heute Abend ins Konzert. / Kommen Sie auch? / 3. Kommen Sie doch mal wieder zu uns. / 4. Wenn Sie mal nach Köln kommen, besuchen Sie uns. / 5. Steffi kommt im Herbst in die Schule. / 6. Die Straßenbahn muss gleich kommen. / 7. Wer kommt als Nächster dran? / 8. Die Handtücher kommen in den Schrank. / 9. Wie sind Sie denn auf diese Idee gekommen?	56
B1	Kommunikation	die	die Kommunikation	Die Kommunikation zwischen den Abteilungen ist gut.	56
B1	komplett		komplett	1. Ich habe den Termin komplett vergessen. / 2. Die Wohnung ist jetzt komplett eingerichtet.	56
B1	kompliziert		kompliziert	Er schreibt viel zu kompliziert.	56
B1	Kompromiss	der	der Kompromiss, -e	Alle wollen etwas anderes. Wir müssen einen Kompromiss finden.	56
B1	Konferenz	die	die Konferenz, -en	Die Konferenz findet in Raum 19 statt.	56
B1	Konfitüre	die	die Konfitüre, -n (CH)	Bring bitte noch ein Glas Konfitüre mit.	56
B1	Konflikt	der	der Konflikt, -e	1. Das ist ein alter Konflikt. / 2. Ich habe einen Konflikt mit meinen Eltern.	56
B1	König	der	der König, -e	Der spanische König ist in Deutschland zu Besuch.	56
B1	Konkurrenz	die	die Konkurrenz	1. Die Reparatur ist mir hier zu teuer. Bei der Konkurrenz bekomme ich sie für die Hälfte. / 2. Es ist schwer, ein Geschäft aufzumachen. Die Konkurrenz ist groß.	56
B1	können		können, kann, konnte, hat gekonnt (hat können als Modalverb)	1. Ich kann den schweren Koffer nicht tragen. / 2. Sie können mit dem Bus zum Bahnhof fahren. / 3. Kann ich jetzt nach Hause gehen? / 4. Können Sie mir helfen? / 5. Ich kann sehr gut Englisch und Deutsch. / 6. Es kann sein, dass es heute noch regnet.	56
B1	Konsulat	das	das Konsulat, -e	Ein Visum bekommst du auch im Konsulat.	56
B1	konsumieren		konsumieren, konsumiert, konsumierte, hat konsumiert	Die Europäer haben im letzten Jahr mehr Fleisch konsumiert.	56
B1	Konsum	der	der Konsum	Der Konsum von Lebensmitteln steigt.	56
B1	Kontakt	der	der Kontakt, -e	Ich habe wenig Kontakt zu meinen Kollegen.	56
B1	Konto	das	das Konto, Konten	1. Ich möchte ein Konto eröffnen. / 2. Das Geld überweisen wir am 1. März auf Ihr Konto.	56
B1	Girokonto	das	das Girokonto, -en	Mein Girokonto kostet gar nichts.	56
B1	kontrollieren		kontrollieren, kontrolliert, kontrollierte, hat kontrolliert	Beim Auto müssen Sie regelmäßig das Öl kontrollieren.	56
B1	Kontrolle	die	die Kontrolle, -n	1. An den Grenzen gibt es kaum noch Kontrollen. / 2. Fahrkartenkontrolle! Bitte Ihre Fahrkarten!	56
B1	konzentrieren		sich konzentrieren, konzentriert sich, konzentrierte sich, hat sich konzentriert	Bitte stör mich jetzt nicht. Ich muss mich auf meine Arbeit konzentrieren.	56
B1	Konzert	das	das Konzert, -e	Für das Konzert am Sonntag gibt es noch Karten.	56
B1	Kopf	der	der Kopf, ¨-e	1. Ich habe Kopfschmerzen. / 2. Michael kann gut im Kopf rechnen.	56
B1	kopieren		kopieren	1. Kann ich mir diesen Artikel kopieren? / 2. Ich kopiere dir die Datei auf die Speicherkarte. / 3. Ich kann dir die CD kopieren.	56
B1	Kopie	die	die Kopie, -n	Machst du mir bitte eine Kopie?	56
B1	Kopierer	der	der Kopierer, -	Der Kopierer ist schon wieder kaputt.	56
B1	Körper	der	der Körper, -	Der Arzt sagt, ich muss etwas für meinen Körper tun, z. B. schwimmen oder Fahrrad fahren.	56
B1	körperlich		körperlich	Körperliche Arbeit macht mir nichts aus.	56
B1	korrekt		korrekt	Ich habe die Rechnung geprüft. Alles ist korrekt.	56
B1	Korridor	der	der Korridor, -e (D, CH) → Gang; D: Flur	Wir warten draußen im Korridor.	56
B1	korrigieren		korrigieren, korrigiert, korrigierte, hat korrigiert	1. Können Sie bitte meinen Brief korrigieren? / 2. Der Lehrer hat meine Fehler korrigiert.	56
B1	kosten		kosten, kostet, kostete, hat gekostet	1. Wie viel kostet das T-Shirt? – 15 Euro. / 2. Eine Wohnung zu finden, kostet viel Zeit.	57
B1	Kosten	die	die Kosten (Pl.)	Die Kosten für die Reise bekomme ich von der Firma.	57
B1	kostenlos		kostenlos	Diese Zeitschrift kostet nichts. Sie ist kostenlos.	57
B1	kosten		kosten, kostet, kostete, hat gekostet (A) →D, CH: probieren	Möchten Sie den Käse mal kosten?	57
B1	Kostüm	das	das Kostüm, -e	In dem Film tragen die Leute bunte Kostüme.	57
B1	Kraft	die	die Kraft, ¨-e	Für diese Arbeit braucht man viel Kraft.	57
B1	kräftig		kräftig	1. Der Mann ist kräftig. Er macht viel Sport und isst viel. / 2. Die Suppe musst du kräftig würzen.	57
B1	Kraftfahrzeug	das	das Kraftfahrzeug, -e	Auf dieser Straße sind Kraftfahrzeuge nicht erlaubt.	57
B1	Kraftwerk	das	das Kraftwerk, -e	Die Menschen protestieren gegen das Kraftwerk.	57
B1	krank		krank	1. Ich war zwei Wochen krank. / 2. Ich muss mich um meine kranke Großmutter kümmern.	57
B1	Kranke	der	der Kranke, -n	Kranke brauchen viel Ruhe.	57
B1	Kranke	die	die Kranke, -n		57
B1	Krankenhaus	das	das Krankenhaus, ¨-er	Er hat sich verletzt und musste ins Krankenhaus.	57
B1	Krankenkasse	die	die Krankenkasse, -n	Die Krankenkasse bezahlt die Medikamente.	57
B1	Krankenpfleger	der	der Krankenpfleger, -	Mein Bruder arbeitet als Krankenpfleger im Krankenhaus.	57
B1	Krankenschwester	die	die Krankenschwester, -n	Meine Cousine möchte gern Krankenschwester werden.	57
B1	Krankenwagen	der	der Krankenwagen, -	Wir mussten einen Krankenwagen rufen.	57
B1	Krankheit	die	die Krankheit, -en	1. Gegen welche Krankheiten sollte ich mich impfen lassen? / 2. Was für eine Krankheit hat Herr Brandner?	57
B1	kreativ		kreativ	1. Die Kinder sind beim Basteln sehr kreativ. / 2. Wir brauchen eine kreative Lösung für dieses Problem.	57
B1	Kredit	der	der Kredit, -e	1. Ich habe den Wagen auf Kredit gekauft. / 2. Wir haben von der Bank einen Kredit bekommen.	57
B1	Kreditkarte	die	die Kreditkarte, -n	Kann ich mit Kreditkarte zahlen?	57
B1	Kreis	der	der Kreis, -e	1. Die Kinder sitzen im Kindergarten im Kreis. / 2. Bitte malt jetzt alle einen Kreis in euer Heft. / 3. Unser Ort gehört zum Kreis Neuss.	57
B1	Kreuz	das	das Kreuz, -e	Was bedeutet dieses Kreuz hier?	57
B1	Kreuzung	die	die Kreuzung, -en	Fahren Sie an der nächsten Kreuzung rechts.	57
B1	Krieg	der	der Krieg, -e	1. Es herrscht noch immer Krieg in diesem Land. / 2. Der Lehrer spricht über den Zweiten Weltkrieg.	57
B1	kriegen		kriegen, kriegt, kriegte, hat gekriegt	1. Haben Sie meinen Brief gekriegt? / 2. Was kriegen Sie? – Ein Schwarzbrot, bitte.	57
B1	Kriminal-		Kriminal-	Ein Nachbar von uns arbeitet bei der	57
B1	Kriminalpolizei	die	die Kriminalpolizei	Kriminalpolizei.	57
B1	Krimi	der	der Krimi, -s	Heute Abend kommt ein spannender Krimi im Fernsehen.	57
B1	Krise	die	die Krise, -n	Die Wirtschaft steckt in einer schweren Krise.	57
B1	kritisieren		kritisieren, kritisiert, kritisierte, hat kritisiert	Kritisiere mich nicht so oft.	57
B1	Kritik	die	die Kritik, -en	1. Es gibt viel Kritik an der Politik der Regierung. / 2. Dieser Film hat sehr gute Kritiken bekommen.	57
B1	kritisch		kritisch	Es gab eine Diskussion über die Lebensmittelpreise. Ein Journalist hat kritische Fragen gestellt.	57
B1	Küche	die	die Küche, -n	1. Ich suche eine Wohnung mit drei Zimmern, Küche und Bad. / 2. Ich mag die deutsche Küche.	57
B1	Kuchen	der	der Kuchen, -	Ich habe einen Kuchen gebacken.	57
B1	Kugelschreiber	der	der Kugelschreiber, -	Mein Kugelschreiber ist weg.	57
B1	Kuli	der	der Kuli, -s	Hast du einen Kuli für mich?	57
B1	kühl		kühl	Es ist kühl draußen. Zieh dir eine Jacke an.	57
B1	Kühlschrank	der	der Kühlschrank, ¨-e	Stell die Milch in den Kühlschrank!	57
B1	Kultur	die	die Kultur, -en	Ich interessiere mich für andere Länder und Kulturen.	58
B1	kulturell		kulturell	Es gibt große kulturelle Unterschiede zwischen den Ländern.	58
B1	kümmern		sich kümmern, kümmert	1. Ich kann nicht arbeiten. Ich muss mich	58
B1	sich		sich, kümmerte sich, hat sich gekümmert	um die Kinder kümmern. / 2. Ich habe keine Zeit. Ich muss mich um das Essen kümmern.	58
B1	Kunde	der	der Kunde, -n	1. Sie ist schon lange bei mir Kundin. Ich	58
B1	Kundin	die	die Kundin, -nen	habe ihr einen Sonderpreis gegeben. / 2. Einen Augenblick, bitte. Ich habe einen Kunden.	58
B1	kündigen		kündigen, kündigt, kündigte, hat gekündigt	1. Ich war mit meiner Stelle nicht zufrieden und habe gekündigt. / 2. Hast du deine Wohnung schon gekündigt? / 3. Ich möchte die Zeitschrift nicht mehr. – Dann musst du schriftlich kündigen.	58
B1	Kündigung	die	die Kündigung, -en	Ich habe die Kündigung bekommen. / Jetzt bin ich arbeitslos.	58
B1	Kunst	die	die Kunst, ¨-e	Ich verstehe nichts von moderner Kunst.	58
B1	Künstler	der	der Künstler, -	In diesem Stadtteil wohnen viele Kün-	58
B1	Künstlerin	die	die Künstlerin, -nen	stlerinnen. Neben uns wohnt eine Musikerin.	58
B1	künstlich		künstlich	Ich mag kein künstliches Licht.	58
B1	Kunststoff	der	der Kunststoff, -e	Der Stuhl ist aus Kunststoff.	58
B1	Kurs	der	der Kurs, -e	Ich besuche regelmäßig einen Deutschkurs.	58
B1	Kursleiter	der	der Kursleiter, -	Die Kursleiterin ist mit unserer	58
B1	Kursleiter	die	die Kursleiter, -nen	Kursgruppe manchmal in den Computerraum gegangen.	58
B1	Kurve	die	die Kurve, -n	1. Fahr bitte nicht so schnell in die Kurven. / 2. Achtung. Das Stauende ist gleich hinter einer Kurve.	58
B1	kurz		kurz	1. Ricardo hat kurze Haare. / 2. Kann ich Sie kurz sprechen? / 3. Kurz vor 8 Uhr hat das Telefon geklingelt. / 4. Mein Mann ist kurz nach mir gekommen. / 5. Ich bin vor Kurzem nach München gezogen. / 6. Ich wohne seit Kurzem in München. / 7. Ich habe das Kleid kürzer machen lassen.	58
B1	kürzlich		kürzlich	Wir haben doch kürzlich darüber gesprochen, dass wir am Wochenende wegfahren wollen.	58
B1	küssen		küssen, küsst, küsste, hat geküsst	1. Er nahm sie in die Arme und küsste sie. / 2. Beim Verabschieden haben wir uns alle geküsst.	58
B1	Kuss	der	der Kuss, ¨-e	Gib der Mama einen Kuss!	58
B1	Küste	die	die Küste, -n	Unser Dorf liegt direkt an der Küste.	58
B1	Kuvert	das	das Kuvert, -s (A) →der	Ich hätte gern 50 Kuverts und	58
B1	Briefumschlag; CH: Couvert		Briefumschlag; CH: Couvert	Briefmarken dazu.	58
B1	lächeln		lächeln, lächelt, lächelte, hat gelächelt	Schauen Sie in die Kamera. Bitte lächeln!	58
B1	lachen		lachen, lacht, lachte, hat	1. Lachen ist gesund.	58
B1	gelacht		gelacht	2. Wir haben viel gelacht. / 3. Die Kinder haben über den Witz gelacht.	58
B1	Laden	der	der Laden, ¨-	1. Dieses Kleid habe ich in einem Laden im Zentrum gekauft. / 2. Ich kaufe meine Zeitung immer beim Zeitungsladen am Eck.	58
B1	Lage	die	die Lage	Wir suchen eine Wohnung an/in zentraler Lage.	58
B1	Lager	das	das Lager, -	1. Ich weiß nicht, ob wir diesen Schuh in Ihrer Größe haben. Ich sehe mal im Lager nach. / 2. Unsere Kinder fahren im Sommer ins Zeltlager.	58
B1	Lampe	die	die Lampe, -n	1. Ich habe mir eine neue Lampe gekauft. / 2. Mach doch bitte die Lampe an. Es ist so dunkel hier.	58
B1	Land	das	das Land, ¨-er	1. Deutschland ist ein schönes Land. / 2. Möchten Sie lieber auf dem Land oder in der Stadt wohnen? / 3. Wir haben ein Stück Land gekauft und wollen dort bauen. / 4. In welchen Ländern warst du schon?	58
B1	Landwirtschaft	die	die Landwirtschaft	Auf dem Land arbeiten die meisten Leute in der Landwirtschaft.	58
B1	Landschaft	die	die Landschaft, -en	Die Landschaft ist sehr hügelig.	58
B1	landen		landen, landet, landete, ist	1. Wir sind erst um 20 Uhr in München	58
B1	gelandet		gelandet	gelandet. / 2. Wegen starken Nebels konnte die Maschine nicht in Frankfurt landen.	58
B1	Landung	die	die Landung, -en	Bei der Landung müssen Sie sich anschnallen.	59
B1	lang		lang	1. Der Teppich ist 3 m lang und 2 m breit. / 2. Meine Schwester hat mir einen langen Brief geschrieben. / 3. Die Hose ist zu lang. Können Sie sie kürzer machen?	59
B1	Länge	die	die Länge	Mein Schreibtisch hat folgende Maße: Länge 1.20 m, Breite: 0,85 m, Höhe: 0,75 m.	59
B1	lange		lange, lang	1. Wie lange dauert die Fahrt von Hamburg nach Berlin? / 2. Wie lange bist du schon in Deutschland? / 3. Wartest du schon lange? / 4. Wir sind noch lange nicht fertig mit der Arbeit. / 5. Wir haben lange gefrühstückt. / 6. Beim Arzt muss man oft lange warten. / 7. Ich komme gleich. Es dauert nicht lange.	59
B1	langsam		langsam	1. Könnten Sie bitte etwas langsamer sprechen? / 2. Es wird langsam kalt. Es wird Herbst.	59
B1	längst		längst	Wann reparierst du die Heizung. – Die habe ich schon längst repariert.	59
B1	langweilig		langweilig	Der Film war sehr langweilig.	59
B1	langweilen		sich langweilen, langweilt, langweilte, hat gelangweilt	Langweilst du dich?	59
B1	Langeweile	die	die Langeweile	Es ist aus Langeweile eingeschlafen.	59
B1	Lärm	der	der Lärm	Die Flugzeuge machen einen schrecklichen Lärm.	59
B1	lassen		lassen, lässt, ließ, hat gelassen	1. Ich habe mein Gepäck am Bahnhof gelassen. / 2. Am Samstag lasse ich mir die Haare schneiden. / 3. Ich lasse meine Kinder abends nur eine Stunde fernsehen. / 4. Kann ich mein Auto hier stehen lassen? / 5. Wo habe ich nur meine Brille gelassen? / 6. Ich habe meinen Anzug reinigen lassen. / 7. Ich kann meine kleine Tochter noch nicht allein lassen. / 8. Lass mich in Ruhe. Ich muss arbeiten.	59
B1	Laster	der	der Laster, -	Auf der Autobahn waren so viele Laster. Deshalb hat es so lange gedauert.	59
B1	laufen		laufen, läuft, lief, ist gelaufen	1. Ich bin gestern 100 m in 10,4 Sekunden gelaufen. / 2. Bist du mit dem Auto hier? – Nein, ich bin gelaufen. / 3. Jeden Morgen gehe ich eine halbe Stunde laufen. / 4. Wann läuft der Film? / 5. Wie geht´s beruflich? – Danke, das Geschäft läuft gut.	59
B1	Laufwerk	das	das Laufwerk, -e	Für meinen Computer habe ich mir ein neues Laufwerk gekauft.	59
B1	Laune	die	die Laune, -n	Heute geht es mir besser, aber gestern hatte ich richtig schlechte Laune.	59
B1	laut		laut	1. Lass uns gehen. Hier ist es mir zu laut. / 2. Können Sie bitte etwas lauter sprechen? / 3. Laut Wetterbericht gibt es morgen Regen.	59
B1	Lautsprecher	der	der Lautsprecher, -	Bitte achten Sie auch auf die Lautsprecher-Ansagen am Bahnhof.	59
B1	lecker		lecker	Das Essen war sehr lecker.	59
B1	leben		leben, lebt, lebte, hat	1. Leben Ihre Großeltern noch?	59
B1	gelebt		gelebt	2. Herr Müller hat lange im Ausland gelebt. / 3. Von der Rente allein kann meine Tante nicht leben. / 4. Ich lebe noch bei meinen Eltern.	59
B1	Leben	das	das Leben	1. Ich habe mich an das Leben auf dem Land gewöhnt. / 2. Hier ist das Leben teuer.	59
B1	Lebenslauf	der	der Lebenslauf, ¨-e	Hast du den Lebenslauf für die Bewerbung schon geschrieben?	59
B1	Lebensmittel	die	die Lebensmittel (Pl.)	1. Lebensmittel werden immer teurer. / 2. Meine Lebensmittel kaufe ich im Supermarkt.	59
B1	Leder	das	das Leder	Ist die Tasche aus Leder?	59
B1	ledig		ledig	Wie ist Ihr Familienstand? – Ledig.	59
B1	leer		leer	1. Das Restaurant war fast leer. / 2. Die Kanne ist fast leer. Ich mache uns neuen Tee.	59
B1	legen		legen, legt, legte, hat	1. Ich habe Ihnen die Briefe auf den	59
B1	gelegt		gelegt	Schreibtisch gelegt. / 2. Legen Sie die Zeitungen bitte dort ins Regal.	59
B1	Lehre	die	die Lehre	Mein Cousin will eine dreijährige Lehre machen.	59
B1	Lehrstelle	die	die Lehrstelle, -n	Es sind noch viele Lehrstellen frei.	59
B1	Lehrer	der	der Lehrer, -	Die Lehrerin hat heute viele Hausauf-	60
B1	Lehrerin	die	die Lehrerin, -nen	gaben gegeben.	60
B1	Lehrling	der	der Lehrling, -e	Als Lehrling verdient man nicht sehr viel Geld.	60
B1	leicht		leicht	1. Der Koffer ist ganz leicht. Ich kann ihn allein tragen. / 2. Es ist nicht leicht, bei diesem Arzt einen Termin zu bekommen.	60
B1	leid tun		leid tun, tut leid, tat leid, hat leidgetan	1. Die Frau tut mir leid. / 2. Wie komme ich zum Bahnhof? - Tut mir leid, das weiß ich nicht. / 3. Es tut mir leid, dass ich Ihnen nicht helfen kann.	60
B1	leiden		leiden, leidet, litt, hat gelitten	1. Er leidet an einer schweren Krankheit. / 2. Sie leidet sehr unter den Verhältnissen.	60
B1	leider		leider	1. Da kann ich Ihnen leider nicht helfen. / 2. Hast du schon eine Antwort auf deinen Brief? – Leider nicht. / 3. Leider kann ich nicht kommen. Ich muss zum Arzt.	60
B1	leihen		leihen, leiht, lieh, hat geliehen	1. Ich habe mir von meinem Bruder 50 Euro geliehen. / 2. Ich kann dir mein Fahrrad leihen. / 3. Sie können das Buch in der Bibliothek ausleihen.	60
B1	leise		leise	1. Seid leise. Die anderen schlafen schon. / 2. Könntest du das Radio bitte etwas leiser stellen?	60
B1	leisten		leisten, leistet, leistete, hat geleistet	1. So ein teures Auto kann ich mir leider nicht leisten. / 2. Bei einem Unfall muss jeder Erste Hilfe leisten.	60
B1	Leistung	die	die Leistung, -en	Meine Leistungen in der Schule sind ganz gut.	60
B1	leiten		leiten, leitet, leitete, hat geleitet	Wer leitet den Kurs?	60
B1	Leiter	der	der Leiter, -	Wie heißt die Leiterin der Schule?	60
B1	Leiterin	die	die Leiterin, -nen		60
B1	Leitung	die	die Leitung, -en	1. Ab 1. Juli übernimmt Herr Meier die Leitung der Abteilung. / 2. Tut mir leid, alle Leitungen sind besetzt. / 3. Wir müssen eine neue Leitung legen lassen.	60
B1	Leiter	die	die Leiter, -n	Haben Sie eine Leiter für mich? Ich will die Fenster putzen.	60
B1	lernen		lernen, lernt, lernte, hat	Wie lange lernen Sie schon Deutsch?	60
B1	gelernt		gelernt		60
B1	Lerner	der	der Lerner, -	Sie ist eine fleißige Lernerin.	60
B1	Lernerin	die	die Lernerin, -nen		60
B1	lesen		lesen, liest, las, hat gelesen	1. Ich habe gelesen, dass es ab heute Sonderangebote gibt. / 2. Deine Schrift kann ich nicht gut lesen. / 3. In der Schule lesen wir ein Buch von Goethe.	60
B1	Leser	der	der Leser, -	1. Die Leserinnen und Leser sind mit der	60
B1	Leserin	die	die Leserin, -nen	Zeitung zufrieden. / 2. Ich werde einen Leserbrief schreiben.	60
B1	letzt-		letzt-	1. Was hast du letzte Woche gemacht? / 2. Ich wohne im letzten Haus auf der rechten Seite. / 3. Wann haben Sie Ihre Familie das letzte Mal gesehen?	60
B1	Leute	die	die Leute (Pl.)	Auf der Party waren viele Leute.	60
B1	Lexikon	das	das Lexikon, -Lexika	Wir könnten im Lexikon nachsehen.	60
B1	Licht	das	das Licht, -er	1. Kannst du bitte Licht machen? Ich kann so nichts sehen. / 2. Es ist so dunkel. Wo macht man hier das Licht an?	60
B1	lieben		lieben, liebt, liebte, hat geliebt	1. Ich liebe meine Familie. / 2. Meine Frau liebt ihren Beruf. / 3. Wir sind schon lange verheiratet, aber wir lieben uns immer noch.	60
B1	lieb		lieb	1. Die Kinder waren heute sehr lieb. / 2. Vielen Dank für deine Hilfe. Das ist sehr lieb von dir. / 3. Liebe Frau Meier!	60
B1	Liebe	die	die Liebe	1. Wir haben aus Liebe geheiratet. / 2. Für mich ist das Wichtigste die Liebe zu meiner Familie und zu meinen Kindern. / 3. Die Kinder haben die Geschenke mit viel Liebe gemacht.	60
B1	Lieblings-		Lieblings-	z. B. Lieblingsfarbe, Lieblingsfilm, Lieblingsessen Mein Lieblingsessen ist Pizza.	60
B1	Lied	das	das Lied, -er	Zu deinem Geburtstag singen wir dir ein Lied.	60
B1	liefern		liefern, liefert, lieferte, hat	Wir liefern Ihnen das Regal direkt ins	60
B1	geliefert		geliefert	Haus.	60
B1	Lieferung	die	die Lieferung, -en	Sie bezahlen erst bei der Lieferung.	60
B1	liegen		liegen, liegt, lag, hat/ist gelegen	1. Der Brief liegt schon auf Ihrem Schreibtisch. / 2. Judith liegt noch im Bett. / 3. Er liegt schon seit drei Wochen im Krankenhaus. / 4. Frankfurt liegt am Main. / 5. In den Bergen liegt schon Schnee.	60
B1	Lift	der	der Lift, -e →D, A: Aufzug	Im Büro ist leider der Lift kaputt.	61
B1	Limonade	die	die Limonade, -n	Die Limonade ist sehr süß.	61
B1	Linie	die	die Linie, -n	Zum Hauptbahnhof können Sie mit der Linie 8 fahren.	61
B1	links		links	1. An der Kreuzung müssen Sie nach links abbiegen. / 2. Gehen Sie die nächste Straße links.	61
B1	link-		link-	1. Er hat sich das linke Bein gebrochen. / 2. Das Haus ist auf der linken Seite.	61
B1	Lippe	die	die Lippe, -n	Es ist sehr kalt. Meine Lippen sind ganz trocken.	61
B1	Liste	die	die Liste, -n	Was brauchen wir für die Party? – Mach doch eine Einkaufsliste.	61
B1	Literatur	die	die Literatur	Ich interessiere mich für Literatur.	61
B1	loben		loben, lobt, lobte, hat gelobt	Ich habe alle Hausaufgaben gemacht. / Der Lehrer hat mich heute gelobt.	61
B1	Loch	das	das Loch, ¨-er	1. Ich habe ein Loch im Zahn. Ich muss zum Zahnarzt. / 2. Deine Hose hat ein Loch. – Ich weiß, sie ist schon alt.	61
B1	locker		locker	Lassen Sie bitte die Arme ganz locker und atmen Sie tief ein.	61
B1	Löffel	der	der Löffel, -	Bitte, bringen Sie mir einen Löffel.	61
B1	Lohn	der	der Lohn, ¨-e	1. Sie bekommen Ihren Lohn immer am Ende des Monats. / 2. Die Löhne sind hier sehr niedrig.	61
B1	lohnen		sich lohnen, lohnt sich, lohnte sich, hat sich gelohnt	Für drei Tage zu meinen Eltern fahren lohnt sich nicht. Es ist zu weit.	61
B1	Lokal	das	das Lokal, -e	Gibt es hier in der Nähe ein gemütliches Lokal?	61
B1	los/los-		los/los-	1. Los! Beeilt euch! / 2. Gibt es ein Problem? Was ist denn los? / 3. Achtung – fertig – los!	61
B1	losfahren		losfahren, fährt los, fuhr los, ist losgefahren	Wir fahren um 8 Uhr los. Sei bitte pünktlich.	61
B1	löschen		löschen, löscht, löschte, hat gelöscht	1. Du kannst die Datei löschen. Ich brauche sie nicht mehr. / 2. Das Feuer wurde schnell gelöscht.	61
B1	lösen		lösen, löst, löste, hat gelöst	1. Wir müssen dieses Problem lösen. / 2. Sie können die Fahrkarten auch am Automaten lösen.	61
B1	Lösung	die	die Lösung, -en	1. Wir fahren alle zusammen mit dem Zug. Das ist die beste Lösung. / 2. Die Aufgabe ist nicht schwer. Die Lösung ist ganz einfach.	61
B1	Luft	die	die Luft	1. Oh, hier ist aber schlechte Luft. / 2. Die Seeluft tut mir gut. / 3. Bitte mach das Fenster auf. Ich brauche frische Luft.	61
B1	lügen		lügen, lügt, log, hat gelogen	1. Du sollst nicht lügen. / 2. Glaube nicht alles, was man dir sagt. Es ist oft gelogen.	61
B1	Lüge	die	die Lüge, -n	Das ist eine Lüge!	61
B1	Lust	die	die Lust	1. Ich habe keine Lust zu grillen. / 2. Hast du Lust auf einen Tee?	61
B1	lustig		lustig	1. Ich habe einen lustigen Film gesehen. / 2. Mir ist heute etwas Lustiges passiert.	61
B1	machen		machen, macht, machte, hat gemacht	1. Was machst du am Wochenende? / 2. Ich muss jetzt das Essen machen. / 3. Ich habe die Betten noch nicht gemacht. / 4. Soll ich dir die Suppe noch einmal warm machen? / 5. Meine Arbeit macht mir viel Spaß. / 6. Mach dir bitte keine Sorgen. / 7. Was würden Sie an meiner Stelle machen? / 8. Tut mir leid. Die Küche hat schon geschlossen. – Da kann man nichts machen. / 9. Entschuldigung! – Das macht doch nichts. / 10.Das macht zusammen 20 Euro.	61
B1	Mädchen	das	das Mädchen, -	Familie Kurz hat zwei Mädchen und einen Jungen.	61
B1	Magazin	das	das Magazin, -e	Jugendliche lesen dieses Magazin gern.	61
B1	Magen	der	der Magen, ¨-	Mit tut der Magen weh. Ich habe Magenschmerzen.	61
B1	mager		mager	Bitte 1 kg mageres Fleisch.	61
B1	Mahlzeit	die	die Mahlzeit, -en	1. Die Tropfen bitte immer nach den Mahlzeiten einnehmen. / 2. In Deutschland gibt es meist nur einmal am Tag eine warme Mahlzeit.	61
B1	Mahnung	die	die Mahnung, -en	Wenn du die Rechnung nicht pünktlich bezahlst, bekommst du eine Mahnung.	61
B1	mal		mal	(siehe einmal)	62
B1	Mal	das	das Mal, -e	1. Das machen wir nächstes Mal. / 2. Das erste Mal war ich vor fünf Jahren in England. / 3. Bis zum nächsten Mal.	62
B1	malen		malen, malt, malte, hat gemalt	Das Bild hat mein Vater gemalt.	62
B1	Maler	der	der Maler, -	1. Wir haben die Maler im Haus. Wir	62
B1	Malerin	die	die Malerin, -nen	lassen die Wände neu streichen. / 2. Picasso ist vielleicht der bekannteste Maler der Welt.	62
B1	man		man	1. Wie schreibt man das? / 2. Hier darf man nicht parken.	62
B1	manch-		manch-	1. Manche Nachbarn sind unfreundlich. / 2. An manchen Tagen ist das Zugfahren billiger.	62
B1	manchmal		manchmal	1. Manchmal gehe ich mit meiner Frau ins Café. / 2. Rauchen Sie? – Manchmal.	62
B1	Mangel	der	der Mangel, ¨-	1. In dieser Stadt gibt es einen großen Mangel an Wohnungen. / 2. Die Maschine hat technische Mängel.	62
B1	Mann	der	der Mann, ¨-er	1. In unserer Firma arbeiten fast nur Männer. / 2. Mein Mann arbeitet bei der Post.	62
B1	männlich		männlich	Kreuzen Sie bitte an: „weiblich“ oder „männlich“.	62
B1	Mannschaft	die	die Mannschaft, -en	Unsere Mannschaft hat 0:1 verloren.	62
B1	Mantel	der	der Mantel, ¨-	Es ist sehr kalt. Zieh deinen Mantel an.	62
B1	Mappe	die	die Mappe, -n	Mein Pass ist in dieser Mappe.	62
B1	Märchen	das	das Märchen, -	Meine Großmutter hat uns viele Märchen erzählt.	62
B1	Margarine	die	die Margarine	Meine Frau isst nur Margarine und keine Butter.	62
B1	Marille	die	die Marille, -n (A) →D, CH: Aprikose	Schmecken dir die Marillen?	62
B1	Marke	die	die Marke, -n	1. Ich brauche bitte fünf Briefmarken zu 1 Euro. / 2. Markenschuhe sind mir zu teuer.	62
B1	markieren		markieren, markiert, markierte, hat markiert	Hier ist unser Hotel. Ich markiere Ihnen auf dem Plan den Weg zum Bahnhof.	62
B1	Markt	der	der Markt, ¨-e	1. Ich gehe heute auf den Markt. / 2. Mittwochs und samstags ist bei uns Markt.	62
B1	Marmelade	die	die Marmelade, -n (D, A)	Bring bitte noch ein Glas Marmelade mit.	62
B1	Maschine	die	die Maschine, -n	1. Ich habe eine neue Kaffeemaschine. / 2. Unsere Maschine soll um 7 Uhr 10 starten.	62
B1	Material	das	das Material	Aus welchem Material ist der Schrank? – Aus Holz.	62
B1	Matura	die	die Matura (A, CH) →D: Abitur	Meine Tocher hat gerade die Matura gemacht.	62
B1	Mauer	die	die Mauer, -n	Die Kinder sind über die Mauer geklettert.	62
B1	maximal		maximal	1. Wie lange braucht ein Brief? – Maximal zwei Tage. / 2. Wie schwer darf der Brief sein? – Maximal 20 g.	62
B1	Mechaniker	der	der Mechaniker, -	1. Das kann nur ein Mechaniker	62
B1	Mechanikerin	die	die Mechanikerin, -nen	reparieren. / 2. Karim ist Automechaniker. Er arbeitet bei Opel.	62
B1	Medien	die	die Medien (Pl.)	Umweltschutz ist in den Medien ein großes Thema.	62
B1	Medikament	das	das Medikament, -e	1. Dieses Medikament gibt es nur auf Rezept. / 2. Der Arzt hat mir ein Medikament verschrieben. / 3. Für dieses Medikament müssen Sie fünf Euro dazu zahlen. / 4. Dieses Medikament hat mir sehr gut geholfen.	62
B1	Medizin	die	die Medizin	1. Du musst noch deine Medizin nehmen. / 2. Mein Sohn will Medizin studieren.	62
B1	Meer	das	das Meer, -e	Wir machen immer Urlaub am Meer.	62
B1	Mehl	das	das Mehl	Ich möchte einen Kuchen backen. Ist noch genug Mehl da?	62
B1	mehr		mehr (siehe auch viel)	1. Ich habe diesmal mehr gelernt als bei der letzten Prüfung. / 2. Mehr kann ich nicht essen!	62
B1	mehrere		mehrere	1. Ich habe mehrere Leute gefragt. Aber niemand konnte mir helfen. / 2. Viele Wörter haben mehrere Bedeutungen.	62
B1	Mehrheit	die	die Mehrheit, -en	Die Mehrheit der Menschen in Deutschland besitzt ein Handy.	62
B1	Mehrwertsteuer	die	die Mehrwertsteuer	Die Mehrwertsteuer bei diesem Produkt beträgt 20 %.	62
B1	meinen		meinen, meint, meinte, hat gemeint	1. Dieser Film ist gut. Was meinst du? / 2. Ich meine, du solltest weniger rauchen.	62
B1	meinetwegen		meinetwegen	Meinetwegen kannst du heute das Auto haben.	63
B1	Meinung	die	die Meinung, -en	1. Ich bin der Meinung, dass du recht hast. / 2. Ich habe meine Meinung geändert. / 3. Meiner Meinung nach gibt es hier zu viele Autos.	63
B1	meist-		meist-, die meisten	1. Wie gut kannst du Deutsch? – Das Meiste verstehe ich. / 2. Ich bin neu im Haus. Die meisten Nachbarn kenne ich noch nicht.	63
B1	meist(ens)		meist(ens)	1. Meistens trinke ich zum Frühstück nur einen Kaffee. / 2. Seid ihr am Wochenende zu Hause? – Ja, meistens.	63
B1	Meister	der	der Meister, -	1. Ich weiß nicht, wie man das macht. – Dann frag doch den Meister. / 2. Unsere Mannschaft ist deutscher Meister geworden.	63
B1	melden		melden, meldet, meldete, hat gemeldet	1. Ich habe schon zweimal angerufen. / Aber es meldet sich niemand. / 2. Den Unfall müssen Sie der Versicherung melden. / 3. Warum hast du dich so lange nicht gemeldet? Warst du krank?	63
B1	Meldung	die	die Meldung, -en	Hast du die Meldung im Radio gehört? / Es wird starken Sturm geben.	63
B1	Menge	die	die Menge, -n	1. Diesen Preis gibt es nur, wenn Sie große Mengen kaufen. / 2. Wir haben noch eine Menge Zeit. / 3. Ich kenne schon eine Menge Leute in der Stadt. / 4. Das Auto hat bestimmt eine Menge Geld gekostet.	63
B1	Mensa	die	die Mensa, -s/-en	Ich esse fast jeden Tag in der Mensa.	63
B1	Mensch	der	der Mensch, -en	Die Menschen sind hier ein bisschen anders als im Süden.	63
B1	menschlich		menschlich	Fehler zu machen ist menschlich.	63
B1	Menü	das	das Menü, -s	Nimm doch das Menü, das sieht gut aus.	63
B1	merken		merken, merkt, merkte, hat gemerkt	1. Ich habe nicht gemerkt, dass es schon so spät ist. Ich muss gehen. / 2. Ich kann mir keine Zahlen merken. Ich vergesse sie sofort wieder.	63
B1	merkwürdig		merkwürdig	Das ist eine merkwürdige Geschichte.	63
B1	Messe	die	die Messe, -n	1. Kommst du mit zur Automobilmesse? / 2. Vielleicht kann ich auf der Messe einen Job bekommen.	63
B1	messen		messen, misst, maß, hat gemessen	1. Haben Sie schon Fieber gemessen? / 2. Ich habe das Zimmer ausgemessen. Es sind genau 20 m².	63
B1	Messer	das	das Messer, -	Das Messer schneidet nicht gut.	63
B1	Metall	das	das Metall, -e	Dieser Tisch hier ist ganz aus Metall.	63
B1	Methode	die	die Methode, -n	Weißt du eine gute Methode, um schnell gut Deutsch zu lernen?	63
B1	Metropole	die	die Metropole, -n	Berlin und Wien sind Metropolen.	63
B1	Metzger	der	der Metzger, - →A: Fleischhauer	Dieser Metzger hat sehr gute Wurst.	63
B1	mieten		mieten, mietet, mietete, hat gemietet	1. Wir haben die Wohnung für drei Jahre gemietet. / 2. Im Urlaub haben wir ein Auto gemietet.	63
B1	Miete	die	die Miete, -n	1. Unsere Miete ist sehr hoch. / 2. Wie viel Miete bezahlst du?	63
B1	Mieter	der	der Mieter, -	Sie hat heute neue Mieter für die	63
B1	Mieterin	die	die Mieterin, -nen	Wohnung gefunden.	63
B1	Migrant	der	der Migrant, -en	Viele Migranten kommen aus	63
B1	Migrantin	die	die Migrantin, -nen	Osteuropa.	63
B1	Migration	die	die Migration	Gestern gab es im Fernsehen eine Diskussion zum Thema Migration.	63
B1	Milch	die	die Milch	Stellst du bitte die Milch in den Kühlschrank?	63
B1	mild		mild	1. Möchten Sie die Soße scharf? – Nein, bitte ganz mild. / 2. Wie wird das Wetter? – Es soll etwas milder werden.	63
B1	Minderheit	die	die Minderheit, -en	Frauen sind in unserer Firma in der Minderheit.	63
B1	mindestens		mindestens	1. Ein guter Fernsehapparat kostet mindestens 500 Euro. / 2. Bitte kommen Sie mindestens eine Stunde vor Abflug zum Flughafen.	63
B1	Mineralwasser	das	das Mineralwasser	Kann ich bitte ein Mineralwasser haben?	63
B1	minimal		minimal	Da ist nur ein minimaler Unterschied.	63
B1	mischen		mischen, mischt, mischte, hat gemischt	1. Ich möchte ein gemischtes Eis mit Sahne. / 2. Wie möchten Sie das Geld? – Bitte gemischt, große und kleine Scheine.	63
B1	miss-		miss-	1. Die Konferenz war ein Misserfolg. / 2. Das Misstrauen zwischen den beiden Parteien ist weiterhin groß. / 3. Sie haben mich missverstanden. / 4. Das ist ein Missverständnis. Das habe ich nicht gesagt.	63
B1	mit		mit	1. Ich gehe heute Abend mit Maria aus. / 2. Wir suchen eine Dreizimmerwohnung mit Küche und Bad. / 3. Ich hätte gern einen Tee mit Zitrone. / 4. Mit meiner Mutter sind wir acht Personen. / 5. Ich bin mit dem Fahrrad gekommen.	64
B1	Mitarbeiter	der	der Mitarbeiter, -	Unsere Firma hat sieben Mitarbeiter.	64
B1	Mitarbeiterin	die	die Mitarbeiterin, -nen		64
B1	miteinander		miteinander	Sprechen Sie bitte miteinander.	64
B1	Mitglied	das	das Mitglied, -er	Für Mitglieder ist der Eintritt zum Konzert gratis.	64
B1	Mitte	die	die Mitte	1. Wo möchten Sie sitzen? – In der Mitte. / 2. Bis Mitte der Woche bin ich fertig. / 3. Ich habe Urlaub bis Mitte August. / 4. Den Schrank stellen wir ans Fenster, den Tisch in die Mitte.	64
B1	mitteilen		mitteilen, teilt mit, teilte mit, hat mitgeteilt	Den Prüfungstermin teilen wir Ihnen noch mit.	64
B1	Mittel	das	das Mittel, -	1. Haben Sie ein Mittel gegen Magenschmerzen? / 2. Der Arzt hat mir ein Mittel gegen Grippe verschrieben. / 3. Das neue Waschmittel ist sehr gut.	64
B1	mitten		mitten	1. Wir haben eine Wohnung mitten in der Stadt. / 2. Das Flugzeug hatte Verspätung. Wir sind erst mitten in der Nacht angekommen.	64
B1	mittler-		mittler-	In den mittleren Reihen sind noch Plätze frei.	64
B1	mittlerweile		mittlerweile	Am Anfang war die Arbeit schwer. Mittlerweile habe ich mich daran gewöhnt.	64
B1	Möbel	das	das Möbel, -	Wir haben uns neue Möbel gekauft.	64
B1	möbliert		möbliert	Ich suche ein möbliertes Zimmer.	64
B1	möchten		möchten, möchte, mochte, hat gemocht	1. Möchtest du auch einen Kaffee? / 2. Im Sommer möchten wir gern ans Meer fahren.	64
B1	mobil/mobil-		mobil/mobil-	Mit dem Fahrrad bin ich in der Stadt sehr mobil.	64
B1	Mobilbox	die	die Mobilbox, -en	Ich habe zwei Nachrichten auf meiner Mobilbox.	64
B1	Mobilität	die	die Mobilität, -en	Sprachen zu lernen fördert die Mobilität.	64
B1	Mobiltelefon	das	das Mobiltelefon, -e	Wie kann ich Sie erreichen? Haben Sie ein Mobiltelefon?	64
B1	Mode	die	die Mode, -n	1. Wie findest du die neue Mode? / 2. Welche Farbe ist denn jetzt gerade in Mode?	64
B1	Modell	das	das Modell, -e	Wie findest du dieses Auto? – Dieses Modell gefällt mir nicht.	64
B1	modern		modern	1. Die Wohnung ist modern eingerichtet. / 2. Das Stadtzentrum von Frankfurt ist ganz modern.	64
B1	mögen		mögen, mag, mochte, hat gemocht	1. Ich mag keinen Reis. / 2. Möchtest du noch ein Stück Kuchen? / 3. Ich möchte gern Herrn Schmidt sprechen. / 4. Herr Müller, Sie möchten bitte sofort zum Chef kommen.	64
B1	möglich		möglich	Kann ich bitte sofort einen Termin haben? – Das ist leider nicht möglich.	64
B1	Möglichkeit	die	die Möglichkeit, -en	Sie wollen ans Meer? Da gibt es mehrere Möglichkeiten.	64
B1	möglichst		möglichst	1. Sagen Sie mir bitte möglichst bald, ob Ihnen der Termin passt. / 2. Wir suchen eine Wohnung, möglichst im Erdgeschoss.	64
B1	Möhre	die	die Möhre, -n (D) → Karotte; CH: Rüebli	Hasen fressen gern Möhren.	64
B1	Moment	der	der Moment, -e	1. Warten Sie bitte einen Moment. / 2. Einen Moment bitte. / 3. Ich habe im Moment sehr viel zu tun.	64
B1	Mond	der	der Mond, -e	Bei Vollmond kann ich nicht schlafen.	64
B1	Monitor	der	der Monitor, -e	Ich habe mir einen größeren Monitor gekauft. Das ist besser für meine Augen.	64
B1	Motor	der	der Motor, -en	Der Motor ist kaputt. Das Auto fährt nicht mehr.	64
B1	Motorrad	das	das Motorrad, ¨-er	Oskar fährt jeden Tag mit dem Motorrad zur Arbeit.	64
B1	müde		müde	Ich bin müde. Ich gehe schlafen.	64
B1	Mühe	die	die Mühe	1. Vielen Dank für Ihre Mühe. / 2. Mit ein bisschen mehr Mühe können wir das schaffen.	64
B1	Müll	der	der Müll	1. Bringst du bitte noch den Müllsack raus? / 2. Wir müssen den Müll trennen.	64
B1	Müllabfuhr	die	die Müllabfuhr	Die Müllabfuhr kommt zweimal pro Woche.	64
B1	Mülltonne	die	die Mülltonne, -n	Die Mülltonne ist voll.	65
B1	Mund	der	der Mund, ¨-er	Sie haben Halsschmerzen? Bitte machen Sie mal den Mund auf.	65
B1	mündlich		mündlich	Die mündliche Prüfung ist erst nächste Woche.	65
B1	Münze	die	die Münze, -n	Der Automat nimmt nur Münzen.	65
B1	Museum	das	das Museum, Museen	Wir waren mit unserer Klasse im Museum.	65
B1	Musik	die	die Musik	1. Wie findest du die Musik? / 2. Spanische Musik mag ich sehr. / 3. Was für Musik hörst du gern?	65
B1	musikalisch		musikalisch	1. Sie ist sehr musikalisch: Sie spielt Klavier, Flöte und Geige. / 2. Das musikalische Angebot gefällt mir.	65
B1	Musiker	der	der Musiker, -	Mein Bruder möchte Musiker werden.	65
B1	Musikerin	die	die Musikerin, nen		65
B1	Muskel	der	der Muskel, -n	Im Fitness-Studio trainieren wir unsere Muskeln.	65
B1	Müesli/Müsli	das	das Müesli/Müsli, -	Zum Frühstück gibt es Müsli mit Obst.	65
B1	müssen		müssen, muss, musste, hat gemusst (hat müssen als Modalverb)	1. Wie lange müssen Sie arbeiten? / 2. Sie müssen die Miete pünktlich überweisen. / 3. Ich muss jeden Tag von 8 bis 18 Uhr arbeiten. / 4. Du musst mich nicht abholen. Nur wenn du willst.	65
B1	Mut	der	der Mut	Man braucht viel Mut, um in einem fremden Land ganz neu anzufangen.	65
B1	mutig		mutig	Es war sehr mutig von dir, deine Meinung laut zu sagen.	65
B1	Mutter	die	die Mutter, ¨-	1. Meine Mutter heißt Klara. / 2. Dieser Raum ist für Mütter mit kleinen Kindern reserviert.	65
B1	nach		nach	1. Ich fahre morgen nach Hamburg. / 2. Ich muss jetzt nach Hause. / 3. Wir treffen uns nach dem Essen. / 4. Es ist schon nach acht. Wir müssen uns beeilen.	65
B1	Nachbar	der	der Nachbar, -n	Meine neue Nachbarin ist sehr nett.	65
B1	Nachbarin	die	die Nachbarin, nen		65
B1	nachdem		nachdem	Nachdem wir gegessen hatten, sind wir spazieren gegangen.	65
B1	nachdenken		nachdenken, denkt nach, dachte nach, hat nachgedacht	Ich weiß nicht, was ich machen soll. Ich muss nachdenken.	65
B1	Nachfrage	die	die Nachfrage, -n	Die Nachfrage für dieses Produkt ist groß.	65
B1	nachher		nachher	Ich rufe nachher nochmal an.	65
B1	Nachhilfe	die	die Nachhilfe, -n	Der Schüler braucht Nachhilfe in Mathematik.	65
B1	Nachricht	die	die Nachricht, -en	1. Ich habe eine gute Nachricht für Sie. / Sie haben die Prüfung bestanden. / 2. Ich habe im Radio die Nachrichten gehört. / 3. Im Moment bin ich nicht zu Hause. / Aber Sie können eine Nachricht hinterlassen.	65
B1	nachschlagen		nachschlagen, schlägt	Ich kenne das Wort nicht. Das musst	65
B1	nach		nach, schlug nach, hat nachgeschlagen	du im Wörterbuch nachschlagen.	65
B1	Nachspeise	die	die Nachspeise, -n	Nach dem Essen gab es noch eine	65
B1	(D		(D, A) → Dessert	leckere Nachspeise	65
B1	nächst-		nächst-	1. Wo ist hier die nächste Apotheke? / 2. Rufen Sie bitte nächste Woche noch einmal an. / 3. Wann fährt der nächste Zug nach Frankfurt? / 4. Wer ist der Nächste bitte?	65
B1	Nachteil	der	der Nachteil, -e	Einen Nachteil hat die Wohnung. Sie liegt nicht zentral.	65
B1	Nachwuchs	der	der Nachwuchs	1. Der Nachwuchs bei Forschern soll gefördert werden. / 2. Die Katze hat Nachwuchs bekommen.	65
B1	Nadel	die	die Nadel, -n	Hast du eine Nadel für mich? Ich muss einen Knopf annähen.	65
B1	Nagel	der	der Nagel, ¨-	1. Kannst du mir den Nagel in die Wand schlagen? / 2. Ich muss mir die Fingernägel schneiden.	65
B1	nah(e)		nah(e)	Wie weit ist es zum Bahnhof? – Das ist ganz nah, nur zwei Minuten von hier.	65
B1	Nähe	die	die Nähe	Die Post ist ganz in der Nähe vom Bahnhof.	65
B1	nähen		nähen, näht, nähte, hat	1. Meine Mutter näht ihre Kleider selbst.	65
B1	genäht		genäht	2. Wir müssen die Wunde nähen.	65
B1	nähern		sich nähern, nähert sich, näherte sich, hat sich genähert	Er nähert sich dem Unfallort ganz langsam.	65
B1	Nahrungsmittel	das	das Nahrungsmittel, -	In diesen Ländern fehlen vor allem Nahrungsmittel.	66
B1	Name	der	der Name, -n	1. Wie ist Ihr Name? / 2. An den Namen kann ich mich nicht mehr erinnern.	66
B1	Familienname	der	der Familienname, -n	Ludin ist mein Familienname.	66
B1	Vorname	der	der Vorname, -n	Mein Vorname ist Thomas.	66
B1	nämlich		nämlich	Ich muss leider gehen. Ich habe nämlich noch einen Termin beim Zahnarzt.	66
B1	Nase	die	die Nase, -n	Haben Sie Nasentropfen? Ich bin stark erkältet.	66
B1	nass		nass	1. Es hat schrecklich geregnet. Ich bin ganz nass geworden. / 2. Geh nicht mit den nassen Schuhen ins Wohnzimmer.	66
B1	national/national-		national/national-	1. Das ist ein nationaler Wettbewerb. / 2. Die Nationalmannschaft ist ziemlich stark.	66
B1	Natur	die	die Natur	Ich bin gern draußen in der Natur.	66
B1	natürlich		natürlich	1. Natürlich helfen wir dir. / 2. Kommst du auch wirklich zu meiner Party? – Natürlich.	66
B1	Nebel	der	der Nebel, -	1. Wegen Nebels konnten wir gestern nicht in Frankfurt landen. / 2. Fahren Sie bei Nebel besonders vorsichtig!	66
B1	neblig		neblig	Fahr vorsichtig! Es ist neblig.	66
B1	neben		neben	1. Neben mir ist noch ein Platz frei. / 2. Darf ich mich neben dich setzen? / 3. Die Apotheke ist gleich links neben der Post.	66
B1	nebenan		nebenan	Das ist José, er wohnt nebenan.	66
B1	nebenbei		nebenbei	1. Mein Freund studiert Geschichte. Und nebenbei arbeitet er in einer Kneipe. / 2. Ich mache die Hausarbeit und nebenbei höre ich Radio.	66
B1	Neffe	der	der Neffe, -n	Meine Schwester hat zwei Kinder. / Meine Neffen sind drei und fünf Jahre alt.	66
B1	negativ		negativ	Du solltest nicht alles negativ sehen.	66
B1	nehmen		nehmen, nimmt, nahm, hat genommen	1. Was möchten Sie? – Ich nehme einen Salat. / 2. Nehmen Sie die Tabletten vor dem Essen! / 3. Wer hat die Flasche aus dem Kühlschrank genommen? / 4. Sollen wir ein Taxi nehmen? / 5. In diesem Jahr kann ich meinen Urlaub erst im Oktober nehmen.	66
B1	nein		nein	1. Noch ein Bier? – Nein, danke. / 2. Kommst du auch mit nach München? – Nein, ich habe keine Zeit.	66
B1	nennen		nennen, nennt, nannte, hat genannt	1. Mein Freund heißt Alexander, aber alle nennen ihn Alex. / 2. Wie nennt man dieses Gerät?	66
B1	Nerv	der	der Nerv, -en	1. Er leidet an einer Nervenkrankheit. / 2. Mach bitte das Radio aus. Die Musik geht mir auf die Nerven.	66
B1	nervös		nervös	1. Das Warten macht mich ganz nervös. / 2. Bei Prüfungen bin ich immer sehr nervös.	66
B1	nett		nett	1. Die Leute sind hier sehr nett. / 2. Ich habe viele nette Kollegen. / 3. Vielen Dank! Das ist sehr nett von Ihnen. / 4. Die Nachbarn waren sehr nett zu uns.	66
B1	Netz	das	das Netz, -e	1. Bitte bring ein Netz Orangen. / 2. Der Ball berührte das Netz. / 3. Seid ihr schon ans Netz angeschlossen?	66
B1	Netzwerk	das	das Netzwerk, -e	1. Soziale Netzwerke sind wichtig. / 2. Das Telefonnetzwerk wird ständig erweitert.	66
B1	neu		neu	1. Mein Wagen ist noch ganz neu. / 2. Wir haben eine neue Wohnung. / 3. Man darf hier nicht mehr rauchen? Das ist mir ganz neu.	66
B1	Neuigkeit	die	die Neuigkeit, -en	In dieser Sache gibt es keine Neuigkeiten.	66
B1	neugierig		neugierig	Die Nachbarn sind ziemlich neugierig.	66
B1	neulich		neulich	Ich war neulich bei der Bank und habe einen alten Freund getroffen.	66
B1	nicht		nicht	1. Zigarette? - Danke, ich rauche nicht. / 2. Wie geht es dir? – Nicht so gut. / 3. Das Essen in der Kantine ist gar nicht schlecht. / 4. Du kommst immer zu spät! - Das stimmt nicht.	66
B1	Nichte	die	die Nichte, -n	Die Tasche ist ein Geschenk von meiner Nichte.	66
B1	Nichtraucher	der	der Nichtraucher, -	1. In unserer Familie sind alle	66
B1	Nichtraucherin	die	die Nichtraucherin, -nen	Nichtraucher. / 2. Möchten Sie einen Tisch im Nichtraucherbereich?	66
B1	nichts		nichts	1. Ich habe noch nichts gegessen. / 2. Ich weiß auch nichts Genaues. / 3. Ich habe nichts zum Schreiben dabei. / 4. Entschuldigung! – Das macht nichts.	67
B1	nie		nie	1. Der Chef ist nie da. / 2. Warum bist du nie zufrieden? / 3. Bis morgen Abend schaffe ich die Arbeit nie. / 4. Ich gehe nie wieder in dieses Restaurant.	67
B1	niedrig		niedrig	1. Die Räume hier sind mir zu niedrig. / 2. Für die Jahreszeit sind die Temperaturen zu niedrig. / 3. Die Firma zahlt sehr niedrige Löhne.	67
B1	niemand		niemand	Ich habe geklingelt. Aber es war niemand zu Hause.	67
B1	nirgends		nirgends	1. Ich kann die Quittung nirgends finden. / 2. Hier kann man nirgends parken.	67
B1	nirgendwo		nirgendwo	Die Schlüssel kann ich nirgendwo finden.	67
B1	noch		noch	1. Mein Bruder geht noch zur Schule. / 2. Bist du fertig. – Nein, noch nicht ganz. / 3. Haben Sie noch einen Wunsch? – Ja, bitte noch ein Bier. / 4. Sonst noch etwas? – Nein, danke. / 5. Ich komme später. Ich muss erst noch einkaufen. / 6. Meine Freundin studiert, und abends arbeitet sie noch als Kellnerin. / 7. Es ist nicht mehr viel Zeit. Nur noch fünf Minuten. / 8. Ich habe nur noch 20 Euro. / 9. Ist das Essen schon fertig. – Nein, es dauert noch ein paar Minuten. / 10.Ist Amadeo schon da? – Vielleicht kommt er noch.	67
B1	noch mal		noch mal	1. Vielen Dank nochmal. / 2. Bitte sagen Sie das nochmal.	67
B1	nochmals		nochmals	Nochmals vielen Dank!	67
B1	normal		normal	Fehler zu machen ist doch ganz normal.	67
B1	normalerweise		normalerweise	Wann haben Sie normalerweise Pause?	67
B1	Not-		Not-		67
B1	Notaufnahme	die	die Notaufnahme, -n	Die Notaufnahme ist gleich hier links.	67
B1	Notausgang	der	der Notausgang, ¨-e	Der Notausgang ist gleich hier bei der Treppe.	67
B1	Notfall	der	der Notfall, ¨-e	1. Wir haben einen Notfall. Bitte schicken Sie einen Krankenwagen. / 2. Im Notfall rufen Sie bitte diese Nummer an.	67
B1	Notruf	der	der Notruf	Der Notruf hat die Nummer 110.	67
B1	Note	die	die Note, -n	1. Eva hat immer sehr gute Noten in Mathematik. / 2. Meine Kinder lernen im Musikunterricht gerade Noten lesen.	67
B1	notieren		notieren	Ich habe mir den Termin notiert.	67
B1	nötig		nötig	1. Wenn es nötig ist, nehmen Sie noch eine Tablette. / 2. Kann ich Ihnen helfen? – Danke, nicht nötig.	67
B1	Notiz	die	die Notiz, -en	1. Ich habe Ihnen eine Notiz geschrieben. / 2. Hast du einen Notizzettel für mich?	67
B1	notwendig		notwendig	Muss ich nochmal wiederkommen? – Nein, das ist nicht notwendig.	67
B1	Nudel	die	die Nudel, -n	Möchten Sie Nudeln oder Reis? – Lieber Nudeln.	67
B1	Nummer	die	die Nummer, -n	1. Ich habe mich in der Hausnummer geirrt. / 2. Ich habe die falsche Nummer gewählt. / 3. Der Wagen hatte eine Münchner Nummer. / 4. Sie haben Zimmer Nummer zwölf. / 5. Bitte geben Sie mir Ihre Kontonummer. / 6. Haben Sie die Bluse eine Nummer kleiner?	67
B1	nun		nun	1. Schade, dass du arbeiten musst. – Das ist nun mal so. / 2. Was ist jetzt? Kommst du nun endlich?	67
B1	nur		nur	1. Im Kaufhaus gibt‘s T-Shirts für nur fünf Euro. / 2. Ich habe keinen Hunger. Ich möchte nur etwas trinken. / 3. Ich habe nur heute Abend Zeit. / 4. Kannst du mir Geld leihen? Tut mir leid. Ich habe nur fünf Euro dabei.	67
B1	nutzen		nutzen, nutzt, nutzte, hat genutzt	Ich möchte das schöne Wetter nutzen und spazieren gehen.	67
B1	nützen		nützen, nützt, nützte, hat genützt	Ich habe jeden Tag eine Tablette genommen. Aber es hat nichts genützt.	67
B1	nützlich		nützlich	Danke für den Tipp. Das war sehr nützlich.	67
B1	ob		ob	Ich weiß noch nicht, ob ich kommen kann.	68
B1	oben		oben	1. Wir wohnen oben im 4. Stock. / 2. Die Butter liegt im Kühlschrank ganz oben.	68
B1	ober-		ober-	Die Wohnung im oberen Stockwerk ist vermietet.	68
B1	Ober	der	der Ober, - (D, A) → Kellner; CH: Serviceangestellter	Ich bin Ober von Beruf.	68
B1	das/der		das/der (Schlag-)Obers (A) →D: (Schlag-)Sahne; CH: (Schlag-)Rahm	Ich hätte gern ein Stück Torte mit (Schlag-)Obers.	68
B1	Obst	das	das Obst (D, A) →CH: Früchte	Obst kaufe ich am liebsten auf dem Markt.	68
B1	obwohl		obwohl	Obwohl meine Kollegin krank ist, geht sie arbeiten.	68
B1	oder		oder	1. Möchten Sie Kaffee oder Tee? / 2. Entweder wir fahren mit dem Bus oder wir gehen zu Fuß.	68
B1	(Back-)Ofen	der	der (Back-)Ofen, ¨- (D, CH) →A: (Back-)Rohr	Ich habe gerade eine Pizza gemacht. / Sie ist ganz frisch aus dem Ofen.	68
B1	offen		offen	1. Komm rein. Die Haustür ist offen. (A) (D: auf) / 2. Ich glaube, der Supermarkt ist jetzt noch offen. / 3. Im Sommer schlafe ich immer bei offenem Fenster. / 4. Ich habe mit meinem Kollegen ganz offen über mein Problem gesprochen. / 5. Einzelne Fragen sind noch offen.	68
B1	öffentlich		öffentlich	1. In der Stadt fahre ich immer mit öffentlichen Verkehrsmitteln. / 2. In öffentlichen Gebäuden darf man nicht rauchen.	68
B1	Öffentlichkeit	die	die Öffentlichkeit	1. Von solchen Dingen erfährt die Öffentlichkeit nur selten. / 2. Ich möchte in der Öffentlichkeit nicht streiten.	68
B1	veröffentlichen		veröffentlichen, veröffentlicht, veröffentlichte, hat veröffentlicht	Das Buch wurde gestern veröffentlicht.	68
B1	offenbar		offenbar	Das Restaurant ist heute offenbar geschlossen.	68
B1	offiziell		offiziell	Sie bekommen von uns eine offizielle Einladung.	68
B1	öffnen		öffnen, öffnet, öffnete, hat geöffnet	1. Wann öffnen die Geschäfte? / 2. Kannst du bitte das Fenster öffnen? / 3. Kannst Du mir helfen? Ich kann die Dose nicht öffnen. / 4. Du öffnest die Datei mit einem Doppelklick. / 5. Der Laden ist samstags bis 16 Uhr geöffnet.	68
B1	oft/öfter		oft/öfter	1. Ich treffe mich oft mit meiner Freundin. / 2. In letzter Zeit muss ich öfter Überstunden machen.	68
B1	ohne		ohne	1. Bitte eine Pizza ohne Zwiebeln. / 2. Ohne Auto ist es schwer, zur Arbeit zu kommen. / 3. Mein Sohn ist einfach mit dem Auto weggefahren, ohne mich zu fragen. / 4. In diesem Haus kann man nichts machen, ohne dass die Nachbarn darüber reden.	68
B1	Ohr	das	das Ohr, -en	1. Ich habe Ohrenschmerzen. / 2. Das Baby hat aber kleine Ohren!	68
B1	Öko-		Öko- (ökologisch)	z.B. Ökoladen, Ökostrom, ökologischer Anbau	68
B1	Öl	das	das Öl, -e	1. Es fehlt Öl am Salat. / 2. Wir heizen mit Öl. / 3. Können Sie bei meinem Auto bitte das Öl kontrollieren?	68
B1	Oma	die	die Oma, -s	Meine Oma ist achtzig Jahre alt geworden.	68
B1	Onkel	der	der Onkel, -	Nächste Woche fahre ich zu meinem Onkel nach Berlin.	68
B1	Opa	der	der Opa, -s	Mein Opa heißt Hans.	68
B1	Oper	die	die Oper, -n	1. Ich mag Opern. / 2. Warst du schon mal in der Oper?	68
B1	operieren		operieren, operiert, operierte, hat operiert	Wir müssen das Knie sofort operieren.	68
B1	Operation	die	die Operation, -en	Seit der Operation kann ich mein Knie nicht mehr bewegen.	68
B1	Opfer	das	das Opfer, -	Bei der Schiffskatastrophe gab es viele Opfer.	68
B1	optimistisch		optimistisch	Glaubst du, dass du den Job bekommst. – Ja, ich bin ganz optimistisch.	68
B1	Orange	die	die Orange, -n	Ich esse gern Orangen.	68
B1	Orchester	das	das Orchester, -	Auf unserer Hochzeit hat ein kleines Orchester gespielt.	68
B1	ordentlich		ordentlich	1. Mein Bruder ist ein sehr ordentlicher Mensch. / 2. Auf seinem Schreibtisch sieht es immer sehr ordentlich aus.	69
B1	Ordination	die	die Ordination, -en (A) → Praxis	Die Ordination bleibt bis zum 7. Jänner geschlossen.	69
B1	Ordination	die	die Ordination, -en (A) → Sprechstunde	Frau Dr. Berger hat von 8 bis 12 Uhr Ordination.	69
B1	ordnen		ordnen, ordnet, ordnete, hat geordnet	Letztes Wochenende habe ich meine Papiere geordnet.	69
B1	Ordner	der	der Ordner, -	Für meine Übungen im Deutschkurs habe ich mir einen Ordner gekauft.	69
B1	Ordnung	die	die Ordnung	1. Mach mal etwas Ordnung in deinem Zimmer! / 2. Bitte beachten Sie die Hausordnung. / 3. Mit dem Motor ist etwas nicht in Ordnung.	69
B1	organisieren		organisieren, organisiert, organisierte, hat organisiert	Für den nächsten Sommerurlaub habe ich schon alles organisiert.	69
B1	Organisation	die	die Organisation, -en	1. Die Organisation des Festes war sehr gut. / 2. Sind Sie Mitglied in einer Organisation?	69
B1	Original	das	das Original, -e	Das Original ist für Sie. Wir bekommen die Kopie.	69
B1	original		original	Ich muss das originale Dokument abgeben.	69
B1	Ort	der	der Ort, -e	Vergessen Sie Ort und Datum nicht.	69
B1	Vorort	der	der Vorort, -e	Mein Bruder wohnt in einem Vorort von Hamburg.	69
B1	Wohnort	der	der Wohnort, -e	Tragen Sie bitte auch Ihren Wohnort ein.	69
B1	Ozean	der	der Ozean, -e	Dieses Schiff fährt über den Atlantischen Ozean.	69
B1	(ein) paar		(ein) paar	1. Ich komme gleich. Es dauert nur ein paar Minuten. / 2. Wir fahren mit ein paar Freunden in Urlaub.	69
B1	Paar	das	das Paar, -e	1. Ina und Pedro sind ein Paar. / 2. Gestern habe ich mir ein Paar neue Schuhe gekauft.	69
B1	packen		packen, packt, packte, hat gepackt	Ich muss noch meinen Koffer packen.	69
B1	Paket	das	das Paket, -e	Hast du das Paket zur Post gebracht?	69
B1	Panne	die	die Panne, -n	1. Kurz vor München hatten wir eine Panne mit dem Auto. / 2. Die Reise war schlecht organisiert, es gab mehrere Pannen.	69
B1	Papier	das	das Papier, -e	1. Hast du ein Blatt Papier für mich? / 2. Bitte bringen Sie zu dem Termin alle Papiere mit.	69
B1	Paradeiser	der	der Paradeiser, - (A) →Tomate	Kauf bitte noch Paradeiser auf dem Markt.	69
B1	parallel		parallel	Die Goethestraße ist parallel zur Hauptstraße.	69
B1	Parfüm	das	das Parfüm, -s	Zum Geburtstag habe ich von meinem Mann ein Parfüm bekommen.	69
B1	Park	der	der Park, -s	Ich gehe gern im Park spazieren.	69
B1	parken		parken, parkt, parkte, hat	1. Hier dürfen Sie nicht parken.	69
B1	geparkt		geparkt (D, A) →CH: parkieren	2. Hier ist das Parken verboten.	69
B1	parkieren		parkieren, parkiert, parkierte, hat parkiert	1. Hier dürfen Sie nicht parkieren. / 2. Hier ist das Parkieren verboten.	69
B1	(CH)		(CH) →D, A: parken		69
B1	Partner	der	der Partner, -	1. Wir haben das Geschäft zusammen.	69
B1	Partnerin	die	die Partnerin, -nen	Wir sind Partner. / 2. Beide Partner kümmern sich um die Kinder. / 3. Herr Aydin ist mein Geschäftspartner.	69
B1	Party	die	die Party, -s	Letzte Woche war ich auf einer Geburtstagsparty.	69
B1	Pass	der	der Pass, ¨-e	1. Ich muss meinen Pass verlängern lassen. / 2. Im Hotel brauchst du bei der Anmeldung deinen Pass.	69
B1	Passagier	der	der Passagier, -e	Die Passagiere Schulz und Kaufmann	69
B1	Passagierin	die	die Passagierin, -nen	sollen bitte zur Information kommen.	69
B1	passen		passen, passt, passte, hat gepasst	1. Der Pullover passt mir nicht mehr. / 2. Wann soll ich kommen? Passt es Ihnen morgen Abend? / 3. Passt das T-Shirt zu diesem Rock?	69
B1	passieren		passieren, passiert, passierte, ist passiert	1. Entschuldigung! – Kein Problem. Es ist nichts passiert. / 2. Wie ist der Unfall passiert? / 3. Man hat mir die Brieftasche gestohlen. – Das ist mir auch schon passiert.	69
B1	passiv		passiv	Man sollte im Kurs nicht passiv sein, sondern mitdiskutieren.	69
B1	Patient	der	der Patient, -en	Ich bin Patientin bei Dr. Hausner. Ich	70
B1	Patientin	die	die Patientin, -nen	möchte bitte einen Termin.	70
B1	pauschal		pauschal	Sie haben die Reise pauschal gebucht.	70
B1	Pause	die	die Pause, -n	Wir machen zehn Minuten Pause.	70
B1	Pech	das	das Pech	1. Es regnet. Unser Picknick fällt leider aus. – So ein Pech! / 2. Wir hatten im Urlaub Pech mit dem Wetter.	70
B1	peinlich		peinlich	1. Das muss dir nicht peinlich sein. / 2. Das war eine peinliche Situation.	70
B1	Pension	die	die Pension, -en	Im Urlaub haben wir in einer kleinen Pension gewohnt.	70
B1	Pension	die	die Pension, -en (A, CH) → D, CH: Rente	Sie ist 67 und bekommt jetzt eine gute Pension.	70
B1	in Pension gehen/sein		in Pension gehen/sein (D, A) →D: in Rente	1. Ich gehe Ende des Jahres in Pension. / 2. Mein Nachbar ist seit zehn Jahren in	70
B1	gehen/sein; D		gehen/sein; D, CH: pensioniert werden/sein	Pension.	70
B1	pensioniert werden/sein		pensioniert werden/sein	1. Ich werde Ende des Jahres pensioniert.	70
B1	(D		(D, CH) →D, A: in Pension	2. Mein Nachbar ist seit zehn Jahren pen-	70
B1	gehen/sein; D: in Rente		gehen/sein; D: in Rente	sioniert.	70
B1	gehen/sein		gehen/sein		70
B1	Pensionist	der	der Pensionist, -en / die	Meine Großmutter arbeitet nicht mehr.	70
B1	Pensionistin		Pensionistin, -nen (A) →D, CH: Rentner	Sie ist Pensionistin.	70
B1	per		per	Wie kann ich mich für den Kurs anmelden? – Per Fax oder E-Mail.	70
B1	perfekt		perfekt	Die Reiseorganisation war perfekt.	70
B1	Perron	der	der Perron, -s (CH) →D, A: Bahnsteig	Auf Hauptbahnhöfen gibt es meist viele Perrons.	70
B1	Person	die	die Person, -en	Eintritt pro Person: 2 Euro.	70
B1	persönlich		persönlich	1. Hier gibt es zu viele Autos. Das ist meine persönliche Meinung. / 2. Ich muss Herrn Meier persönlich sprechen.	70
B1	Personalien	die	die Personalien (Pl.)	Mein Kollege wird Ihre Personalien aufnehmen.	70
B1	Personenstand	der	der Personenstand →D, A: Familienstand; CH: Zivilstand	Bei „Personenstand“ musst du „ledig“ ankreuzen.	70
B1	Personal	das	das Personal	Dieser Eingang ist nur für das Personal.	70
B1	Pfanne	die	die Pfanne, -n (CH) →D, A: Topf	Hast du keine größere Pfanne? Ich möchte Kartoffeln kochen.	70
B1	Pfeffer	der	der Pfeffer	Bringen Sie uns bitte Pfeffer und Salz.	70
B1	pflanzen		pflanzen, pflanzt, pflanzte, hat gepflanzt	Lass uns einen Baum pflanzen!	70
B1	Pflanze	die	die Pflanze, -n	Wenn wir im Urlaub sind, gießt die Nachbarin unsere Pflanzen.	70
B1	Pflaster	das	das Pflaster, -	Hast du ein Pflaster? Ich habe mich geschnitten.	70
B1	Pflaume	die	die Pflaume, -n	Ich esse gern Pflaumen und noch lieber Pflaumenkuchen.	70
B1	pflegen		pflegen, pflegt, pflegte, hat gepflegt	Meine Mutter ist sehr krank. Ich muss sie pflegen.	70
B1	Pfleger	der	der Pfleger, -	Meine Freundin ist Pflegerin in einem	70
B1	Pflegerin	die	die Pflegerin, -nen	Altersheim.	70
B1	Pflicht	die	die Pflicht, -en	Als Autofahrer müssen Sie eine Versicherung haben. Das ist Pflicht.	70
B1	Phantasie/Fantasie	die	die Phantasie/Fantasie, -n	Mein Sohn malt sehr gut. Er hat viel Phantasie.	70
B1	Picknick	das	das Picknick, -s	Am Sonntag machen wir ein Picknick.	70
B1	Pille	die	die Pille, -n	Der Arzt hat mir neue Pillen verschrieben.	70
B1	Pilz	der	der Pilz, -e → A: Schwammerl	Haben Sie frische Pilze?	70
B1	Pizza	die	die Pizza, -s/Pizzen	Lass uns eine Pizza bestellen!	70
B1	Plakat	das	das Plakat, -e	Im Unterricht haben wir ein Plakat gemacht.	70
B1	planen		planen, plant, plante, hat geplant	1. Wir haben geplant, diesmal im Urlaub nach Österreich zu fahren. / 2. Unser Familientreffen ist für Juni geplant.	70
B1	Plan	der	der Plan, ¨-e	1. Was macht ihr im Sommer? – Ich weiß noch nicht, wir haben noch keine Pläne. / 2. Haben Sie einen Plan von Berlin?	70
B1	Planung	die	die Planung, -en	Unsere Planung für das Sommerfest steht schon lange.	70
B1	Plastik	das	das Plastik	Was für ein Spielzeug möchten Sie? / Aus Plastik oder aus Holz?	70
B1	Platz	der	der Platz, ¨-e	1. In unserer Wohnung haben wir nicht genug Platz. / 2. Ist dieser Platz noch frei? / 3. Nehmen Sie bitte Platz. / 4. Die Post ist auf dem Platz, direkt am Markt.	70
B1	plötzlich		plötzlich	Es war zuerst so schön. Plötzlich hat es angefangen zu regnen.	70
B1	Politik	die	die Politik	Ich interessiere mich nicht für Politik.	71
B1	Politiker	der	der Politiker, -	Weißt du, wie dieser Politiker heißt?	71
B1	Politikerin	die	die Politikerin, -nen		71
B1	politisch		politisch	1. Ich diskutiere mit meinem Mann oft über politische Probleme. / 2. Die politischen Meinungen zum Thema Umwelt sind sehr verschieden.	71
B1	Polizei	die	die Polizei	1. Rufen Sie bitte die Polizei. / 2. Er arbeitet bei der Polizei.	71
B1	Polizist	der	der Polizist, -en	Die Ampel war kaputt. Ein Polizist hat	71
B1	Polizistin	die	die Polizistin, -nen	den Verkehr geregelt.	71
B1	Pommes frites	die	die Pommes frites (Pl.)	Die Kinder essen gern Würstchen mit Pommes frites.	71
B1	populär		populär	Diese Musik ist bei Jugendlichen populär.	71
B1	Portemonnaie/Portmonee	das	das Portemonnaie/Portmonee, -s (D, CH) →Brieftasche; A: Geldbörse	Ich habe nur Kleingeld in meinem Portemonnaie.	71
B1	Portion	die	die Portion, -en	Bitte, eine große Portion Sahne!	71
B1	positiv		positiv	1. Wir haben eine positive Nachricht für Sie. Sie bekommen die Stelle. / 2. Man muss positiv denken.	71
B1	Post	die	die Post	1. Die Post macht erst um 8 Uhr auf. / 2. Meine Frau arbeitet bei der Post. / 3. Ist Post für mich da?	71
B1	Postleitzahl	die	die Postleitzahl, -en	Weißt du die Postleitzahl der Kollwitzstraße in Berlin?	71
B1	Pöstler	der	der Pöstler, - / die Pöstlerin, -nen (CH) → Briefträger	War die Pöstlerin schon da?	71
B1	Poulet	das	das Poulet, -s (CH) →D: Hähnchen/Hühnchen; A: Hend(e)l	Zum Mittagessen gibt es Poulet mit Reis.	71
B1	Praktikum	das	das Praktikum, Praktika	Ich mache diesen Sommer drei Monate ein Praktikum bei einer Firma.	71
B1	Praktikant	der	der Praktikant, -en	Bei dieser Firma habe ich zwei Jahre	71
B1	Praktikantin	die	die Praktikantin, -nen	als Praktikantin gearbeitet.	71
B1	praktisch		praktisch	1. Ich finde diese Küchenmaschine sehr praktisch. / 2. Ich habe letzte Woche den Führerschein gemacht. Jetzt fehlt mir noch praktische Erfahrung. / 3. Dieses Handy kann praktisch alles, was ein Computer kann.	71
B1	präsentieren		präsentieren	Präsentieren Sie Ihre Ergebnisse bitte im Kurs.	71
B1	Präsentation	die	die Präsentation, -en	Die Schülerin hat für ihre Präsentation eine gute Note bekommen.	71
B1	Praxis	die	die Praxis	Das ist die Theorie. In der Praxis ist vieles ganz anders.	71
B1	Praxis	die	die Praxis, Praxen →A: Ordination	Die Arztpraxis bleibt bis zum 7. Januar geschlossen.	71
B1	Preis	der	der Preis, -e	1. Die Preise sind schon wieder gestiegen. / 2. Wer hat den ersten Preis gewonnen?	71
B1	preiswert		preiswert	Die Jacke ist sehr preiswert.	71
B1	Presse	die	die Presse	Darüber konnte sich jeder in der Presse informieren.	71
B1	prima		prima	Mit diesen Leuten verstehe ich mich prima.	71
B1	privat		privat	1. Hier meine Nummer im Büro und meine private Nummer. / 2. Über meine Probleme möchte ich nicht sprechen. Das ist privat. / 3. Ich treffe meine Arbeitskollegen auch privat.	71
B1	pro		pro	Eintritt pro Person: zwei Euro.	71
B1	probieren		probieren, probiert, probierte, hat probiert	1. Haben Sie dieses Waschmittel schon einmal probiert? / 2. Ich habe probiert, die Zeitung zu lesen, aber es war zu schwer. / 3. Darf ich die Schuhe anprobieren?	71
B1	probieren		probieren, probiert, probierte, hat probiert (D, CH) →A: kosten	Möchten Sie den Käse mal probieren?	71
B1	Problem	das	das Problem, -e	José spricht nicht gern über seine Probleme.	71
B1	produzieren		produzieren, produziert, produzierte, hat produziert	Unsere Firma produziert Feuerzeuge.	71
B1	Produkt	das	das Produkt, -e	1. Unsere Produkte haben eine hohe Qualität. / 2. Der Arzt sagt, ich soll keine fertigen Produkte essen.	71
B1	Produktion	die	die Produktion	Die Produktion von Käse dauert oft viele Wochen.	71
B1	Professor	der	der Professor, -en	Unsere Nachbarin ist Professorin an	71
B1	Professorin	die	die Professorin, -nen	der Universität.	71
B1	Profi	der	der Profi, -s	Keine Angst. Mein Bruder kann die Heizung bestimmt reparieren. Er ist doch ein Profi.	71
B1	Profisportler	der	der Profisportler, -	Mein Sohn möchte Profisportler	72
B1	Profisportlerin	die	die Profisportlerin, -nen	werden.	72
B1	Programm	das	das Programm, -e	1. Hast du schon ins Programm geguckt? / Gibt es heute im Fernsehen einen schönen Film? / 2. Mit welchen Programmen arbeitest du am Computer?	72
B1	Projekt	das	das Projekt, -e	Der Staat fördert Projekte für Kinder und Jugendliche.	72
B1	Prospekt	der	der Prospekt, -e	Bitte schicken Sie mir einen Prospekt von Ihrem Hotel.	72
B1	Prost		Prost	Wir trinken auf Ihre Gesundheit! Prost!	72
B1	protestieren		protestieren, protestiert, protestierte, hat protestiert	Wir protestieren gegen den Bau der Autobahn.	72
B1	Protest	der	der Protest, -e	Alle Proteste haben nichts genützt.	72
B1	Prozess	der	der Prozess, -e	Der Prozess wird direkt aus dem Gerichtssaal im Fernsehen übertragen.	72
B1	prüfen		prüfen, prüft, prüfte, hat	Bitte prüfen Sie sofort, ob die	72
B1	geprüft		geprüft	Rechnung stimmt.	72
B1	Prüfung	die	die Prüfung, -en	Mein Freund hat die Prüfung bestanden.	72
B1	Publikum	das	das Publikum	Es war ein tolles Konzert. Das Publikum war begeistert.	72
B1	Pullover	der	der Pullover, -	Ich habe mir einen Pullover gekauft.	72
B1	Punkt	der	der Punkt, -e	1. Das Konzert beginnt um Punkt 20 Uhr. / 2. Beim letzten Satz fehlt der Punkt. / 3. Diesen Punkt haben wir noch nicht besprochen.	72
B1	pünktlich		pünktlich	1. Seien Sie bitte pünktlich. / 2. Der Bus fährt pünktlich um acht Uhr.	72
B1	Puppe	die	die Puppe, -n	Unsere kleine Tochter bekommt zum Geburtstag eine Puppe.	72
B1	putzen		putzen, putzt, putzte, hat geputzt	1. Ich muss heute noch die Wohnung putzen. / 2. Hast du dir schon die Zähne geputzt?	72
B1	Qualifikation	die	die Qualifikation, -en	Für diese Arbeit haben Sie gute Qualifikationen.	72
B1	Qualität	die	die Qualität, -en	Für mich ist nicht nur der Preis wichtig, sondern auch die Qualität.	72
B1	Quartier	das	das Quartier, -e (CH) →D, A: Viertel	Wir wohnen in einem schönen Quartier.	72
B1	quer		quer	Ich muss zu meiner Arbeit quer durch die ganze Stadt fahren.	72
B1	Quittung	die	die Quittung, -en	Brauchen Sie eine Quittung?	72
B1	Quiz	das	das Quiz	Er hat beim Quiz gewonnen.	72
B1	Rabatt	der	der Rabatt, -e	Sie bekommen zehn Prozent Rabatt.	72
B1	Rad	das	das Rad, ¨-er	Hast du noch ein Rad? Ich bin durch Glas gefahren und jetzt ist mein Rad kaputt.	72
B1	Rad	das	das Rad, ¨-er (D, A) → Fahrrad; CH: Velo	1. Sie fährt jeden Morgen mit dem Rad zur Arbeit. / 2. Am Sonntag fahren wir oft Rad.	72
B1	Radfahrer	der	der Radfahrer, -	Achtung! Da kommt eine Radfahrerin.	72
B1	Radfahrerin	die	die Radfahrerin, -nen		72
B1	Radio	das	das Radio, -s	1. Ich möchte mir ein neues Radio kaufen. / 2. Ich höre gern Radio.	72
B1	(Schlag-)Rahm	der	der (Schlag-)Rahm (CH) → D: (Schlag-)Sahne, A: (Schlag-)Obers	Ich hätte gern ein Stück Torte mit (Schlag-)Rahm.	72
B1	Rand	der	der Rand, ¨-er	Wir wohnen am Rand der Innenstadt. / Dort ist es billiger und ruhiger.	72
B1	Rasen	der	der Rasen, -	Bitte den Rasen nicht betreten!	72
B1	rasieren		(sich) rasieren, rasiert, rasierte, hat rasiert	Dein Bart ist aber lang! Du solltest dich mal wieder rasieren.	72
B1	raten		raten, rät, riet, hat geraten	1. Ich möchte billig Urlaub machen. Was raten Sie mir? / 2. Rate mal, wen ich heute getroffen habe! Deinen Lehrer.	72
B1	Rat	der	der Rat	Was soll ich machen? Können Sie mir einen Rat geben?	72
B1	Ratschlag		Ratschlag, ¨-e	Meine Tochter nimmt meine Ratschläge nicht an.	72
B1	Rätsel	das	das Rätsel, -	Ich kann dieses Rätsel nicht lösen.	72
B1	Rathaus	das	das Rathaus, ¨-er	1. Hier links sehen Sie das Rathaus. / 2. Die Wahl findet im Rathaus statt.	72
B1	rauchen		rauchen, raucht, rauchte, hat geraucht	1. Hier ist das Rauchen verboten! / 2. Stört es Sie, wenn ich rauche?	72
B1	Raucher	der	der Raucher, -	1. Gibt es hier ein Zimmer für Raucher?	73
B1	Raucherin	die	die Raucherin, -nen	2. Ich bin keine Raucherin. Ich bin Nichtraucherin.	73
B1	Raum	der	der Raum, ¨-e	Getränke gibt es im Raum nebenan.	73
B1	rauf/rauf-		rauf/rauf-	1. Hier ist die Treppe, also los, schnell rauf! / 2. Möchtest du nicht raufkommen?	73
B1	raus/raus-		raus/raus-	1. Willst du rein oder raus? / 2. Er ist gerade rausgelaufen.	73
B1	reagieren		reagieren, reagiert, reagierte, hat reagiert	Ich habe dem Vermieter geschrieben, aber er hat noch nicht reagiert.	73
B1	Reaktion	die	die Reaktion, -en	Diese Reaktion ist typisch für ihn.	73
B1	realisieren		realisieren, realisiert, realisierte, hat realisiert	1. Diese Pläne sind nicht zu realisieren. / 2. Ich habe nicht realisiert, dass die Zeit schon um ist.	73
B1	Realität	die	die Realität, -en	Das gefällt dir nicht? Aber das ist die Realität.	73
B1	realistisch		realistisch	Ich glaube nicht, dass du für das Auto noch so viel Geld bekommst. Das ist nicht realistisch.	73
B1	Recherche	die	die Recherche, -n	Für diesen Bericht waren viele Recherchen nötig.	73
B1	rechnen		rechnen, rechnet, rechnete, hat gerechnet	1. Meine Tochter kann gut rechnen. / 2. Im/In Rechnen hat sie eine Eins. / 3. Mit solchen Schwierigkeiten hatten wir nicht gerechnet.	73
B1	Rechner	der	der Rechner, -	Mein Rechner ist kaputt.	73
B1	Rechnung	die	die Rechnung, -en	1. Bitte, die Rechnung! / 2. Brauchen Sie für diese Reparatur eine Rechnung?	73
B1	Recht	das	das Recht, -e	1. Nach deutschem Recht kann er dafür nicht bestraft werden. / 2. Ich hatte Vorfahrt. Ich war im Recht. / 3. Die Rechnung stimmt nicht? Dann haben Sie das Recht, das Geld zurückzubekommen.	73
B1	rechtlich		rechtlich	Wir beraten Sie in rechtlichen Fragen.	73
B1	recht		recht	1. Ist es Ihnen recht, wenn ich morgen vorbeikomme? / 2. Da haben Sie recht. / 3. Da muss ich Ihnen recht geben.	73
B1	rechts		rechts	1. An der nächsten Kreuzung müssen Sie rechts abbiegen. / 2. Der Bahnhof ist da vorne rechts.	73
B1	recht-		recht-	Ich habe mir den rechten Arm gebrochen.	73
B1	rechtzeitig		rechtzeitig	Bitte weck mich rechtzeitig. Ich muss pünktlich sein.	73
B1	reden		reden, redet, redete, hat geredet	Worüber habt ihr gestern geredet?	73
B1	Rede	die	die Rede, -n	Der Präsident hat eine Rede gehalten.	73
B1	reduzieren		reduzieren, reduziert, reduzierte, hat reduziert	1. Wir haben jetzt unsere Preise reduziert. / 2. Ist dieser Pullover auch reduziert?	73
B1	Referat	das	das Referat, -e	Vielen Dank für dieses interessante Referat.	73
B1	Reform	die	die Reform, -en	Die Regierung plant für nächstes Jahr eine Reform. Die Steuern sollen steigen.	73
B1	Regal	das	das Regal, -e	Das Buch steht im Regal oben rechts.	73
B1	Regel	die	die Regel, -n	1. Im Straßenverkehr sind viele Regeln zu beachten. / 2. Wie geht dieses Spiel? Kennst du die Regeln? / 3. In der Regel geht sie um sieben Uhr aus dem Haus.	73
B1	regelmäßig		regelmäßig	Sie müssen die Tabletten regelmäßig nehmen.	73
B1	regeln		regeln, regelt, regelte, hat geregelt	Die Ampel ist kaputt. Ein Polizist regelt den Verkehr.	73
B1	regnen		regnen, es regnet, es regnete, es hat geregnet	Es hat gestern den ganzen Tag geregnet.	73
B1	Regen	der	der Regen	Bei Regen fällt das Konzert aus.	73
B1	Region	die	die Region, -en	1. In der Rhein-Main-Region sind die Mieten sehr hoch. / 2. Die Milch ist aus der Region.	73
B1	regional		regional	Du kannst mit einer Regionalbahn fahren. Das ist billiger.	73
B1	reich		reich	Wenn ich reich wäre, würde ich eine Weltreise machen.	73
B1	reichen		reichen, reicht, reichte, hat gereicht	1. Ich nehme nur eine Suppe. Das reicht mir. / 2. Wie lange reicht das Papier noch? Ich glaube, wir müssen neues bestellen.	73
B1	reif		reif	Die Banane kannst du nicht essen. Sie ist noch nicht reif.	73
B1	Reifen	der	der Reifen, -	Ihr Wagen braucht neue Reifen.	73
B1	Reihe	die	die Reihe, -n	1. Ich habe Karten für das Konzert. Wir sitzen in der dritten Reihe. / 2. Wer ist jetzt an der Reihe?	73
B1	Reihenfolge	die	die Reihenfolge, -n	Achten Sie auf die Reihenfolge der Inhaltspunkte.	74
B1	rein		rein	1. Der Pullover ist aus reiner Wolle. / 2. Es war reiner Zufall, dass ich die Uhr wiedergefunden habe. / 3. Das Wasser ist so rein, dass man es trinken kann.	74
B1	reinigen		reinigen, reinigt, reinigte, hat gereinigt	Ich möchte diesen Anzug reinigen lassen.	74
B1	Reinigung	die	die Reinigung, -en	1. Die Reinigung des Büros ist nicht teuer. / 2. Kannst du bitte die Bluse in die Reinigung bringen?	74
B1	Reis	der	der Reis	Eine Portion Huhn mit Reis, bitte.	74
B1	reisen		reisen, reist, reiste, ist gereist	Ich reise gern nach Spanien.	74
B1	Reise	die	die Reise, -n	1. Wir haben eine Reise nach Österreich gebucht. / 2. Auf der Reise haben wir nette Leute kennengelernt.	74
B1	Reisebüro	das	das Reisebüro, -s	Wir haben die Reise im Reisebüro gebucht.	74
B1	reiten		reiten, reitet, ritt, ist geritten	Möchtest du gerne reiten lernen?	74
B1	Reklame	die	die Reklame, -n	Ich möchte keine Reklame im Briefkasten.	74
B1	Rekord	der	der Rekord, -e	Es gibt einen neuen Rekord im Schwimmen.	74
B1	relativ		relativ	Die Wohnung ist relativ groß, aber sehr teuer.	74
B1	Religion	die	die Religion, -en	Religion ist für manche Menschen sehr wichtig.	74
B1	rennen		rennen, rennt, rannte, ist gerannt	Ich bin sehr schnell gerannt, aber der Bus war schon weg.	74
B1	Rente	die	die Rente, -n (D, CH) →A, CH: Pension	Sie ist 67 und bekommt jetzt eine gute Rente.	74
B1	in Rente gehen/sein		in Rente gehen/sein (D) → D, A: in Pension	1. Ich gehe Ende des Jahres in Rente. / 2. Mein Nachbar ist seit zehn Jahren in	74
B1	gehen/sein; CH		gehen/sein; CH, D: pensioniert werden/sein	Rente.	74
B1	Rentner	der	der Rentner, -	Meine Großmutter arbeitet nicht mehr.	74
B1	Rentnerin	die	die Rentnerin, -nen	Sie ist Rentnerin.	74
B1	(D		(D, CH) →A: Pensionist		74
B1	reparieren		reparieren, repariert, reparierte, hat repariert	Das Fahrrad kann man leider nicht mehr reparieren.	74
B1	Reparatur	die	die Reparatur, -en	Eine Reparatur wäre zu teuer.	74
B1	Reportage	die	die Reportage, -n	Hast du die Reportage über Afrika gesehen?	74
B1	Reporter	der	der Reporter, -	Die Reporterin macht gerade ein	74
B1	Reporterin	die	die Reporterin, -nen	Interview.	74
B1	reservieren		reservieren, reserviert, reservierte, hat reserviert	1. Dieser Tisch ist reserviert. / 2. Bitte reservieren Sie mir ein Doppelzimmer.	74
B1	Reservierung	die	die Reservierung, -en	Was kostet eine Reservierung?	74
B1	Respekt	der	der Respekt	1. Ich habe großen Respekt vor meinem Lehrer. / 2. Du solltest ihr mehr Respekt entgegenbringen. / 3. Ich habe bei der Prüfung alle Punkte erreicht! – Respekt!	74
B1	Rest	der	der Rest, -e	1. Hier sind 100 Euro. Den Rest gebe ich dir später. / 2. Es ist noch ein Rest Wein da. Möchtest du noch?	74
B1	Restaurant	das	das Restaurant, -s	Wir essen heute im Restaurant.	74
B1	retten		retten, rettet, rettete, hat gerettet	Der Arzt konnte das Kind noch retten.	74
B1	Rezept	das	das Rezept, -e	1. Diese Schmerztabletten gibt es nur auf Rezept. / 2. Weißt du ein gutes Rezept für Gemüsesuppe?	74
B1	Rezeption/Reception	die	die Rezeption/Reception, -	Geben Sie bitte den Schlüssel an der	74
B1	en		en	Rezeption ab.	74
B1	Richter	der	der Richter, -	Der Richter hat noch kein Urteil	74
B1	Richterin	die	die Richterin, -nen	gesprochen.	74
B1	richtig		richtig	1. Was Sie da sagen, ist richtig. / 2. Geht Ihre Uhr richtig? / 3. Das ist nicht die richtige Größe.	74
B1	Richtung	die	die Richtung, -en	1. Der Zug in Richtung Köln hat Verspätung. / 2. Wo ist der Bahnhof? In welche Richtung muss ich fahren?	74
B1	riechen		riechen, riecht, roch, hat gerochen	1. Dieses Parfüm riecht sehr gut. / 2. Im ganzen Haus riecht es nach Farbe. / 3. Ich bin erkältet. Ich kann nichts riechen.	74
B1	riesig		riesig	1. Die Stadt ist riesig. / 2. Ich habe mich über das Geschenk riesig gefreut.	74
B1	Rind	das	das Rind, -er	Ich esse nur Fleisch vom Rind.	74
B1	Ring	der	der Ring, -e	Ich habe meinen Ring verloren.	74
B1	Risiko	das	das Risiko, Risiken	Ich nehme keinen Kredit auf. Das Risiko ist mir zu hoch.	75
B1	Rock	der	der Rock, ¨-e	Diese Bluse passt nicht zu meinem Rock.	75
B1	roh		roh	Du kannst das nicht essen. Das Fleisch ist noch roh.	75
B1	(Back-)Rohr	das	das (Back-)Rohr, -e (A) → D, CH: (Back-)Ofen	Ich habe gerade eine Pizza gemacht. / Sie ist ganz frisch aus dem Rohr.	75
B1	Rolle	die	die Rolle, -n	1. Die Schauspielerin hat ihre Rolle sehr gut gespielt. / 2. Geld spielt in diesem Fall keine Rolle.	75
B1	Roman	der	der Roman, -e	Ich lese gern Romane.	75
B1	Rose	die	die Rose, -n	Rote Rosen sind ein schönes Geschenk.	75
B1	Rucksack	der	der Rucksack, ¨-e	Ich brauche nicht viel. Ich nehme nur meinen Rucksack mit.	75
B1	rück-		rück-		75
B1	Rückfahrt	die	die Rückfahrt, -en	Auf der Rückfahrt besuche ich meine Eltern.	75
B1	Rückkehr	die	die Rückkehr	Nach meiner Rückkehr haben wir ein großes Fest gefeiert.	75
B1	rückwärts		rückwärts	Ich bin rückwärts aus der Garage gefahren.	75
B1	Rücken	der	der Rücken, -	Mir tut der Rücken weh.	75
B1	Rücksicht	die	die Rücksicht, -en	Nehmen Sie bitte Rücksicht auf die anderen Gäste.	75
B1	Rüebli	das	das Rüebli, - (CH) → Karotte; D: Möhre	Hasen fressen gern Rüebli.	75
B1	rufen		rufen, ruft, rief, hat gerufen	1. Ich habe die Kinder gerufen, aber sie haben mich nicht gehört. / 2. Wir haben sofort einen Arzt gerufen.	75
B1	Rufnummer	die	die Rufnummer, -n	Wir möchten Sie gerne anrufen. Wie ist Ihre Rufnummer?	75
B1	Ruhe	die	die Ruhe	1. Ruhe, bitte! / 2. Lass mich jetzt endlich in Ruhe! / 3. Ich brauche meine Ruhe.	75
B1	ruhig		ruhig	1. Ich suche ein ruhiges Zimmer. / 2. Nachts ist es hier in der Straße sehr ruhig. / 3. Du kannst ruhig rauchen.	75
B1	rund		rund	1. Wir haben für unser Wohnzimmer einen runden Tisch gekauft. / 2. Bis Berlin sind es noch rund 40 Kilometer.	75
B1	Runde	die	die Runde, -n	1. Ich laufe jeden Tag fünf Runden im Park. / 2. Wir müssen über die Probleme sprechen. Am besten mit allen in einer Runde.	75
B1	Rundfahrt	die	die Rundfahrt, -en	Am zweiten Tag haben wir eine Rundfahrt durch den Hafen gemacht.	75
B1	Saal	der	der Saal, Säle	Für unsere Familienfeier haben wir einen kleinen Saal gemietet.	75
B1	Sache	die	die Sache, -n	1. Wir haben unsere Sachen im Hotel gelassen. / 2. Er hat zum Geburtstag viele Sachen bekommen. / 3. Das geht mich nichts an. Das ist Ihre Sache.	75
B1	Sack	der	der Sack, ¨-e	1. Ich hätte gern einen Sack Kartoffeln. / 2. Wo soll ich die Säcke mit dem Müll hinstellen?	75
B1	Saft	der	der Saft, ¨-e	Ich trinke gern Apfelsaft.	75
B1	sagen		sagen, sagt, sagte, hat gesagt	1. Entschuldigung! Was haben Sie gesagt? / 2. Können Sie mir bitte sagen, wo hier ein Geldautomat ist? / 3. Wie sagt man „sorry“ auf Deutsch? / 4. Sag mal, wie geht’s dir denn?	75
B1	(Schlag-)Sahne	die	die (Schlag-)Sahne (D) → A: (Schlag-)Obers; CH: (Schlag-)Rahm	Ich hätte gern ein Stück Torte mit Sahne.	75
B1	Saison	die	die Saison, -s	Urlaub in den Schulferien ist immer teurer. Das ist die Saison mit den höchsten Preisen.	75
B1	Salat	der	der Salat, -e	Möchten Sie zum Fisch einen Salat?	75
B1	Salbe	die	die Salbe, -n	Diese Salbe gibt es nur auf Rezept.	75
B1	Salon	der	der Salon, -s	Sie arbeitet als Friseurin in einem Salon.	75
B1	Salz	das	das Salz, -e	Gib mir bitte mal das Salz!	75
B1	salzig		salzig	Dieses Essen ist zu salzig für mich.	75
B1	sammeln		sammeln, sammelt, sammelte, hat gesammelt	1. Mein Bruder sammelt Briefmarken. / 2. Im Herbst sammeln wir im Wald Pilze.	75
B1	sämtliche		sämtliche	Sämtliche Fenster müssen geschlossen bleiben.	75
B1	Sand	der	der Sand	Die Kinder spielen gern im Sand.	75
B1	Sänger	der	der Sänger, -	Wie findest du diesen Sänger? − Ich	76
B1	Sängerin	die	die Sängerin, -nen	finde seine Stimme toll.	76
B1	satt		satt	Möchten Sie noch etwas? – Nein danke, ich bin satt.	76
B1	Satz	der	der Satz, ¨-e	Den letzten Satz verstehe ich nicht.	76
B1	sauber		sauber	1. Bringen Sie mir bitte ein sauberes Glas! / 2. Ich muss noch das Bad sauber machen.	76
B1	sauer		sauer	1. Die Äpfel sind mir zu sauer. / 2. Die Milch ist sauer. / 3. Immer kommst du zu spät. Ich bin wirklich sauer auf dich.	76
B1	Schachtel	die	die Schachtel, -n	1. Ich hätte gern eine Schachtel Zigaretten. / 2. Meiner Mutter schenke ich eine Schachtel Pralinen.	76
B1	schade		schade	1. Ich kann leider nicht mitkommen. – Das ist aber schade! / 2. Schade, dass du nicht mitkommen kannst.	76
B1	schaden		schaden, schadet, schadete, hat geschadet	Ein kleines Glas Wein kann nicht schaden.	76
B1	Schaden	der	der Schaden, ¨-	Ich hatte einen Unfall mit dem Auto. / Jetzt muss ich den Schaden der Versicherung melden.	76
B1	schädlich		schädlich	Rauchen ist schädlich für die Gesundheit.	76
B1	schaffen		schaffen, schafft, schaffte, hat geschafft	Kannst du mir helfen, die Party vorzubereiten? Ich schaffe das nicht allein.	76
B1	schalten		schalten, schaltet, schaltete, hat geschaltet	1. Schalten Sie bitte das Licht aus, wenn Sie gehen. / 2. Kannst du bitte den Fernseher einschalten. Jetzt kommen gleich die Nachrichten. / 3. Du musst jetzt in den ersten Gang schalten.	76
B1	Schalter	der	der Schalter, -	1. Der Lichtschalter ist rechts neben der Tür. / 2. Briefmarken bekommen Sie am Schalter 3.	76
B1	scharf		scharf	1. Bei uns zu Hause essen wir immer sehr scharf. / 2. Hast du kein schärferes Messer?	76
B1	Schatten	der	der Schatten, -	Gestern hatten wir 25 Grad im Schatten.	76
B1	schätzen		schätzen, schätzt, schätzte, hat geschätzt	1. Wie alt ist der Chef? – Ich weiß nicht, ich schätze, um die Fünfzig. / 2. Ich schätze deine gute Arbeit.	76
B1	schauen		schauen, schaut, schaute, hat geschaut	Schau mal! Da vorne ist noch ein Platz frei.	76
B1	zuschauen		zuschauen	Möchtest du beim Fußballspiel zuschauen?	76
B1	Schaufenster	das	das Schaufenster, -	Ich habe im Schaufenster eine schicke Bluse gesehen.	76
B1	Schauspieler	der	der Schauspieler, -	Der Film war toll. Die Schauspieler	76
B1	Schauspielerin	die	die Schauspielerin, -nen	waren sehr gut.	76
B1	Scheibe	die	die Scheibe, -n	1. Fünf Scheiben Käse, bitte. / 2. Die Scheiben sind ganz schmutzig. Ich muss die Fenster putzen.	76
B1	scheiden lassen		sich scheiden lassen, lässt	Meine Nachbarn haben sich scheiden	76
B1	scheiden		sich scheiden, ließ sich	lassen.	76
B1	scheiden		scheiden, hat sich scheiden lassen		76
B1	geschieden		geschieden	Meine Kollegin ist geschieden.	76
B1	Scheidung	die	die Scheidung, -en	Wann war die Scheidung?	76
B1	Schein	der	der Schein, -e	1. Kannst du einen Schein in Kleingeld wechseln? / 2. Hast du Kleingeld für den Automaten? / Ich habe nur Scheine.	76
B1	scheinen		scheinen, scheint, schien, hat geschienen	1. Gestern hat es geregnet. Heute scheint wieder die Sonne. / 2. Mein Kollege scheint krank zu sein. Er war heute nicht im Büro.	76
B1	schenken		schenken, schenkt, schenkte, hat geschenkt	Wir wollen dir zum Geburtstag etwas schenken.	76
B1	Schere	die	die Schere, -n	Die Schere hier schneidet schlecht. / Hast du noch eine andere?	76
B1	schicken		schicken, schickt, schickte, hat geschickt	1. Ich habe meinen Freunden eine Einladung zur Hochzeit geschickt. / 2. Schick mir doch eine E-Mail. / 3. Ich habe die Kinder einkaufen geschickt. Wir haben keine Milch mehr zu Hause.	76
B1	schieben		schieben, schiebt, schob, hat geschoben	1. Leider ist mein Fahrrad kaputtgegangen. Ich musste es nach Hause schieben. / 2. Wir können den Schrank links an die Wand schieben; dann haben wir mehr Platz.	76
B1	schief		schief	Der Spiegel hängt ganz schief.	76
B1	schießen		schießen, schießt, schoss, hat geschossen	Unsere Mannschaft hat ein Tor geschossen.	76
B1	Schiff	das	das Schiff, -e	Sind Sie mit dem Schiff oder mit dem Flugzeug gekommen?	76
B1	Schild	das	das Schild, -er	1. Kannst du lesen, was dort auf dem Schild steht? / 2. Machen Sie bitte das Schild ab? Der Pullover ist ein Geschenk.	77
B1	schimpfen		schimpfen, schimpft, schimpfte, hat geschimpft	1. Der Arzt hat mit mir geschimpft, weil ich zu wenig Sport mache. / 2. Alle schimpfen über/auf das Wetter.	77
B1	Schinken	der	der Schinken, -	Bitte, ein Brötchen mit Schinken.	77
B1	Schirm	der	der Schirm, -e	Es regnet. Hast du einen Schirm dabei?	77
B1	schlafen		schlafen, schläft, schlief, hat geschlafen	1. Haben Sie gut geschlafen? / 2. Wenn Sie mal nach München kommen, können Sie bei uns schlafen.	77
B1	Schlaf	der	der Schlaf	1. Das Kind macht jeden Tag nach dem Mittagessen einen kurzen Schlaf. / 2. Genügend Schlaf ist wichtig für die Gesundheit.	77
B1	schlagen		schlagen, schlägt, schlug, hat geschlagen	1. Wer hat den Weltmeister geschlagen? / 2. Ich muss einen Nagel in die Wand schlagen. Wo ist der Hammer? / 3. Das Herz schlug mir bis zum Hals.	77
B1	der/das		der/das (Schlag-)Obers (A) →D: (Schlag-)Sahne; CH: (Schlag-)Rahm	Ich hätte gern ein Stück Torte mit Schlagobers.	77
B1	Schlange	die	die Schlange, -n	Auf der Post gibt es immer eine lange (Warte-)Schlange.	77
B1	schlank		schlank	In diesem Kleid siehst du sehr schlank aus.	77
B1	schlecht		schlecht	1. Das Wetter ist schlecht. / 2. Du siehst aber schlecht aus. Bist du krank? / 3. Es geht mir schlecht. Ich habe Fieber. / 4. Ich habe zu viel gegessen. Jetzt ist mir schlecht. / 5. Hier ist schlechte Luft. Mach bitte das Fenster auf. / 6. Stell die Milch in den Kühlschrank. / Sonst wird sie schlecht. / 7. Die Bezahlung in dieser Firma ist schlecht. / 8. Die Verbindung ist schlecht. Ich höre dich nicht gut. / 9. Der Film war nicht schlecht. Er hat mir ganz gut gefallen.	77
B1	schließen		schließen, schließt, schloss, hat geschlossen	1. Bitte, schließen Sie die Tür. / 2. Die Tür schließt automatisch. / 3. Die Banken sind am Samstag geschlossen. / 4. Wir schließen um 20.00 Uhr. / 5. Wann können wir den Mietvertrag abschließen? / 6. Ich hatte die Papiere in den Schreibtisch eingeschlossen. / 7. Du kannst die Datei schließen. Ich bin fertig. / 8. Sie mussten die Firma leider schließen.	77
B1	schließlich		schließlich	1. Ich musste lange warten. Aber schließlich habe ich den Job doch noch bekommen. / 2. Ich helfe dir natürlich. Du bist schließlich mein Freund.	77
B1	schlimm		schlimm	1. Die Wunde sieht schlimm aus. / 2. Keine Angst. Das ist nicht so schlimm.	77
B1	Schloss	das	das Schloss, ¨-er	1. An unserer Wohnungstür ist das Schloss kaputt. / 2. Wir haben am Wochenende ein Schloss besichtigt.	77
B1	Schluss	der	der Schluss	1. Ich muss jetzt Schluss machen. Es klingelt an der Tür. / 2. Zum Schluss nochmals herzlichen Dank.	77
B1	Schlüssel	der	der Schlüssel, -	Ich kann meine Schlüssel nicht finden.	77
B1	schmal		schmal	Hier kannst du nicht parken. Die Straße ist zu schmal.	77
B1	schmecken		schmecken, schmeckt, schmeckte, hat geschmeckt	1. Hat es Ihnen geschmeckt? / 2. Die Suppe schmeckt nach Knoblauch.	77
B1	Schmerz	der	der Schmerz, -en	1. Haben Sie Schmerzen? / 2. Ich kann vor Schmerzen nicht laufen.	77
B1	Schmerzmittel	das	das Schmerzmittel, -	Sie haben Zahnschmerzen? Ich verschreibe Ihnen ein Schmerzmittel.	77
B1	schminken		schminken, schminkt, schminkte,hat geschminkt	Du bist heute sehr schön geschminkt.	77
B1	Schmuck	der	der Schmuck	Dieser Schmuck ist von meiner Großmutter.	77
B1	Schmutz	der	der Schmutz	Du hast Schmutz an deinen Schuhen.	77
B1	schmutzig		schmutzig	1. Leg bitte die schmutzige Wäsche in die Waschmaschine. / 2. Das Handtuch ist schmutzig.	77
B1	verschmutzen		verschmutzen, verschmutzt, verschmutzte, hat verschmutzt	Die Fabrik verschmutzt den Fluss.	77
B1	Schnee	der	der Schnee	Im Februar gibt es oft viel Schnee.	77
B1	schneien		schneien, es schneit, es	Heute Nacht hat es geschneit.	77
B1	schneite		schneite, es hat geschneit		77
B1	schneiden		(sich) schneiden, schneidet, schnitt, hat geschnitten	1. Das Messer schneidet nicht. / 2. Hast du ein Pflaster? Ich habe mich geschnitten. / 3. Wann lässt du deine Haare schneiden?	77
B1	schnell		schnell	1. Warum fährst du so schnell? / 2. Bitte sagen Sie mir so schnell wie möglich Bescheid. / 3. Ich bin gleich fertig, ich muss nur noch schnell telefonieren.	78
B1	Schnitzel	das	das Schnitzel, -	Bitte ein Schnitzel mit Kartoffeln und Salat.	78
B1	Schnupfen	der	der Schnupfen	Ich habe Schnupfen. Welches Medikament empfehlen Sie?	78
B1	Schokolade	die	die Schokolade	1. Ich habe eine Tafel Schokolade gegessen. / 2. Bringen Sie mir bitte eine Tasse heiße Schokolade.	78
B1	schon		schon	1. Ist das Essen schon fertig? / 2. Mirko ist erst fünf. Aber er kann schon lesen. / 3. Karl ist schon über 60. Aber er ist noch sehr fit. / 4. Mach schon, ich kann nicht länger warten. / 5. Keine Sorge. Es wird schon klappen. / 6. Kommst du mit spazieren? – Ich hätte schon Lust, aber ich muss arbeiten. / 7. Ich mag keine Kartoffeln. Und du? – Ich schon.	78
B1	schön		schön	1. Ich finde eure Wohnung sehr schön. / 2. Es ist schön heute. / 3. Wir wünschen Ihnen einen schönen Aufenthalt in Kiel. / 4. Schöne Grüße von Herrn Meier. / 5. Möchten Sie noch eine Tasse Kaffee? – Nein, danke schön. / 6. Schön, dass du kommst. / 7. Ich muss noch arbeiten. – Schön, dann bleiben wir zu Hause.	78
B1	Schrank	der	der Schrank, ¨-e (D, CH) → A, CH: Kasten	Die Handtücher liegen im Schrank.	78
B1	Schreck(en)	der	der Schreck(en)	Ich habe einen großen Schreck bekommen.	78
B1	schrecklich		schrecklich	1. Heute ist eine schreckliche Hitze. / 2. Das Restaurant war schrecklich voll. / 3. Ich finde dieses Kleid schrecklich. / 4. Auf der Autobahn ist ein schrecklicher Unfall passiert.	78
B1	schreiben		schreiben, schreibt, schrieb, hat geschrieben	1. Ich habe dir einen Brief geschrieben. / 2. Ich schreibe dir eine E-Mail. / 3. Mein Kugelschreiber schreibt nicht mehr.	78
B1	aufschreiben		aufschreiben	Ich habe mir deine Telefonnummer aufgeschrieben.	78
B1	Schreiben	das	das Schreiben, -	Haben Sie mein Schreiben vom 3. März erhalten?	78
B1	schreien		schreien, schreit, schrie, hat geschrien	1. Kinder, hört bitte auf, so laut zu schreien. – Ich muss arbeiten. / 2. Unser Baby hat heute Nacht viel geschrien.	78
B1	Schrift	die	die Schrift, -en	Ich kann leider deine Schrift nicht lesen.	78
B1	schriftlich		schriftlich	1. Die schriftliche Prüfung dauert einen halben Tag. / 2. Wir brauchen von Ihnen eine schriftliche Bestätigung. / 3. Sie müssen sich schriftlich anmelden.	78
B1	Schriftsteller	der	der Schriftsteller, -	Kennst du diese Schriftstellerin? Ich	78
B1	Schriftstellerin	die	die Schriftstellerin, -nen	liebe ihre Bücher.	78
B1	Schritt	der	der Schritt, -e	1. Die Sprachschule ist nur ein paar Schritte von hier. / 2. Du musst der Anleitung Schritt für Schritt folgen.	78
B1	Schuh	der	der Schuh, -e	Die neuen Schuhe sind mir zu eng.	78
B1	Schuld	die	die Schuld	Es ist nicht meine Schuld, dass das nicht geklappt hat.	78
B1	schuld		schuld	Ich hatte einen Unfall. Aber ich war nicht schuld.	78
B1	Schulden	die	die Schulden (Pl.)	Jetzt habe ich alle meine Schulden bezahlt.	78
B1	schuldig		schuldig	Was bin ich Ihnen schuldig? – 50 Euro, bitte.	78
B1	Schule	die	die Schule, -n	1. Meine Tochter geht schon in die Schule. / 2. Nächste Woche fängt die Schule wieder an. / 3. Die Schule ist gleich hier um die Ecke.	78
B1	Schularbeit	die	die Schularbeit, -en (A) → D: Klassenarbeit	Mein Sohn schreibt bei Schularbeiten immer gute Noten.	78
B1	Schüler	der	der Schüler, -	In der Klasse sind 25 Schülerinnen.	78
B1	Schülerin	die	die Schülerin, -nen		78
B1	Schulter	die	die Schulter, -n	Ich habe Schmerzen in der rechten Schulter.	78
B1	Schüssel	die	die Schüssel, -n	Gibst du mir bitte eine Schüssel für den Salat?	78
B1	schütteln		schütteln, schüttelt, schüttelte, hat geschüttelt	Die Flasche muss man vor dem Öffnen schütteln.	78
B1	schützen		schützen, schützt, schützte, hat geschützt	Diese Impfung schützt vor Grippe.	78
B1	Schutz	der	der Schutz	1. Das ist ein guter Schutz gegen Kälte. / 2. Alle reden heute über den Schutz der Umwelt.	79
B1	schwach		schwach	1. Ich bin noch nicht gesund. Ich fühle mich noch sehr schwach. / 2. Die Tabletten sind zu schwach. Sie helfen nicht.	79
B1	Schwammerl	das	das Schwammerl, -n (A) → Pilz	Haben Sie frische Schwammerln?	79
B1	schwanger		schwanger	Meine Frau ist im dritten Monat schwanger.	79
B1	Schwangerschaft	die	die Schwangerschaft, -en	Sie dürfen während der Schwangerschaft nicht rauchen.	79
B1	schweigen		schweigen, schweigt, schwieg, hat geschwiegen	Sie sprach viel, aber ihr Mann schwieg den ganzen Abend lang.	79
B1	schwer		schwer	1. Der Koffer ist viel zu schwer. / 2. Die Prüfung war schwer. / 3. Das ist eine schwere Arbeit. / 4. Dieses Wort ist schwer zu erklären.	79
B1	Schwester	die	die Schwester, -n	1. Ich habe eine ältere Schwester und einen jüngeren Bruder. / 2. Schwester Anna hat mir eine Schmerztablette gegeben.	79
B1	Schwieger-		Schwieger-	1. Wir besuchen morgen meine Schwiegereltern. / 2. Mein Schwiegervater ist Lehrer. / 3. Ich verstehe mich gut mit meiner Schwiegertochter.	79
B1	schwierig		schwierig	Die Prüfung war sehr schwierig.	79
B1	Schwierigkeit	die	die Schwierigkeit, -en	Ich hatte große Schwierigkeiten einen Parkplatz zu bekommen.	79
B1	schwimmen		schwimmen, schwimmt, schwamm, ist geschwommen	1. Ich gehe regelmäßig schwimmen. / 2. Kannst du schwimmen?	79
B1	Schwimmbad	das	das Schwimmbad, ¨-er	Kommst du mit ins Schwimmbad?	79
B1	schwitzen		schwitzen, schwitzt, schwitzte, hat geschwitzt	Es war sehr heiß. Wir haben alle sehr geschwitzt.	79
B1	See	der	der See, -n	Unser Hotel war direkt am See.	79
B1	See	die	die See	Im Sommer fahren wir immer an die	79
B1	Nord-/Ostsee	die	die Nord-/Ostsee	See.	79
B1	sehen		sehen, sieht, sah, hat gesehen	Warst du schon mal an der Nord/Ostsee? / 1. Ich sehe nicht gut. Ich brauche eine Brille. / 2. Ich habe einen schönen Film gesehen. / 3. Wir haben uns lange nicht gesehen. / 4. Darf ich mal Ihren Ausweis sehen? / 5. Sieh mal! Es schneit. / 6. Ich komme gleich wieder, ich muss mal schnell nach dem Essen sehen. / 7. Was machst du im Urlaub? – Ich weiß noch nicht. Mal sehen. / 9. Du siehst deiner Mutter sehr ähnlich.	79
B1	Sehenswürdigkeit	die	die Sehenswürdigkeit, -en	Welche Sehenswürdigkeiten gibt es hier?	79
B1	sehr		sehr	1. Ich habe mich sehr über Ihren Besuch gefreut. / 2. Hier ist Ihr Essen. - Danke sehr. / 3. Das Wetter ist heute sehr schön.	79
B1	Seife	die	die Seife, -n	Hier gibt es keine Seife.	79
B1	sein		sein, ist, war, ist gewesen	1. Ich bin Mechaniker. / 2. Das sind meine Kollegen. / 3. Ich bin müde. / 4. Das Auto ist jetzt fünfzehn Jahre alt. / 5. Heute ist Montag. / 6. Der Termin beim Zahnarzt ist erst übermorgen. / 7. Um 11 Uhr ist Pause. / 8. Herr Müller ist in seinem Zimmer. / 9. Das Auto ist mir zu teuer. / 10.Das ist schwer zu verstehen. / 11. Mir ist kalt. / 12.Mit Präposition wie: Das Licht ist an/aus.	79
B1	seit		seit	1. Wir wohnen seit dem 1. März in Dortmund. / 2. Seit ich in Deutschland wohne, lerne ich Deutsch.	79
B1	seitdem		seitdem	Ich bin vor zwei Jahren nach Deutschland gekommen. Seitdem lerne ich Deutsch.	79
B1	Seite	die	die Seite, -n	1. Das hier ist die Goethestraße. Ich wohne auf der linken Seite. / 2. Der Text steht auf Seite 20.	79
B1	Sekretär	der	der Sekretär, -e	Der neue Sekretär hat sich gestern	79
B1	Sekretärin	die	die Sekretärin, -nen	vorgestellt.	79
B1	selb-		selb-	Ich habe am selben Tag Geburtstag wie du.	79
B1	selbst		selbst	Den Kuchen habe ich selbst gebacken.	79
B1	selber		selber	Sie will das selber machen.	79
B1	selbstständig		selbstständig	1. Jetzt bin ich angestellt. Früher war ich selbstständig. / 2. Wir suchen eine Sekretärin, die selbstständig arbeiten kann.	79
B1	selbstverständlich		selbstverständlich	Selbstverständlich sagen wir Ihnen sofort Bescheid.	79
B1	selten		selten	Ich gehe ganz selten ins Kino.	80
B1	seltsam		seltsam	1. Es ist seltsam, dass mein Bruder noch nicht hier ist. / 2. Sie hörte ein seltsames Geräusch.	80
B1	Semester	das	das Semester, -	Mein Neffe studiert im 7. Semester Medizin.	80
B1	Seminar	das	das Seminar, -e	Ich möchte dieses Seminar unbedingt besuchen.	80
B1	Semmel	die	die Semmel, -n (A) →D: Brötchen; CH: Brötli	Ich hole schnell ein paar Semmeln zum Frühstück.	80
B1	senden		senden, sendet, sendete/sandte, hat	1. Bitte senden Sie uns die Unterlagen per E-Mail.	80
B1	gesendet/gesandt		gesendet/gesandt	2. Können Sie uns die Post bitte nachsenden?	80
B1	Sender	der	der Sender, -	1. Welchen Sender siehst du am liebsten? / 2. Ich höre im Radio am liebsten Sender mit moderner Musik.	80
B1	Sendung	die	die Sendung, -en	1. Wir wiederholen die Sendung am / 11. Mai. / 2. Ich warte auf eine Postsendung.	80
B1	Senioren	die	die Senioren (Pl.)	Dieser Computerkurs ist für Senioren.	80
B1	senkrecht		senkrecht	Ziehen Sie bitte eine senkrechte Linie.	80
B1	Serie	die	die Serie, -n	Meine Tochter liebt es, im Fernsehen Serien zu schauen.	80
B1	Service	der	der Service	1. Rufst du beim Pizza-Service an? / 2. Ich war mit dem Service in der Werkstatt nicht zufrieden.	80
B1	Serviceangestellte	der	der Serviceangestellte, -n / die Serviceangestellte, -	Ich bin Serviceangestellte von Beruf.	80
B1	n		n (CH) →Kellner; D, A: Ober		80
B1	Sessel	der	der Sessel, - (D, CH) →A, CH: Fauteuil	Ich hätte gern einen bequemen Sessel.	80
B1	Sessel	der	der Sessel, - (A) →D, CH: Stuhl	Da hinten ist noch ein Sessel frei.	80
B1	setzen		(sich) setzen, setzt, setzte, hat gesetzt	1. Darf ich mich zu Ihnen setzen? / 2. Bitte setzen Sie sich, wohin Sie wollen!	80
B1	sicher		sicher	1. Dieses Auto ist besonders sicher. / 2. Bist du sicher, dass die Bank heute geöffnet ist? / 3. Das weiß ich ganz sicher. / 4. Du bist jetzt sicher müde.	80
B1	Sicherheit	die	die Sicherheit, -en	Sicherheit ist für mich sehr wichtig.	80
B1	sichern		sichern, sichert, sicherte, hat gesichert	Du musst immer alle Daten im Computer sichern.	80
B1	sichtbar		sichtbar	Es gibt keine sichtbaren Verletzungen. / Aber wir müssen das Bein trotzdem untersuchen.	80
B1	siegen		siegen, siegt, siegte, hat gesiegt	Die Mannschaft siegte mit 2:0.	80
B1	Sieg	der	der Sieg, -e	Unsere Mannschaft hat gewonnen. Wir freuen uns über den Sieg.	80
B1	Sieger	der	der Sieger, -	Wer hat gewonnen? Wie heißt die	80
B1	Siegerin	die	die Siegerin, -nen	Siegerin?	80
B1	siezen		(sich) siezen, siezt, siezte, hat gesiezt	Obwohl sie sich schon lange kennen, siezen sie sich.	80
B1	singen		singen, singt, sang, hat	1. Ich singe gern.	80
B1	gesungen		gesungen	2. Ich kann heute nicht singen, ich bin erkältet.	80
B1	sinken		sinken, sinkt, sank, ist gesunken	1. Das Schiff ist vor der Küste gesunken. / 2. Der Preis ist um 3 % gesunken.	80
B1	Sinn	der	der Sinn	Es hat keinen Sinn, noch ein Spiel zu beginnen. Es ist schon spät.	80
B1	sinnlos		sinnlos	So ein sinnloses Buch habe ich schon lange nicht mehr gelesen.	80
B1	sinnvoll		sinnvoll	Es funktioniert einfach nicht. Es ist sinnvoll, es noch einmal zu versuchen.	80
B1	Situation	die	die Situation, -en	Ich bin in einer schwierigen Situation.	80
B1	sitzen		sitzen, sitzt, saß, hat/ist	1. Wo möchten Sie sitzen? – Bitte ganz	80
B1	gesessen		gesessen	hinten. / 2. Die Jacke sitzt sehr gut.	80
B1	Sitz	der	der Sitz, -e	Ich suche für meinen Sohn einen Sitz fürs Auto. Erst ist erst drei Jahre alt.	80
B1	Ski/Schi	der	der Ski/Schi, -er/-	1. Gehen wir am Wochenende Ski laufen? / 2. Das sind aber schöne Skier!	80
B1	so		so	1. Wie macht man das? – So! / 2. Sie müssen das so machen. Nicht so! / 3. Sie sind auch hier! So ein Zufall! / 4. Ich melde mich, so schnell ich kann. / 5. Wann treffen wir uns? – So gegen 10 Uhr. Ist dir das recht? / 6. Dauert es lange? – Eine Stunde oder so kann es schon dauern. / 7. Ich hatte kein Geld dabei. Da haben sie mich so hineingelassen. / 8. So, jetzt bin ich fertig. Was machen wir jetzt? / 9. Fahren Sie bitte nicht so schnell! / 10.Meine Frau ist so groß wie ich. / 11. Was macht ihr denn so?	80
B1	sobald		sobald	Sobald ich den Termin weiß, gebe ich Ihnen Bescheid.	80
B1	Socke	die	die Socke, -n	Im Winter brauche ich warme Socken.	81
B1	sodass		sodass	Der Zug hatte zwei Stunden Verspätung, sodass ich erst um 23 Uhr nach Hause kam.	81
B1	Sofa	das	das Sofa, -s	Wir hätten gern ein modernes Sofa.	81
B1	sofort		sofort	1. Warum sind Sie nicht sofort zum Arzt gegangen? / 2. Karten für das Konzert bekommen Sie ab sofort im Kartenbüro.	81
B1	sogenannt-		sogenannt-	1. Studenten, die lange studieren, sind sogenannte Langzeitstudierende. / 2. Wo bleiben denn deine sogenannten Freunde?	81
B1	sogar		sogar	Auf dem Berg war es so kalt. Es hat sogar geschneit.	81
B1	Sohn	der	der Sohn, ¨-e	Mein jüngster Sohn ist vier.	81
B1	solange		solange	Solange Sie Fieber haben, dürfen Sie auf keinen Fall arbeiten gehen.	81
B1	solch-		solch-	Solche Schuhe finde ich toll.	81
B1	sollen		sollen, soll, sollte, hat	1. Wann soll ich kommen?	81
B1	gesollt		gesollt (hat sollen als Modalverb)	2. Ich habe im Radio gehört, es soll morgen regnen. / 3. Sollten Sie mit dem Vorschlag nicht einverstanden sein, rufen Sie mich an.	81
B1	Sonder-		Sonder-		81
B1	Sonderangebot	das	das Sonderangebot, -e	Das ist ein Sonderangebot: 25 % reduziert.	81
B1	sondern		sondern	Unser Besuch kommt nicht heute, sondern morgen.	81
B1	Sonne	die	die Sonne	1. Das Wetter ist schön. Die Sonne scheint. / 2. Ich habe zu lange in der Sonne gelegen.	81
B1	sonnig		sonnig	Das Wetter morgen: sonnig und warm.	81
B1	sonst		sonst	1. Haben sie sonst noch einen Wunsch? – Nein, danke. Das ist alles. / 2. Wir müssen jetzt gehen, sonst wird es zu spät. / 3. Heute ist der Chef nicht mehr da. Sonst ist er um diese Zeit immer im Büro.	81
B1	sorgen		sorgen, sorgt, sorgte, hat gesorgt	1. Wer sorgt denn für die Kinder? / 2. Können Sie bitte dafür sorgen, dass die Heizung funktioniert?	81
B1	Sorge	die	die Sorge, -n	Um Ihre Zukunft brauchen Sie sich keine Sorgen zu machen.	81
B1	Soße/Sauce	die	die Soße/Sauce, -n	Gibst du mir bitte mal die Soße?	81
B1	Souvenir	das	das Souvenir, -s	Ich habe ein paar Souvenirs aus dem Urlaub mitgebracht.	81
B1	soviel		soviel	Soviel ich weiß, hat dieses Restaurant heute Ruhetag.	81
B1	so viel/so viel wie		so viel/so viel wie	1. Ich habe so viel gegessen. Jetzt ist mir schlecht. / 2. Ich verdiene nur halb so viel wie er.	81
B1	sowieso		sowieso	Willst du mir den Brief mitgeben? Ich gehe sowieso zur Post.	81
B1	sowohl … als auch		sowohl … als auch	Sowohl Sie als auch Ihre Frau müssen unterschreiben.	81
B1	sozial		sozial	1. Das System ist nicht sozial. / 2. Es gibt viele soziale Probleme.	81
B1	Sozialarbeiter	der	der Sozialarbeiter, -	Die Sozialarbeiterin kommt einmal in	81
B1	Sozialarbeiterin	die	die Sozialarbeiterin, -nen	der Woche.	81
B1	spannend		spannend	Das Spiel war spannend bis zur letzten Minute.	81
B1	sparen		sparen, spart, sparte, hat	1. Ein Auto ist mir zu teuer, ich muss	81
B1	gespart		gespart	sparen. / 2. Um Strom zu sparen, schalten wir die Heizung nachts aus.	81
B1	sparsam		sparsam	1. Wir haben fünf Kinder. Wir müssen sehr sparsam sein. / 2. Mein Auto ist sehr sparsam. Es verbraucht nur 5 Liter auf 100 km.	81
B1	Spaß	der	der Spaß	1. Meine Arbeit macht mir viel Spaß. / 2. Viel Spaß bei der Party!	81
B1	spät		spät	1. Wie spät ist es? / 2. Es ist schon spät, ich muss gehen. / 3. Ich muss mich beeilen. Sonst komme ich zu spät. / 4. Sonntags stehen wir immer spät auf. / 5. Am späten Nachmittag ist der Verkehr besonders stark. / 6. Können Sie später noch mal anrufen? / 7. Was willst du denn später mal werden?	81
B1	spätestens		spätestens	Ich muss spätestens um 9 Uhr bei der Arbeit sein.	81
B1	spazieren gehen		spazieren gehen, geht	Wir gehen sonntags immer spazieren.	81
B1	spazieren		spazieren, ging spazieren, ist spazieren gegangen		81
B1	Spaziergang	der	der Spaziergang, ¨-e	Abends mache ich oft einen Spaziergang durch das Viertel.	81
B1	speichern		speichern, speichert, speicherte, hat gespeichert	Sie müssen die Datei speichern.	81
B1	Speise-/-speise		Speise-/-speise, -n	Als Vorspeise nehme ich eine Suppe, aber dafür nehme ich keine Nachspeise. (D, A)	82
B1	Speisekarte	die	die Speisekarte, -n	Bitte, die Speisekarte.	82
B1	Speisewagen	der	der Speisewagen, -	Wo ist der Speisewagen?	82
B1	Spezial-		Spezial-	Ich brauche eine Spezialpflege für trockenes Haar.	82
B1	Spezialist	der	der Spezialist, -en	Mein Arzt hat mich zur Spezialistin	82
B1	Spezialistin	die	die Spezialistin, -nen	geschickt.	82
B1	speziell		speziell	Ich suche einen ganz speziellen Ring für meine Freundin.	82
B1	Spiegel	der	der Spiegel, -	Ich möchte gerne sehen, wie mein Kleid sitzt. Hast du einen Spiegel?	82
B1	spielen		spielen, spielt, spielte, hat gespielt	1. Wir haben einen großen Garten, da können die Kinder spielen. / 2. Am Sonntag spielen wir gegen die Fußballmannschaft der Nachbarschule. / 3. Spielen Sie ein Instrument? / 4. Spielen Sie Karten?	82
B1	Spiel	das	das Spiel, -e	1. Monopoly ist ein ganz bekanntes Spiel. / 2. Nach 20 Minuten stand das Spiel 2:1.	82
B1	Spieler	der	der Spieler, -	1. Für dieses Spiel braucht man zwei bis	82
B1	Spielerin	die	die Spielerin, -nen	vier Spieler. / 2. Beim Fußball gibt es elf Spieler.	82
B1	Spielplatz	der	der Spielplatz, ¨-e	Die Kinder sind auf dem Spielplatz.	82
B1	Spielzeug	das	das Spielzeug, -e	Zu Weihnachten wünschen sich die Kinder vor allem Spielzeug.	82
B1	spitz		spitz	Der Bleistift ist nicht spitz.	82
B1	Sport	der	der Sport	1. Für Sport interessiere ich mich sehr. / 2. Ich mache viel Sport.	82
B1	Sportart	die	die Sportart, -en	Welche Sportart findest du am besten?	82
B1	Sportler	der	der Sportler, -	Sie ist eine gute Sportlerin.	82
B1	Sportlerin	die	die Sportlerin, -nen		82
B1	sportlich		sportlich	1. Ich bin nicht sehr sportlich. / 2. Ich mag bequeme und sportliche Kleidung.	82
B1	Sprache	die	die Sprache, -n	Franco spricht mehrere Sprachen.	82
B1	Fremdsprache	die	die Fremdsprache, -n	Ich spreche drei Fremdsprachen.	82
B1	Muttersprache	die	die Muttersprache, -n	Was ist Ihre Muttersprache?	82
B1	Zweitsprache	die	die Zweitsprache, -n	Deutsch ist seine Zweitsprache.	82
B1	sprechen		sprechen, spricht, sprach, hat gesprochen	1. Können Sie bitte etwas lauter sprechen? / 2. Jean spricht sehr gut Deutsch. / 3. Ich möchte nicht darüber sprechen. / 4. Die Bundeskanzlerin spricht heute Abend im Fernsehen. / 5. Kann ich bitte Herrn Müller sprechen?	82
B1	Sprechstunde	die	die Sprechstunde, -n →A: Ordination	Frau Dr. Berger hat von 8 bis 12 Uhr Sprechstunde.	82
B1	springen		springen, springt, sprang, ist gesprungen	1. Wir waren im Schwimmbad. Mein Sohn ist immer wieder ins Wasser gesprungen. / 2. Wie weit bist du heute gesprungen? – 3,40 m.	82
B1	Spritze	die	die Spritze, -n	Ich habe heute vom Arzt eine Spritze gegen die Schmerzen bekommen.	82
B1	spülen		spülen, spült, spülte, hat gespült	1. Hast du das Geschirr gespült? / 2. Spülen Sie bitte jetzt den Mund aus.	82
B1	Spur	die	die Spur, -en	Fahren Sie bitte auf der linken Spur, wenn Sie schneller fahren.	82
B1	spüren		spüren, spürt, spürte, hat gespürt	Wo tut es weh? Spüren Sie das hier?	82
B1	Stadion	das	das Stadion, Stadien	Ich möchte am Samstag ins Stadion gehen. Da spielt meine Mannschaft.	82
B1	Stadt	die	die Stadt, ¨-e	1. Heidelberg ist eine alte Stadt. / 2. Ich wohne lieber auf dem Land als in der Stadt. / 3. Gehst du mit mir in die Stadt?	82
B1	städtisch		städtisch	Ich gehe gern in die städtische Bibliothek.	82
B1	Stadtplan	der	der Stadtplan, ¨-e	Haben Sie einen Stadtplan?	82
B1	stammen		stammen, stammt, stammte, hat gestammt	Ich stamme aus einer kleinen Stadt an der Donau.	82
B1	ständig		ständig	Ich habe schon ein paar Mal bei meiner Freundin angerufen. Es ist ständig besetzt.	82
B1	Standpunkt	der	der Standpunkt, -e	Von seinem Standpunkt aus hat er recht.	82
B1	Star	der	der Star, -s	Diese Sängerin ist ein großer Star in Deutschland.	82
B1	stark		stark	1. Der Kaffee ist sehr stark. / 2. Am späten Nachmittag ist der Verkehr besonders stark. / 3. Ich habe starke Kopfschmerzen. / 4. Können Sie mir kein stärkeres Mittel verschreiben? / 5. Es hat stark geregnet.	82
B1	starten		starten, startet, startete, ist gestartet	Das Flugzeug ist pünktlich gestartet.	82
B1	Start	der	der Start, -s	Bleiben Sie bitte während des Starts sitzen.	83
B1	Station	die	die Station, -en	1. Sie müssen an der nächsten Station aussteigen. / 2. Meine Nachbarin liegt auf Station III.	83
B1	Statistik	die	die Statistik, -en	Die Statistik zeigt, dass jeder zweite ein Fahrrad besitzt.	83
B1	statistisch		statistisch	Die statistischen Ergebnisse zeigen eine gute Entwicklung.	83
B1	statt		statt	Kann ich diese Woche statt Donnerstag am Freitag kommen?	83
B1	stattfinden		stattfinden, findet statt, fand statt, hat stattgefunden	Das Spiel findet auch bei Regen statt.	83
B1	Stau	der	der Stau, -s	1. Auf der A3 gibt es wegen eines Unfalls 5 km Stau. / 2. Wir standen eine Stunde im Stau.	83
B1	Staub	der	der Staub	Ich habe überall Staub gewischt.	83
B1	staubsaugen		staubsaugen, staubsaugt, staubsaugte, hat gestaubsaugt	Ich muss heute in meiner Wohnung noch staubsaugen.	83
B1	stechen		stechen, sticht, stach, hat gestochen	Stefan wird beim Zelten immer von den Mücken gestochen.	83
B1	stecken		stecken, steckt, steckte, hat gesteckt	1. Wo ist denn mein Pass? Ich hatte ihn doch in die Handtasche gesteckt. / 2. Du kannst reingehen. Der Schlüssel steckt. / 3. Die Zeitung steckt im Briefkasten.	83
B1	Steckdose	die	die Steckdose, -n	Es gibt drei Steckdosen in diesem Zimmer.	83
B1	Stecker	der	der Stecker, -	Der Stecker passt nicht in diese Steckdose.	83
B1	stehen		stehen, steht, stand, hat/ist gestanden	1. In meinem Beruf muss ich viel stehen. / 2. Als wir kamen, stand das Essen schon auf dem Tisch. / 3. Der Bus steht schon an der Haltestelle. / 4. Was steht heute in der Zeitung? / 5. Nach 20 Minuten stand das Spiel 1:1. / 6. Die neue Bluse steht dir gut.	83
B1	stehen bleiben		stehen bleiben	1. Bitte bleiben Sie stehen. / 2. Meine Uhr ist stehen geblieben.	83
B1	stehlen		stehlen, stiehlt, stahl, hat gestohlen	Gestern hat mir jemand im Zug meine Uhr gestohlen.	83
B1	steigen		steigen, steigt, stieg, ist gestiegen	1. Die Preise für Milch und Gemüse sind schon wieder gestiegen. / 2. Gegen Abend ist das Fieber wieder gestiegen.	83
B1	steil		steil	Die Straße zu unserem Haus ist sehr steil.	83
B1	Stein	der	der Stein, -e	Die Kinder werfen Steine ins Wasser.	83
B1	Stelle	die	die Stelle, -n	1. Wir treffen uns hier an dieser Stelle. / 2. Ich habe eine neue Stelle. / 3. Diese Stelle in seinem Brief ist mir nicht ganz klar. / 4. An Ihrer Stelle würde ich den Vertrag nicht unterschreiben.	83
B1	stellen		stellen, stellt, stellte, hat gestellt	1. Stell das Bier in den Kühlschrank! / 2. Ich hole noch Milch. Stell dich bitte schon mal in die Schlange an der Kasse. / 3. Wo kann ich mein Auto hinstellen? / 4. Würden Sie das Radio bitte etwas leiser stellen. / 5. Haben Sie einen Moment Zeit? Wir möchten Ihnen ein paar Fragen stellen. / 6. Ich habe den Wecker auf 5 Uhr gestellt.	83
B1	Stempel	der	der Stempel, -	Der Poststempel trägt das Datum von letzter Woche. Das Paket war lange unterwegs.	83
B1	sterben		sterben, stirbt, starb, ist	Mein Kollege kommt heute nicht. Sein	83
B1	gestorben		gestorben	Vater ist gestern gestorben.	83
B1	Stern	der	der Stern, -e	Heute sieht man viele Sterne am Himmel.	83
B1	Steuer	die	die Steuer, -n	Wir müssen immer mehr Steuern zahlen.	83
B1	Steward	der	der Steward, -s	Die Stewardess bringt das Mittagessen.	83
B1	Stewardess	die	die Stewardess, -en		83
B1	Stift	der	der Stift, -e	Kannst du mir bitte einen Stift geben?	83
B1	Stil	der	der Stil, -e	1. Ihr Stil ist sehr elegant. / 2. Das Gebäude gefällt mir. Welcher Baustil ist das?	83
B1	stilistisch		stilistisch	Der Text ist stilistisch sehr schön.	83
B1	still		still	1. Sei doch mal einen Moment still! / 2. Maria kann nicht still sitzen.	83
B1	Stiefel	der	der Stiefel, -	Ich habe mir für den Winter ein Paar warme Stiefel gekauft.	83
B1	Stiege	die	die Stiege, -n (A) →D, CH: Treppe	1. Wo ist die Toilette? – Die Stiege hoch und dann links. / 2. Meine Oma kann nicht gut Stiegen steigen.	83
B1	Stiegenhaus	das	das Stiegenhaus, ¨-er (A) →D, CH: Treppenhaus	Im Stiegenhaus ist kein Licht.	83
B1	Stimme	die	die Stimme, -n	Ich habe dich sofort an der Stimme erkannt.	84
B1	stimmen		stimmen, stimmt, stimmte, hat gestimmt	1. Meine Adresse stimmt nicht mehr. / 2. Das Wetter in Deutschland könnte besser sein. – Das stimmt.	84
B1	Stimmung	die	die Stimmung, -en	Es war eine tolle Party. Die Stimmung war sehr gut.	84
B1	stinken		stinken, stinkt, stank, hat gestunken	Was stinkt denn hier so? – Das ist der Fisch. Er ist nicht mehr frisch.	84
B1	Stock	der	der Stock →D, CH: Etage	Das Büro ist im 3. Stock, Zimmer 305.	84
B1	Stockwerk	das	das Stockwerk, -e	Das Gebäude hat zwanzig Stockwerke.	84
B1	Stoff	der	der Stoff, -e	1. Was für ein Stoff ist das? – Wolle. / 2. In manchen Farben sind giftige Stoffe.	84
B1	stolz		stolz	Ich bin stolz auf dich. Das hast du sehr gut gemacht.	84
B1	stoppen		stoppen, stoppt, stoppte, hat gestoppt	Die Polizei hat mich gestoppt, weil ich bei Rot über die Ampel gefahren bin.	84
B1	stören		stören, stört, störte, hat gestört	1. Darf ich Sie einen Augenblick stören? / 2. Du kannst das Radio anlassen. Das stört mich nicht.	84
B1	Störung	die	die Störung, -en	Entschuldigen Sie bitte die Störung.	84
B1	stoßen		(sich) stoßen, stößt, stieß, hat gestoßen	Wie haben Sie sich denn verletzt? – Ich habe mich an der Autotür gestoßen.	84
B1	Strafe	die	die Strafe, -n	Schwarzfahren kostet 60 Euro Strafe.	84
B1	strafbar		strafbar	Was du da machst, ist strafbar.	84
B1	Strafzettel	der	der Strafzettel, -	So ein Pech! Ich habe einmal falsch geparkt und sofort einen Strafzettel bekommen.	84
B1	Strand	der	der Strand, ¨-e	Im Urlaub bin ich am liebsten am Strand.	84
B1	Straße	die	die Straße, -n	1. Wir wohnen in einer sehr kleinen Straße. / 2. Unser Haus ist eine Straße weiter.	84
B1	Straßenbahn	die	die Straßenbahn, -en (D, A) →CH: Tram	Fahren wir mit der Straßenbahn oder der U-Bahn?	84
B1	Strecke	die	die Strecke, -n	1. Sind Sie die ganze Strecke zu Fuß gegangen? / 2. Auf der Strecke München – Salzburg: 8 km Stau. / 3. Ich möchte nach Hamburg fahren. / Können Sie mir sagen, welche Strecke am besten ist?	84
B1	Streichholz	das	das Streichholz, ¨-er → Zündholz; A: Zünder	Ich hätte gern eine Schachtel Streichhölzer.	84
B1	streiken		streiken, streikt, streikte, hat gestreikt	Die Arbeiter streiken für höhere Löhne.	84
B1	Streik	der	der Streik, -s	Es gab einen Streik am Flughafen. / Deshalb hatte unsere Maschine Verspätung.	84
B1	streiten		(sich) streiten, streitet, stritt, hat gestritten	Die Kinder streiten sich oft.	84
B1	Streit	der	der Streit	Ich möchte keinen Streit mit den Nachbarn.	84
B1	streng		streng	Unsere Tochter hat einen sehr strengen Lehrer.	84
B1	Stress	der	der Stress	Ich habe bei der Arbeit viel Stress.	84
B1	Strom	der	der Strom	Wie kann ich im Haushalt Strom sparen?	84
B1	Strumpf	der	der Strumpf, ¨-e	Wo sind meine roten Strümpfe?	84
B1	Stück/-stück	das	das Stück/-stück, -e	1. Ich nehme zwei Stück Zucker in den Kaffee. / 2. Möchten Sie noch ein Stück Kuchen? / 3. Was kosten die Kulis? – Ein Euro pro Stück. / 4. Ich begleite dich ein Stück. / 5. Er spielt in dem Stück die Hauptrolle.	84
B1	Studie	die	die Studie, -n	1. Wir führen eine Studie über Arbeitslosigkeit durch. / 2. Eine aktuelle Studie zeigt, dass die Umweltverschmutzung zunimmt.	84
B1	studieren		studieren, studiert, studierte, hat studiert	1. Mein Sohn will Medizin studieren. / 2. Ich studiere in Mainz.	84
B1	Student	der	der Student, -en	Schüler und Studenten zahlen die	84
B1	Studentin	die	die Studentin, -nen	Hälfte.	84
B1	Studierende	der	der Studierende, -n	Zehn Studierende besuchen das	84
B1	Studierende	die	die Studierende, -n	Seminar.	84
B1	Studium	das	das Studium, Studien	Sie brauchen für diese Stelle ein abgeschlossenes Studium.	84
B1	Studio	das	das Studio, -s	Zu Gast im Studio sind heute ...	84
B1	Stufe	die	die Stufe, -n	1. Vorsicht, Stufe! / 2. Die Volkshochschule bietet Sprachkurse auf verschiedenen Stufen an.	84
B1	Stuhl	der	der Stuhl, ¨-e	Da hinten ist noch ein Stuhl frei.	84
B1	stumm		stumm	Stell bitte dein Handy leise oder auf stumm.	84
B1	Stunde	die	die Stunde, -n	1. Ich bin in einer Stunde wieder zurück. / 2. Wir haben heute nur vier Stunden Schule. / 3. Ich warte seit zwei Stunden auf dich.	85
B1	Sturm	der	der Sturm, ¨-e	Im Radio haben sie Regen und Sturm angesagt.	85
B1	stürzen		stürzen, stürzt, stürzte, ist gestürzt	1. Ich bin auf der Straße gestürzt und habe mir den Fuß gebrochen. / 2. Bitte pass auf der Treppe auf, dass du nicht hinunterstürzt!	85
B1	suchen		suchen, sucht, suchte, hat gesucht	1. Ich suche meine Brille. / 2. Wir suchen eine größere Wohnung. / 3. Wen suchen Sie?	85
B1	Sucht	die	die Sucht, ¨-e	1. Die Sucht nach Medikamenten nimmt zu. / 2. Er kämpft gegen seine Alkoholsucht. / 3. Das Internet kann zur Sucht werden.	85
B1	süchtig		süchtig	1. Ich bin süchtig nach Schokolade. / 2. Fernsehen kann süchtig machen.	85
B1	Suchtmittel	das	das Suchtmittel, -	Manche Medikamente sind auch Suchtmittel.	85
B1	Summe	die	die Summe, -n	Die Summe scheint mir zu hoch!	85
B1	super		super	1. Das war ein super Film! / 2. Er kann super tanzen. / 3. Weißt du was? Ich komme mit. – Super!	85
B1	Supermarkt	der	der Supermarkt, ¨-e	Donnerstags gehe ich immer in den Supermarkt.	85
B1	Suppe	die	die Suppe, -n	Schmeckt dir die Suppe?	85
B1	süß		süß	1. Ich esse gern süße Sachen. / 2. Das ist aber ein süßes Baby!	85
B1	Symbol	das	das Symbol, -e	1. Das Herz ist ein Symbol für die Liebe. / 2. Auf dem Bildschirm finden Sie viele Symbole.	85
B1	sympathisch		sympathisch	Ich finde unsere neue Kollegin sehr sympathisch.	85
B1	System	das	das System, -e	1. Welches Betriebssystem hast du? / 2. Ich kenne Ihr System nicht. Können Sie es mir erklären?	85
B1	Szene	die	die Szene, -n	1. In dieser Szene des Films stirbt der Held. / 2. Ich kenne mich in der Szene nicht aus. / Ich bin zu alt. / 3. Bitte mach keine Szene!	85
B1	Tabelle	die	die Tabelle, -n	Tragen Sie die richtige Information in die Tabelle ein.	85
B1	Tablette	die	die Tablette, -n	Nehmen Sie dreimal täglich eine Tablette.	85
B1	Tafel	die	die Tafel, -n	1. Der Lehrer schreibt das neue Wort an die Tafel. / 2. Sie finden am Eingang eine Tafel mit Informationen. / 3. Ich hätte gern zwei Tafeln Schokolade.	85
B1	Tagesablauf	der	der Tagesablauf, ¨-e	Wie ist Ihr Tagesablauf?	85
B1	Tal	das	das Tal, ¨-er	Unser Dorf liegt in einem Tal.	85
B1	Talent	das	das Talent, -e	Sie hat großes Talent für Musik.	85
B1	tanken		tanken, tankt, tankte, hat getankt	1. Wir müssen unbedingt tanken. Wir haben fast kein Benzin mehr. / 2. Bitte einmal volltanken!	85
B1	Tankstelle	die	die Tankstelle, -n	Wo ist die nächste Tankstelle?	85
B1	Tante	die	die Tante, -n	Die Familie meiner Mutter ist sehr groß, daher habe ich viele Tanten.	85
B1	tanzen		tanzen, tanzt, tanzte, hat getanzt	Auf der Hochzeit haben wir viel getanzt.	85
B1	Tanz	der	der Tanz, ¨-e	Diese modernen Tänze kann ich nicht.	85
B1	Tasche	die	die Tasche, -n	1. Ich habe nicht viel Gepäck, nur eine Tasche. / 2. Meine Jacke hat keine Taschen.	85
B1	Taschengeld	das	das Taschengeld, -er	Wie viel Taschengeld bekommst du im Monat?	85
B1	Taschentuch	das	das Taschentuch, ¨-er	Hast du ein Taschentuch für mich?	85
B1	Tasse	die	die Tasse, -n	1. Die Tassen sind von meiner Großmutter. / 2. Möchten Sie eine Tasse Kaffee?	85
B1	Tastatur	die	die Tastatur, -en	Die Tastatur an meinem Computer ist ganz neu.	85
B1	Taste	die	die Taste, -n	1. An der Fernbedienung ist eine Taste kaputt. / 2. Du musst jetzt die Stopp-Taste drücken.	85
B1	Tat	die	die Tat, -en	Dieser Mensch hat mit vielen guten Taten geholfen.	85
B1	Täter	der	der Täter, -	Die Polizei hat den Täter endlich	85
B1	Täterin	die	die Täterin, -nen	gefasst.	85
B1	Tätigkeit	die	die Tätigkeit, -en	Welche Tätigkeit würde Ihnen Spaß machen?	85
B1	Tatsache	die	die Tatsache, -n	Das widerspricht den Tatsachen.	86
B1	tatsächlich		tatsächlich	Die Hose ist tatsächlich zu klein, obwohl sie so groß aussieht.	86
B1	taub		taub	1. Sie hört schlecht, sie ist schon fast taub. / 2. Bist du taub? Ich spreche mit dir!	86
B1	tauchen		tauchen, taucht, tauchte, ist/hat getaucht	Ich möchte im Urlaub wieder tauchen gehen.	86
B1	tauschen		tauschen, tauscht, tauschte, hat getauscht	1. Ich würde meinen Kuchen gegen dein Brot tauschen. / 2. Wollen wir die Plätze tauschen?	86
B1	Technik	die	die Technik, -en	1. Ich verstehe nicht viel von Technik. / 2. Um die Aufgaben zu lösen, brauchst du eine gute Arbeitstechnik.	86
B1	technisch		technisch	1. Es gab ein technisches Problem. / 2. Sind Sie technisch interessiert?	86
B1	Technologie	die	die Technologie, -n	Große Fortschritte gab es in der Technologie.	86
B1	Tee	der	der Tee	1. Bitte einen Tee mit Zitrone. / 2. Was kostet dieser Tee hier?	86
B1	Tee ziehen lassen		Tee ziehen lassen	Diesen Tee sollte man 10 Minuten ziehen lassen.	86
B1	teilen		teilen, teilt, teilte, hat geteilt	1. Mein Mann und ich teilen uns die Arbeit. / 2. Wollen wir uns eine Pizza teilen? / 3. Was machst du mit dem Gewinn? – Ich teile ihn mit meiner Familie.	86
B1	Teil	das	das Teil, -e	Dieses Teil müssen wir erst bestellen.	86
B1	Teil	der	der Teil, -e	1. Was steht in dem Brief? Ich habe den ersten Teil nicht verstanden / 2. Der Film hat zwei Teile. Heute kommt Teil 1. / 3. Gefällt dir der neue Job? – Nur zum Teil.	86
B1	Teilzeit	die	die Teilzeit	Ich arbeite im Moment nur Teilzeit.	86
B1	teilnehmen		teilnehmen, nimmt teil, nahm teil, hat teilgenommen	Leider konnte ich an dem Kurs nicht regelmäßig teilnehmen.	86
B1	Teilnahme	die	die Teilnahme, -n	Die Teilnahme am Gewinnspiel ist kostenlos.	86
B1	Teilnehmer	der	der Teilnehmer, -	Die Teilnehmerinnen aus unserem Kurs	86
B1	Teilnehmerin	die	die Teilnehmerin, -nen	kommen aus verschiedenen Ländern.	86
B1	telefonieren		telefonieren, telefoniert, telefonierte, hat telefoniert	1. Ich muss kurz telefonieren. / 2. Mein Mann telefoniert gerade. Können Sie später noch einmal anrufen?	86
B1	Telefon	das	das Telefon, -e	1. Darf ich bitte Ihr Telefon benutzen?	86
B1	Teller	der	der Teller, -	1. Stell bitte schon mal die Teller auf den Tisch! / 2. Willst du noch einen Teller Suppe?	86
B1	Temperatur	die	die Temperatur, -en	Die Temperaturen steigen heute um 10 Grad.	86
B1	Tempo	das	das Tempo	1. Hier darfst du nur Tempo 30 fahren. / 2. Achtung, hier ist eine Tempo-30-Zone!	86
B1	Tennis	das	das Tennis	Ich spiele gern Tennis.	86
B1	Teppich	der	der Teppich, -e	1. Ich habe mir einen neuen Teppich gekauft. / 2. Habt ihr in eurer neuen Wohnung Teppich oder einen Holzfußboden?	86
B1	Termin	der	der Termin, -e	Als Termin schlage ich den 3. Mai vor.	86
B1	Terminkalender	der	der Terminkalender, -	Hast du unser Treffen schon in deinen Terminkalender eingetragen?	86
B1	Terrasse	die	die Terrasse, -n	Setzen wir uns auf die Terrasse!	86
B1	testen		testen, testet, testete, hat getestet	Testen Sie unsere Angebote kostenlos.	86
B1	Test	der	der Test, -s	Ich bin ganz sicher: Du wirst den Test schaffen.	86
B1	teuer		teuer	Ich finde das Geschäft nicht teuer.	86
B1	Text	der	der Text, -e	Lesen Sie den Text.	86
B1	Theater	das	das Theater, -	Wir gehen nächste Woche ins Theater.	86
B1	Thema	das	das Thema, Themen	Wir haben im Kurs viel über das Thema Umwelt gesprochen.	86
B1	theoretisch		theoretisch	Ich habe die theoretische Prüfung bestanden. Nach der praktischen habe ich den Führerschein.	86
B1	Theorie	die	die Theorie, -n	Das ist die Theorie. In der Praxis ist vieles ganz anders.	86
B1	Therapie	die	die Therapie, -n	Die Therapie hat geholfen. Es geht mir schon viel besser.	86
B1	Ticket	das	das Ticket, -s	1. Wir müssen die Tickets für unseren Flug ausdrucken. / 2. Ich kaufe heute Tickets für das Konzert.	86
B1	tief		tief	1. Vorsicht, Kinder! Das Wasser ist hier sehr tief. / 2. Der Schrank ist drei Meter breit und 60 Zentimeter tief. / 3. Bitte jetzt tief einatmen!	86
B1	Tier	das	das Tier, -e	Er mag Tiere sehr und geht darum oft in den Zoo.	86
B1	Haustier	das	das Haustier, -e	Hat deine Familie ein Haustier? − Ja, wir haben einen Hund.	87
B1	Tierpark	der	der Tierpark, -s	Wollen wir am Samstag mit den Kindern in den Tierpark gehen?	87
B1	Tipp	der	der Tipp, -s	Kannst du mir einen Tipp geben? Wo finde ich billige Möbel?	87
B1	tippen		tippen, tippt, tippte, hat	Wie schnell kannst du tippen?	87
B1	getippt		getippt		87
B1	Tisch	der	der Tisch, -e	Das Essen steht schon auf dem Tisch.	87
B1	Titel	der	der Titel, -	1. Wie heißt der Film? – Ich weiß den Titel nicht mehr. / 2. Haben Sie einen Titel? – Ja, Doktor.	87
B1	Tochter	die	die Tochter, ¨-	Das ist meine Tochter Katharina.	87
B1	Tod	der	der Tod	Ich habe ihn vor seinem Tod noch einmal gesehen.	87
B1	tödlich		tödlich	Dieses Gift kann für den Menschen tödlich sein.	87
B1	Toilette	die	die Toilette, -n	Wo ist die Toilette, bitte?	87
B1	tolerant		tolerant	Die Nachbarn hören oft laut Musik. Wir müssen sehr tolerant sein.	87
B1	toll		toll	1. Ich habe mir ein tolles Kleid gekauft. / 2. Unser Urlaub war toll.	87
B1	Tomate	die	die Tomate, -n →A: Paradeiser	Kauf bitte noch Tomaten auf dem Markt.	87
B1	Topf	der	der Topf, ¨-e (D, A) →CH: Pfanne	1. Dieses Jahr haben wir keine Töpfe mit Blumen auf dem Balkon. / 2. Hast du keinen größeren Topf? Ich möchte Kartoffeln kochen. → (CH: Pfanne)	87
B1	Tor	das	das Tor, -e	1. Hinter dem Tor geht es zur Fabrik. / 2. Die Mannschaft konnte vier Tore schießen.	87
B1	Torte	die	die Torte, -n	Zum Geburtstag backe ich dir eine Torte.	87
B1	tot		tot	Meine Großeltern sind schon lange tot.	87
B1	Tote	der	der Tote, -n	Bei dem Unfall gab es zwei Tote.	87
B1	Tote	die	die Tote, -n		87
B1	total		total	Der Film war total langweilig.	87
B1	Tourismus	der	der Tourismus	In dieser Gegend gibt es viel Tourismus.	87
B1	Tourist	der	der Tourist, -en	Es kommen immer mehr Touristen in	87
B1	Touristin	die	die Touristin, -nen	unsere Stadt.	87
B1	Tradition	die	die Tradition, -en	Eine große Hochzeit mit vielen Leuten ist bei uns Tradition.	87
B1	traditionell		traditionell	Ich mag die traditionelle Küche.	87
B1	tragen		tragen, trägt, trug, hat getragen	1. Lass mich den Koffer tragen. Der ist zu schwer für dich. / 2. Mein Bruder trägt eine Brille. / 3. Die Kosten trägt die Krankenkasse.	87
B1	trainieren		trainieren, trainiert, trainierte, hat trainiert	Wir trainieren einmal pro Woche im Sportverein.	87
B1	Trainer	der	der Trainer, -	Ich finde unseren Trainer sehr nett.	87
B1	Trainerin	die	die Trainerin, -nen		87
B1	Training	das	das Training, -s	1. Jeden Dienstag ist Training. / 2. Ich gehe jede Woche zum Training.	87
B1	Tram	das	das Tram, -s →D, A: Straßenbahn	Fahren wir mit dem Tram oder dem Bus?	87
B1	Träne	die	die Träne, -n	Sie trocknet dem Kind die Tränen.	87
B1	transportieren		transportieren, transportiert, transportierte, hat transportiert	Wie willst du die Möbel denn transportieren?	87
B1	Transport	der	der Transport, -e	Was kostet der Transport?	87
B1	träumen		träumen, träumt, träumte, hat geträumt	1. Ich habe schlecht geträumt. / 2. Ich träume von einem großen Haus mit Garten.	87
B1	Traum	der	der Traum, ¨-e	Mein Traum ist ein eigenes Geschäft.	87
B1	Traum-		Traum-	Mein Traumberuf ist Feuerwehrmann.	87
B1	traurig		traurig	1. Ich bin traurig. Ich darf nicht mitfahren. / 2. Das war ein sehr trauriger Film.	87
B1	treffen		treffen, trifft, traf, hat getroffen	1. Wir treffen uns immer freitags. / 2. Ich habe Petra zufällig in der Stadt getroffen.	87
B1	Treffpunkt	der	der Treffpunkt, -e	Unser Treffpunkt ist um 17 Uhr am Hauptbahnhof.	87
B1	treiben		treiben, treibt, trieb, hat	Welchen Sport treibst du?	87
B1	getrieben		getrieben		87
B1	trennen		(sich) trennen, trennt, trennte, hat getrennt	1. Wir leben getrennt. / 2. Meine Freundin und ihr Mann haben sich getrennt. / 3. Wir müssen den Müll trennen. Das kommt zum Altpapier.	87
B1	Trennung	die	die Trennung, -en	1. Die Trennung von der Familie war schwierig. / 2. Meine Kollegin ist noch nicht geschieden, aber sie lebt in Trennung.	87
B1	getrennt leben		getrennt leben	Ich lebe getrennt von meiner Frau.	87
B1	Treppe	die	die Treppe, -n (D, CH) →A: Stiege	1. Wo ist die Toilette? – Die Treppe hoch und dann links. / 2. Meine Oma kann nicht gut Treppen steigen.	88
B1	Treppenhaus	das	das Treppenhaus, ¨-er (D, CH) →A: Stiegenhaus	Im Treppenhaus ist kein Licht.	88
B1	treten		treten, tritt, trat, hat/ist getreten	1. Ich bin in ein Stück Glas getreten. / 2. Au! Du hast mich getreten!	88
B1	treu		treu	Herr Maier ist ein treuer Kunde von uns.	88
B1	trinken		trinken, trinkt, trank, hat getrunken	Trinken Sie einen Tee mit uns?	88
B1	Trinkgeld	das	das Trinkgeld, -er	Ich habe dem Kellner zwei Euro Trinkgeld gegeben.	88
B1	trocken		trocken	1. Die Wäsche ist noch nicht trocken. / 2. Hoffentlich regnet es bald. Alles ist ganz trocken. / 3. Bitte einen trockenen Wein.	88
B1	trocknen		trocknen, trocknet, trocknete, hat/ist getrocknet	1. Ich habe mir die Haare getrocknet. / 2. Die Farbe ist schnell getrocknet.	88
B1	Tropfen	die	die Tropfen (Pl.)	1. Hast du die Tropfen schon genommen? / 2. Wegen der paar Regentropfen brauchst du doch keinen Schirm.	88
B1	Trottoir	das	das Trottoir, -s (CH) → Gehsteig (D, A)	Das Velofahren auf dem Trottoir ist nicht erlaubt.	88
B1	trotz		trotz	Trotz Grippe bin ich zur Arbeit gegangen.	88
B1	trotzdem		trotzdem	Es war ziemlich kalt. Trotzdem bin ich schwimmen gegangen.	88
B1	Tuch	das	das Tuch, ¨-er	1. Wo hast du dieses schöne Tuch gekauft? / 2. Die Handtücher sind im Schrank ganz oben. / 3. Hast du ein Taschentuch für mich?	88
B1	tun		tun, tut, tat, hat getan	1. Ich habe heute viel zu tun. / 2. Was kann ich für Sie tun? / 3. Ich habe zu viel Zucker in den Kaffee getan. / 4. Es tut mir leid. Ich kann nicht kommen. / 5. Der Arm tut mir weh. / 6. Ich habe endlich mal ausgeschlafen. / Das hat gut getan.	88
B1	Tür	die	die Tür, -en	Machen Sie bitte die Tür zu! Es zieht.	88
B1	Turm	der	der Turm, ¨-e	Kommen Sie auf den Turm, von hier sieht man die ganze Stadt.	88
B1	Tüte	die	die Tüte, -n	Brauchen Sie eine Tüte für den Salat?	88
B1	Typ	der	der Typ, -en	1. Mein Nachbar ist ein netter Typ. / 2. Was für ein Typ bist du? Was machst du gerne? / 3. Kennen Sie sich mit den verschiedenen Typen aus? Auch mit meinem Auto?	88
B1	typisch		typisch	1. Im Hotel gab es typisch deutsches Essen. / 2. Er kommt wieder zu spät, das ist typisch. / 3. Diese Musik ist typisch für dieses Land.	88
B1	U-Bahn	die	die U-Bahn, -en	Ich fahre mit der U-Bahn.	88
B1	üben		üben	Ich lerne gerade Gitarre spielen. Ich übe jeden Tag zwei Stunden.	88
B1	Übung	die	die Übung, -en	1. Diese Übung war sehr schwer. / 2. Ich fahre nicht oft Auto. Mir fehlt die Übung.	88
B1	über		über	1. Die Müllers wohnen direkt über uns. / 2. Pass bitte auf, wenn du über die Straße gehst. / 3. Fahren Sie über Stuttgart oder über Würzburg? / 4. Übers Wochenende fahren wir in die Berge. / 5. Kinder über zehn Jahre müssen voll bezahlen. / 6. Ich suche ein Buch über die deutsche Küche.	88
B1	überall		überall	Ich habe überall gesucht, aber meine Brille ist weg.	88
B1	überfahren		überfahren, überfährt, überfuhr, hat überfahren	Gestern hat ein Autofahrer einen Hund überfahren.	88
B1	überhaupt		überhaupt	1. Die Suppe schmeckt mir überhaupt nicht. / 2. Tut mir leid. Ich habe überhaupt keine Zeit. / 3. Du willst mit meinem Auto fahren? / Hast du überhaupt einen Führerschein?	88
B1	überholen		überholen, überholt, überholte, hat überholt	Hier dürfen Lkws nicht überholen.	88
B1	überlegen		überlegen, überlegt, überlegte, hat überlegt	1. Ich kann mich nicht entscheiden. Ich muss mir das noch überlegen. / 2. Ich habe mir überlegt, ein Auto zu kaufen.	88
B1	übermorgen		übermorgen	Morgen kann ich nicht. Wir sehen uns übermorgen.	89
B1	übernachten		übernachten, übernachtet, übernachtete, hat übernachtet	Wir haben auf dem Campingplatz übernachtet.	89
B1	Übernachtung	die	die Übernachtung, -en	In diesem Hotel kostet die Übernachtung mit Frühstück 90 Euro.	89
B1	übernehmen		übernehmen, übernimmt, übernahm, hat übernommen.	Ich habe das Geschäft von meinem Vater übernommen.	89
B1	überprüfen		überprüfen, überprüft, überprüfte, hat überprüft	Bitte überprüfen Sie, ob Ihr Name richtig geschrieben ist.	89
B1	überqueren		überqueren, überquert, überquerte, hat überquert	Bitte die Straße nur an der Ampel überqueren.	89
B1	überraschen		überraschen, überrascht, überraschte, hat überrascht	Ich bin ganz überrascht, dass die Wohnung so billig ist.	89
B1	Überraschung	die	die Überraschung,-en	1. Ich habe eine Überraschung für dich. / 2. Das ist ja eine Überraschung. Ich dachte, du bist im Urlaub.	89
B1	überreden		überreden, überredet, überredete, hat überredet	Zuerst wollte ich nicht, aber mein Bruder hat mich überredet, einen Englischkurs zu machen.	89
B1	Überschrift	die	die Überschrift, -en	1. Der Artikel erschien unter der folgenden Überschrift: „…“ / 2. Die Überschrift passt überhaupt nicht zum Inhalt des Artikels.	89
B1	übersetzen		übersetzen, übersetzt, übersetzte, hat übersetzt	Können Sie mir bitte diesen Brief übersetzen?	89
B1	Übersetzer	der	der Übersetzer, -	Meine Tochter möchte als Übersetzerin	89
B1	Übersetzerin	die	die Übersetzerin, -nen	arbeiten.	89
B1	Übersetzung	die	die Übersetzung, -en	Die Übersetzung des Buches ist sehr gut.	89
B1	Überstunde	die	die Überstunde, -n	Ich muss heute Überstunden machen.	89
B1	über-		über-		89
B1	übertreiben		übertreiben, übertreibt, übertrieb, hat übertrieben	Ein bisschen Sport ist gesund. Aber man sollte es nicht übertreiben.	89
B1	überweisen		überweisen, überweist, überwies, hat überwiesen	1. Ich überweise dir das Geld. / 2. Der Arzt hat mich ins Krankenhaus überwiesen.	89
B1	Überweisung	die	die Überweisung, - en	1. Sie können bar oder per Überweisung bezahlen. / 2. Der Hausarzt hat mir eine Überweisung fürs Krankenhaus gegeben.	89
B1	überzeugen		(sich) überzeugen, überzeugt, überzeugte, hat überzeugt	1. Ihr Vorschlag überzeugt mich gar nicht. / 2. Ich bin fest davon überzeugt, dass meine Entscheidung richtig ist.	89
B1	Überzeugung	die	die Überzeugung, -en	Wie bist du zu dieser Überzeugung gekommen?	89
B1	üblich		üblich	In Deutschland ist es üblich, früh zu Abend zu essen.	89
B1	übrig		übrig	Ist noch etwas zu essen übrig?	89
B1	übrigens		übrigens	Übrigens, kennst du schon die neuen Nachbarn?	89
B1	Ufer	das	das Ufer, -	1. Er schwimmt ans Ufer zurück. / 2. Am Seeufer ist es schön spazieren zu gehen.	89
B1	Uhr	die	die Uhr, -en	1. Wie viel Uhr ist es? / 2. Es ist vier Uhr. / 3. Um wie viel Uhr müssen wir gehen? / 4. Meine Uhr ist stehen geblieben.	89
B1	um		um	1. Wir treffen uns um 8 Uhr. / 2. Die Apotheke ist gleich um die Ecke. / 3. Die Benzinpreise sind schon wieder um 3 % gestiegen.	89
B1	umarmen		umarmen, umarmt, umarmte, hat umarmt	Lass dich zum Abschied umarmen.	89
B1	um … zu		um … zu	Um gesund zu bleiben, musst du Sport machen und Gemüse essen.	89
B1	umdrehen		(sich) umdrehen, dreht	1. Dreh dich mal um. Da hinten liegt das	89
B1	um		um, drehte um, hat umgedreht	Buch doch. / 2. Dreh das Blatt um; die Lösung steht auf der Rückseite.	89
B1	Umfrage	die	die Umfrage, -n	Wir machen eine Umfrage zum Thema Umweltschutz.	89
B1	Umgebung	die	die Umgebung, -en	In der Umgebung von Berlin kann man schöne Ausflüge machen.	89
B1	umgehen		umgehen, geht um, ging um, ist umgegangen	Er kann sehr gut mit Kindern umgehen.	89
B1	umgekehrt		umgekehrt	Nein, umgekehrt: erst der Vorname, dann der Nachname.	89
B1	Umleitung	die	die Umleitung, -en	Es gibt wegen des Unfalls eine Umleitung.	89
B1	umso		umso	1. Je früher wir dort sind, umso besser sind unsere Chancen auf einen guten Sitzplatz. / 2. Ich kann dir nicht nur heute, sondern auch morgen helfen. – Umso besser!	89
B1	umsonst		umsonst	1. Ich musste nichts bezahlen. Die Reparatur war umsonst. / 2. Nichts hat geholfen, es war alles umsonst.	89
B1	umsteigen		umsteigen, steigt um, stieg um, ist umgestiegen	In Ulm müssen Sie umsteigen.	90
B1	umtauschen		umtauschen, tauscht um, tauschte um, hat umgetauscht	1. Ich möchte diese Bluse umtauschen. / Sie passt mir nicht. / 2. Wo kann ich Geld umtauschen?	90
B1	Umtausch	der	der Umtausch, ¨-e	Ein Umtausch ist leider nicht möglich.	90
B1	Umwelt	die	die Umwelt	Alte Autos sind ein Problem für die Umwelt.	90
B1	Umweltschutz	der	der Umweltschutz	Das Land muss mehr Geld für Umweltschutz ausgeben.	90
B1	Umweltverschmutzung	die	die Umweltverschmutzung, -en	Die Umweltverschmutzung nimmt weiter zu.	90
B1	umziehen		umziehen, zieht um, zog	Familie Meier ist letzten Monat	90
B1	um		um, ist umgezogen	umgezogen. Sie wohnen nicht mehr hier.	90
B1	Umzug	der	der Umzug, ¨-e	Der Umzug ist nächste Woche.	90
B1	umziehen		sich umziehen, zieht sich	Bevor wir zur Party gehen, möchte ich	90
B1	um		um, zog sich um, hat sich	mich umziehen.	90
B1	umgezogen		umgezogen		90
B1	un-		un-	1. Der Verkäufer war sehr unfreundlich. / 2. Dieses Geräusch ist mir unangenehm. / 3. Er kam wie immer unpünktlich.	90
B1	unbedingt		unbedingt	Ich muss unbedingt mit dir sprechen.	90
B1	und		und	1. Ich habe heute und morgen frei. / 2. Ich kaufe ein und mein Mann kocht.	90
B1	Unfall	der	der Unfall, ¨-e	Ich hatte letzte Woche einen Unfall.	90
B1	ungefähr		ungefähr	Wie weit ist es bis zum Bahnhof? – Nicht weit, ungefähr zehn Minuten zu Fuß.	90
B1	ungewöhnlich		ungewöhnlich	Ich finde diese Speise ungewöhnlich, aber sie schmeckt gut.	90
B1	unglaublich		unglaublich	Es ist unglaublich. Schon wieder so ein Unglück.	90
B1	Unglück	das	das Unglück, -e	Bei dem Unglück gab es viele Verletzte.	90
B1	unheimlich		unheimlich	1. Ich mag dieses Haus nicht. Es sieht unheimlich aus. / 2. Diese Person ist mir unheimlich. / 3. Lass uns umkehren. Mir wird im Dunkeln unheimlich. / 4. Die Prüfung war unheimlich schwer.	90
B1	Uniform	die	die Uniform, -en	In der Schule, die sie besucht, trägt man Uniformen.	90
B1	Universität	die	die Universität, -en	Mein Sohn studiert an der Universität.	90
B1	unten		unten	1. Wir wohnen im 3. Stock, meine Eltern unten im 1. Stock. / 2. Sie ist mal kurz nach unten gegangen.	90
B1	unter		unter	1. Unter uns wohnt eine Familie mit drei Kindern. / 2. Die CDs sind im Regal unter dem Fernseher.	90
B1	unter-		unter-	Mein Pass ist im unteren Regal.	90
B1	unterbrechen		unterbrechen, unterbricht, unterbrach, hat unterbrochen	1. Wir unterbrechen die Sendung für eine wichtige Nachricht. / 2. Bitte unterbrich mich nicht, wenn ich spreche.	90
B1	unterhalten		(sich) unterhalten, unterhält, unterhielt, hat unterhalten	1. Wir haben uns über das Fußballspiel unterhalten. / 2. Ich habe mich bei der Party sehr gut unterhalten.	90
B1	Unterhaltung	die	die Unterhaltung, -en	Wir wünschen Ihnen gute Unterhaltung.	90
B1	Unterkunft	die	die Unterkunft, ¨-e	1. Ich komme drei Tage nach Hamburg und suche eine günstige Unterkunft. / 2. Ist dieser Preis inklusive Unterkunft und Essen?	90
B1	Unterlagen	die	die Unterlagen (Pl.)	Ich schicke Ihnen alle Unterlagen mit der Post zu.	90
B1	unterlassen		unterlassen, unterlässt, unterließ, hat unterlassen	Das Rauchen auf den Gängen ist zu unterlassen.	90
B1	unternehmen		unternehmen, unternimmt, unternahm, hat unternommen	Wollen wir heute Abend noch etwas unternehmen?	90
B1	Unternehmer	der	der Unternehmer, -	Sie ist erfolgreiche Unternehmerin.	90
B1	Unternehmerin	die	die Unternehmerin, -nen		90
B1	unterrichten		unterrichten, unterrichtet, unterrichtete, hat unterrichtet	Meine Frau unterrichtet Spanisch.	90
B1	Unterricht	der	der Unterricht	Der Unterricht dauert von 17 bis 19 Uhr.	90
B1	untersagt		untersagt	Es ist untersagt, hier zu rauchen.	90
B1	unterscheiden		unterscheiden, unterscheidet, unterschied, hat unterschieden	Ihr seid euch sehr ähnlich. Auf dem Foto kann man euch beide nicht unterscheiden.	90
B1	Unterschied	der	der Unterschied, -e	Können Sie mir sagen, was der Unterschied ist? Welche Fahrkarte ist günstiger?	90
B1	unterschiedlich		unterschiedlich	Mein Bruder und ich sind sehr unterschiedlich. Er interessiert sich für Mathematik, ich mich für Sprachen.	91
B1	unterschreiben		unterschreiben, unterschreibt, unterschrieb, hat unterschrieben	Unterschreiben Sie bitte hier unten rechts.	91
B1	Unterschrift	die	die Unterschrift, -en	Auf dem Schreiben fehlt die Unterschrift.	91
B1	unterstreichen		unterstreichen, unterstreicht, unterstrich, hat unterstrichen	Wir sollen alle wichtigen Wörter unterstreichen.	91
B1	unterstützen		unterstützen, unterstützt, unterstützte, hat unterstützt	Sie unterstützen mich, wo sie nur können.	91
B1	Unterstützung	die	die Unterstützung, -en	Ich nehme Ihre Unterstützung gern an.	91
B1	untersuchen		untersuchen, untersucht, untersuchte, hat untersucht	Sie sollten sich vom Arzt untersuchen lassen.	91
B1	Untersuchung	die	die Untersuchung, -en	Ich habe morgen eine Untersuchung im Krankenhaus.	91
B1	unterwegs		unterwegs	1. Warte auf mich. Ich bin unterwegs und komme gleich. / 2. Unterwegs können wir noch etwas essen. / 3. Stell dir vor, der Brief war zwei Wochen unterwegs.	91
B1	Urkunde	die	die Urkunde, -n	Wenn wir das Spiel gewinnen, bekommen wir eine Urkunde.	91
B1	Urlaub	der	der Urlaub, -e (D, A) →CH: Ferien	Ich habe noch drei Tage Urlaub.	91
B1	Ursache	die	die Ursache, -n	1. Kennt man schon die Unfallursache? / 2. Vielen Dank! – Keine Ursache!	91
B1	verursachen		verursachen, verursacht, verursachte, hat verursacht	Dieser Busfahrer verursachte den Unfall.	91
B1	ursprünglich		ursprünglich	Ursprünglich wollte ich in einem Restaurant arbeiten. Aber dann bin ich Busfahrerin geworden.	91
B1	Urteil	das	das Urteil, -e	1. Dein Urteil ist für mich sehr wichtig. / 2. Das Urteil des Gerichts erscheint mir zu hart.	91
B1	Vase	die	die Vase, -n	Hast du eine Vase für die Blumen?	91
B1	Vater	der	der Vater, ¨-	1. Mein Vater arbeitet in einem Restaurant. / 2. Herr Müller ist Vater geworden.	91
B1	vegetarisch		vegetarisch	1. Ich mag kein Fleisch. Ich esse am liebsten vegetarisch. / 2. Haben Sie auch vegetarische Gerichte?	91
B1	Velo	das	das Velo, -s (CH) → Fahrrad; D, A: Rad	1. Sie fährt jeden Morgen mit dem Velo zur Arbeit. / 2. Am Sonntag fahren wir oft Velo.	91
B1	verabreden		(sich) verabreden, verabredet, verabredete, hat verabredet	Wir haben uns mit Freunden verabredet. Wir wollen zusammen essen.	91
B1	verabredet		verabredet	Tut mir leid, ich habe keine Zeit. Ich bin mit meiner Freundin verabredet.	91
B1	Verabredung	die	die Verabredung, -en	Ich habe um 15 Uhr eine Verabredung mit Klaus.	91
B1	verabschieden		(sich) verabschieden, verabschiedet, verabschiedete, hat verabschiedet	1. Ich wurde von meinen Freunden sehr nett verabschiedet. / 2. Es ist schon 23 Uhr. Ich möchte mich verabschieden.	91
B1	Abschied	der	der Abschied, -e	Der Abschied von meinen Freunden fiel mir schwer.	91
B1	verändern		(sich) verändern, verändert, veränderte, hat verändert	1. Das geht so nicht. Wir müssen die Organisation verändern. / 2. Wir haben uns lange nicht gesehen. / Aber du hast dich gar nicht verändert.	91
B1	Veranstaltung	die	die Veranstaltung, -en	Am Samstag ist unser Lokal geschlossen. Wir haben eine Veranstaltung.	91
B1	verantwortlich		verantwortlich	Sie sind für Ihre Kinder verantwortlich.	91
B1	Verantwortung	die	die Verantwortung	Sie tragen die Verantwortung für Ihre Kinder.	91
B1	verbessern		(sich) verbessern, verbessert, verbesserte, hat verbessert	1. Ich habe mein Deutsch verbessert. / 2. Meine Kinder haben sich in der Schule verbessert.	91
B1	verbieten		verbieten, verbietet, verbot, hat verboten	Ich werde meinen Kindern das Rauchen verbieten.	91
B1	Verbot	das	das Verbot, -e	Ich bin für das Verbot dieses neuen Videospiels.	91
B1	verboten		verboten	In den meisten Restaurants ist Rauchen verboten.	91
B1	verbinden		verbinden, verbindet, verband, hat verbunden	1. Wir müssen die Wunde sofort verbinden. / 2. Sie sind falsch verbunden! Hier ist Müller, nicht Meyer.	91
B1	Verbindung	die	die Verbindung, -en	1. Die Verbindung ist sehr gut. Ich kann direkt mit diesem Zug fahren und muss nicht umsteigen. / 2. Kannst du bitte lauter sprechen? Die Verbindung ist sehr schlecht.	92
B1	verbrauchen		verbrauchen, verbraucht, verbrauchte, hat verbraucht	Wie viel Benzin verbraucht dein Auto?	92
B1	Verbrecher	der	der Verbrecher, -	Die Polizei hat den Verbrecher	92
B1	Verbrecherin	die	die Verbrecherin, -nen	verhaftet.	92
B1	verbrennen		(sich) verbrennen, verbrennt, verbrannte, hat verbrannt	1. Ich werde alle Briefe verbrennen. / 2. Der Herd war noch heiß. Ich habe mich verbrannt.	92
B1	verbringen		verbringen, verbringt, verbrachte, hat verbracht	Wie haben Sie Ihren Urlaub verbracht?	92
B1	Verdacht	der	der Verdacht	1. Wer hat das Geld aus der Kasse genommen? – Ich weiß es nicht, aber ich habe einen Verdacht. / 2. Wen haben Sie in Verdacht?	92
B1	verdächtig		verdächtig	1. Die Tür war nicht abgeschlossen. Das ist verdächtig. / 2. Haben Sie etwas Verdächtiges gesehen?	92
B1	verdienen		verdienen, verdient, verdiente, hat verdient	1. In diesem Beruf verdient man gut. / 2. Er hat den Urlaub wirklich verdient.	92
B1	Verein	der	der Verein, -e	Ich bin schon seit 15 Jahren Mitglied in diesem Verein.	92
B1	vereinbaren		vereinbaren, vereinbart, vereinbarte, hat vereinbart	Können wir einen Termin vereinbaren?	92
B1	Vergangenheit	die	die Vergangenheit	In der Vergangenheit war das anders.	92
B1	vergeblich		vergeblich	Ich habe vergeblich versucht dich anzurufen.	92
B1	vergessen		vergessen, vergisst, vergaß, hat vergessen	1. Ich habe den Termin ganz vergessen. / 2. Ich habe meinen Pass vergessen.	92
B1	vergleichen		vergleichen, vergleicht, verglich, hat verglichen	Vergleichen Sie die Angebote.	92
B1	Vergleich	der	der Vergleich, -e	1. Ein Vergleich ist schwer möglich. / 2. Im Vergleich zum Wetter letzte Woche ist es heute warm.	92
B1	vergnügen		sich vergnügen, vergnügt	Auf der Party habe ich mich sehr	92
B1	sich		sich, vergnügte sich, hat sich vergnügt	vergnügt.	92
B1	Vergnügen	das	das Vergnügen, -	1. Es ist ein Vergnügen, den Kindern beim Spielen zuzusehen. / 2. Ich wünsche dir viel Vergnügen bei der Party!	92
B1	vergnügt		vergnügt	Er kam mit einem vergnügten Grinsen herein.	92
B1	vergrößern		vergrößern, vergrößert, vergrößerte, hat vergrößert	1. Können Sie das Foto vergrößern? / 2. Wir wollen unser Geschäft vergrößern.	92
B1	verhaften		verhaften, verhaftet, verhaftete, hat verhaftet	Die Polizei hat 23 Menschen verhaftet.	92
B1	verhalten		sich verhalten, verhält	Der Mann hat sich uns gegenüber	92
B1	sich		sich, verhielt sich, hat sich verhalten	merkwürdig verhalten.	92
B1	Verhalten	das	das Verhalten	Ich bewundere dein Verhalten in der schwierigen Situation.	92
B1	Verhältnis	das	das Verhältnis, -se	Ich habe ein gutes Verhältnis zu meinen Eltern.	92
B1	verheiratet		verheiratet	1. Mit wem sind Sie verheiratet? / 2. Meine Eltern sind seit 30 Jahren verheiratet.	92
B1	verhindern		verhindern, verhindert, verhinderte, hat verhindert	Wir konnten den Unfall nicht verhindern.	92
B1	verkaufen		verkaufen, verkauft, verkaufte, hat verkauft	Ich habe unser altes Auto verkauft.	92
B1	Verkäufer	der	der Verkäufer, -	Die Verkäuferin wird Ihnen gleich	92
B1	Verkäuferin	die	die Verkäuferin, -nen	helfen.	92
B1	Verkehr	der	der Verkehr	Morgens ist hier immer viel Verkehr.	92
B1	Verkehrsmittel	das	das Verkehrsmittel, -	Es gibt kaum Parkplätze. Sie sollten mit öffentlichen Verkehrsmitteln fahren.	92
B1	Verlag	der	der Verlag, -e (A: ¨-e)	Von welchem Verlag ist dieses Buch?	92
B1	verlangen		verlangen, verlangt, verlangte, hat verlangt	1. Jeden Tag Überstunden? Das können Sie nicht verlangen. / 2. Wie viel verlangen Sie für das Auto? / 3. Frau Müller, Sie werden am Telefon verlangt.	92
B1	verlängern		verlängern, verlängert, verlängerte, hat verlängert	1. Ich muss meinen Pass verlängern lassen. / 2. Die U-Bahn Linie U4 wird verlängert.	92
B1	verlassen		verlassen, verlässt, verließ, hat verlassen	1. Ich habe die Party um 3 Uhr verlassen. / 2. Du kannst dich auf mich verlassen. Ich helfe dir auf jeden Fall.	92
B1	verlaufen		sich verlaufen, verläuft sich, verlief sich, hat sich verlaufen	Gestern haben wir uns im Wald verlaufen. Wir haben erst eine Stunde später den richtigen Weg gefunden.	93
B1	verletzen		(sich) verletzen, verletzt, verletzte, hat verletzt	1. Ich habe mich an der Hand verletzt. / 2. Ich habe mir den Arm verletzt.	93
B1	Verletzung	die	die Verletzung, -en	Keine Angst. Die Verletzung ist nicht so schlimm.	93
B1	verlieben		sich verlieben, verliebt	Ich habe mich verliebt.	93
B1	sich		sich, verliebte sich, hat sich verliebt		93
B1	verliebt		verliebt	Ich bin in Francesco verliebt.	93
B1	verlieren		verlieren, verliert, verlor, hat verloren	1. Ich habe meine Brieftasche verloren. / 2. Jennifer hat ihre Stelle verloren. / 3. Sie dürfen den Mut nicht verlieren. / 4. Unsere Mannschaft hat 3:5 verloren.	93
B1	Verlierer	der	der Verlierer, -	Sie ist eine gute Verliererin.	93
B1	Verliererin	die	die Verliererin, -nen		93
B1	Verlust	der	der Verlust, -e	Der Verlust meiner Uhr ärgert mich sehr.	93
B1	vermeiden		vermeiden, vermeidet, vermied, hat vermieden	Der Arzt sagt, ich soll Stress vermeiden.	93
B1	vermieten		vermieten, vermietet, vermietete, hat vermietet	1. Bei uns im Haus ist ein Zimmer zu vermieten. / 2. Die Wohnung ist schon vermietet.	93
B1	Vermieter	der	der Vermieter, -	Unsere Vermieterin ist eine sehr nette,	93
B1	Vermieterin	die	die Vermieterin, -nen	ältere Frau.	93
B1	Vermietung	die	die Vermietung, -en	Mit der Vermietung von Wohnungen kann man viel Geld verdienen.	93
B1	vermissen		vermissen, vermisst, vermisste, hat vermisst	Ich vermisse meine Familie.	93
B1	Vermittlung	die	die Vermittlung, -en	1. Du suchst ein Zimmer? Dann frag bei der Vermittlung am Bahnhof nach. / 2. Rufen Sie die Vermittlung an und fragen Sie nach der Telefonnummer von Herrn Fischer.	93
B1	vermuten		vermuten, vermutet, vermutete, hat vermutet	Ich vermute, sie wird heute nicht kommen.	93
B1	vermutlich		vermutlich	Vermutlich sagt er die Wahrheit.	93
B1	vernünftig		vernünftig	1. Seien Sie doch vernünftig! / 2. Das ist ein ganz vernünftiger Vorschlag.	93
B1	verpacken		verpacken, verpackt, verpackte, hat verpackt	Hast Du die Pakete gut verpackt?	93
B1	verpassen		verpassen, verpasst, verpasste, hat verpasst	1. Ich habe den Zug verpasst. / 2. Ich habe die 12-Uhr-Nachrichten verpasst.	93
B1	verpflegen		verpflegen, verpflegt, verpflegte, hat verpflegt	Wir werden hier sehr gut mit Essen verpflegt.	93
B1	verpflichtet		verpflichtet	Sie sind verpflichtet, den Unfall zu melden.	93
B1	verraten		verraten, verrät, verriet, hat verraten	1. Wer hat dir das Geheimnis verraten? / 2. Sein Blick verriet mir, dass er verletzt ist.	93
B1	verreisen		verreisen, verreist, verreiste, ist verreist	Frau Dr. Müller ist zurzeit verreist.	93
B1	verrückt		verrückt	1. Bist du verrückt geworden?! / 2. So eine verrückte Idee.	93
B1	Versammlung	die	die Versammlung, -en	Der Minister hielt bei der Versammlung eine Rede.	93
B1	versäumen		versäumen, versäumt, versäumte, hat versäumt	Tut mir leid, ich habe die Anmeldefrist versäumt.	93
B1	verschieben		verschieben, verschiebt, verschob, hat verschoben	Leider muss ich den Termin verschieben.	93
B1	verschieden		verschieden	1. Unsere beiden Kinder sind sehr verschieden. / 2. Wir haben dieses Kleid in verschiedenen Farben.	93
B1	verschreiben		verschreiben, verschreibt, verschrieb, hat verschrieben	Die Ärztin hat mir Tabletten verschrieben.	93
B1	verschwinden		verschwinden, verschwindet, verschwand, ist verschwunden	Mein Ausweis ist verschwunden. Hast du ihn vielleicht gesehen?	93
B1	versichern		versichern, versichert, versicherte, hat versichert	1. Wollen Sie Ihr Gepäck versichern? / 2. Wie sind Sie versichert?	93
B1	Versichertenkarte	die	die Versichertenkarte, -n	Haben Sie Ihre Versichertenkarte	93
B1	(D)		(D) →A: e-card	dabei?	93
B1	Versicherung	die	die Versicherung, -en	1. Sie sollten eine Versicherung für Ihr Gepäck abschließen. / 2. Sie müssen den Unfall der Versicherung melden.	93
B1	Verspätung	die	die Verspätung, -en	Unser Zug hatte 10 Minuten Verspätung.	93
B1	versprechen		versprechen, verspricht, versprach, hat versprochen	Meine Mutter hat mir versprochen, mich abzuholen.	93
B1	verständlich		verständlich	Nach acht Stunden Schule haben die Kinder keine Lust mehr, die Hausaufgaben zu machen. Ich finde das verständlich.	93
B1	Verständnis	das	das Verständnis	Wir bitten um Ihr Verständnis.	94
B1	verstecken		(sich) verstecken, versteckt, versteckte, hat versteckt	1. Ich habe das Geld hinter dem Regal versteckt. / 2. Die Kinder verstecken sich im Wald.	94
B1	verstehen		(sich) verstehen, versteht, verstand, hat verstanden	1. Ich kann Sie kaum verstehen. Sprechen Sie bitte lauter. / 2. Den Satz verstehe ich nicht. / 3. Ich verstehe nichts von Computern. / 4. Unsere beiden Kinder verstehen sich sehr gut.	94
B1	versuchen		versuchen, versucht, versuchte, hat versucht	1. Haben Sie es schon mal mit diesem Mittel versucht? / 2. Ich habe immer wieder versucht, Sie zu erreichen. / 3. Versuchen Sie doch mal meinen Apfelkuchen.	94
B1	Versuch	der	der Versuch, -e	1. In der Forschung werden viele Versuche gemacht. / 2. Mein Versuch, etwas zu ändern, blieb ohne Erfolg.	94
B1	verteilen		verteilen, verteilt, verteilte, hat verteilt	Kannst du bitte schon mal die Gläser verteilen?	94
B1	Vertrag	der	der Vertrag, ¨-e	Sie beide müssen den Vertrag unterschreiben.	94
B1	vertrauen		vertrauen, vertraut, vertraute, hat vertraut	Ich kenne dich gut. Ich vertraue dir.	94
B1	Vertrauen	das	das Vertrauen	Ich habe Vertrauen zu Ihnen.	94
B1	vertreten		vertreten, vertritt, vertrat, hat vertreten	Wer vertritt Sie, wenn Sie Urlaub machen?	94
B1	Vertreter	der	der Vertreter, -	1. Als Herr Dr. Müller in Urlaub war, bin	94
B1	Vertreterin	die	die Vertreterin, -nen	ich zu seiner Vertreterin gegangen. / 2. Die Elternvertreter treffen sich morgen Abend in der Schule.	94
B1	Vertretung	die	die Vertretung, -en	Herr Dr. Meyer macht für mich die Vertretung.	94
B1	verurteilen		verurteilen, verurteilt, verurteilte, hat verurteilt	Das Gericht hat den Täter zu einer Geldstrafe verurteilt.	94
B1	Verwaltung	die	die Verwaltung, -en	Sprechen Sie bitte mit der Verwaltung. / Die können Ihnen helfen.	94
B1	verwandt		verwandt	Sind Sie mit Frau Meyer verwandt?	94
B1	Verwandte	der	der Verwandte, -n	Zu meinem Geburtstag kommen alle	94
B1	Verwandte	die	die Verwandte, -n	Verwandten.	94
B1	verwechseln		verwechseln, verwechselt, verwechselte, hat verwechselt	Entschuldigen Sie, ich habe Sie mit jemandem verwechselt.	94
B1	verwenden		verwenden, verwendet, verwendete, hat verwendet	Dieses Wort wird oft verwendet.	94
B1	verzeihen		verzeihen, verzeiht, verzieh, hat verziehen	Das werde ich ihm nie verzeihen können.	94
B1	Verzeihung		Verzeihung	Verzeihung! Ich habe die falsche Nummer gewählt.	94
B1	verzichten		verzichten, verzichtet, verzichtete, hat verzichtet	Ich verzichte heute auf den Kaffee.	94
B1	Video	das	das Video, -s	1. Ich habe den Film auf Video aufgenommen. / 2. Lass uns ein Video vom Fest machen!	94
B1	viel/viele		viel/viele	1. Ich habe schon viel gelernt. / 2. Ich wünsche Ihnen viel Spaß. / 3. Hier regnet es viel. / 4. Das ist mir viel zu teuer. / 5. Im Winter sind viele Leute erkältet.	94
B1	vielleicht		vielleicht	1. Kommst du mit in die Stadt? - Ich weiß noch nicht. Vielleicht. / 2. Vielleicht bekomme ich den Job. / 3. Die Fahrkarte war vielleicht teuer! / 4. Hast du vielleicht Kleingeld für mich?	94
B1	Viertel	das	das Viertel, - (D, A) →CH: Quartier	Wir wohnen in einem schönen Viertel.	94
B1	virtuell		virtuell	Auf dieser Website kann man an einer virtuellen Stadtrundfahrt teilnehmen.	94
B1	Virus	der	der Virus, Viren	Ich habe mal wieder einen Virus auf meinem Computer.	94
B1	Visitenkarte	die	die Visitenkarte, -n	Darf ich Ihnen meine Visitenkarte geben?	94
B1	Visum	das	das Visum, Visa	Das Visum ist für drei Monate gültig.	94
B1	Vitamin	das	das Vitamin, -e	Der Arzt sagt, ich soll viele Vitamine essen.	94
B1	voll		voll	1. Die Flasche ist noch ganz voll. / 2. Vor den Feiertagen sind die Züge immer sehr voll. / 3. Bitte unterschreiben Sie mit Ihrem vollen Namen.	94
B1	Vollzeit	die	die Vollzeit	Ich möchte gerne Vollzeit arbeiten.	94
B1	Volleyball		Volleyball	Im Sommer spiele ich gern Volleyball.	94
B1	völlig		völlig	Das halte ich für völlig ausgeschlossen.	94
B1	von		von	1. Ich komme gerade vom Zahnarzt. / 2. Emil ist ein Freund von mir. / 3. Haben Sie noch eine Zeitung von heute? / 4. Von jetzt an müssen wir sparen. / 5. Das Büro ist von 13 bis 15 Uhr geschlossen.	94
B1	voneinander		voneinander	Wir haben lange nichts voneinander gehört.	95
B1	vor		vor	1. Ich bin vor einer Woche zurückgekommen. / 2. Das Auto steht vor der Tür. / 3. Ich konnte vor Schmerzen nicht schlafen.	95
B1	vor allem		vor allem	Grüßen Sie alle von mir, vor allem Frau Meier.	95
B1	voraus		voraus	1. Gehen Sie schon voraus. / 2. Ich danke Ihnen im Voraus für Ihre Mühe.	95
B1	Voraussetzung	die	die Voraussetzung, -en	1. Gesunde Ernährung ist die Voraussetzung für ein langes Leben. / 2. Er will die Arbeit nur unter der Voraussetzung annehmen, dass ihm die Firma eine Wohnung organisiert.	95
B1	voraussichtlich		voraussichtlich	Der Zug hat voraussichtlich 20 Minuten Verspätung.	95
B1	vorbei/vorbei-		vorbei/vorbei-	1. Die Linie 8 fährt am Krankenhaus vorbei. / 2. Keine Sorge! Die Schmerzen sind in ein paar Minuten vorbei. / 3. Kommst du um 3 Uhr bei mir vorbei?	95
B1	vorbereiten		(sich) vorbereiten, bereitet vor, bereitete vor, hat vorbereitet	1. Am Sonntag machen wir ein kleines Fest. Ich muss noch viel dafür vorbereiten. / 2. Ich muss mich auf meine Prüfung vorbereiten.	95
B1	Vorbereitung	die	die Vorbereitung, -en	Nächste Woche beginnen wir mit der Vorbereitung für die Prüfung.	95
B1	vorder-		vorder-	In den vorderen Reihen sind noch Plätze frei.	95
B1	Vorfahrt	die	die Vorfahrt	Achtung! Das Auto rechts hat Vorfahrt!	95
B1	vorgestern		vorgestern	Er hat mich vorgestern angerufen.	95
B1	vorhaben		vorhaben, hat vor, hatte vor, hat vorgehabt	Haben Sie morgen Abend schon etwas vor?	95
B1	vorher		vorher	Ich komme mit ins Café. Vorher muss ich aber noch zur Bank.	95
B1	vorhin		vorhin	Vorhin hat Heidrun angerufen. Du sollst sie zurückrufen.	95
B1	vorkommen		vorkommen, kommt vor, kam vor, ist vorgekommen	Kein Problem. Das kann vorkommen.	95
B1	vorläufig		vorläufig	1. Ich habe noch keine Wohnung. Ich wohne vorläufig bei einem Freund. / 2. Das ist eine vorläufige Entscheidung.	95
B1	vorlesen		vorlesen, liest vor, las vor, hat vorgelesen	Ich lese meinen Kindern oft etwas vor.	95
B1	vorn		vorn, vorne	1. Bitte vorn beim Fahrer einsteigen! / 2. Zwei Kinokarten, bitte. – Wo möchten Sie sitzen, vorne oder hinten? / 3. Das war noch nicht ganz richtig. Bitte noch mal von vorne.	95
B1	Vorort	der	der Vorort, -e	Wir wohnen in einem Vorort von Köln.	95
B1	vorschlagen		vorschlagen, schlägt vor, schlug vor, hat vorgeschlagen	Ich schlage vor, dass wir eine Pause machen.	95
B1	Vorschlag	der	der Vorschlag, ¨-e	Ich mache dir einen Vorschlag: Du hilfst mir beim Deutschlernen, und ich lade dich zum Essen ein.	95
B1	Vorschrift	die	die Vorschrift, -en	Beachten Sie bitte die Vorschriften für das Benutzen der Bibliothek.	95
B1	Vorsicht	die	die Vorsicht	Vorsicht! Der Teller ist heiß.	95
B1	vorsichtig		vorsichtig	Bitte fahr vorsichtig, die Straße ist glatt.	95
B1	vorstellen		(sich) vorstellen, stellt vor, stellte vor, hat vorgestellt	1. So schwierig habe ich mir die Arbeit nicht vorgestellt. / 2. Darf ich dir meine Frau vorstellen? / 3. Ich möchte mich vorstellen: Mein Name ist Schuster.	95
B1	Vorstellung	die	die Vorstellung, -en	Wann läuft der Film? – Die nächste Vorstellung ist um 15 Uhr.	95
B1	Vorstellungsgespräch	das	das Vorstellungsgespräch, -e	Wann hast du dein Vorstellungsgespräch?	95
B1	Vorteil	der	der Vorteil, -e	Der Vorteil von dieser Wohnung ist, dass sie direkt im Zentrum liegt.	95
B1	Vortrag	der	der Vortrag, ¨-e	Ihr Vortrag war sehr interessant.	95
B1	Vorwahl	die	die Vorwahl, -en	Wie ist die Vorwahl von Hamburg?	95
B1	vorwärts		vorwärts	Ich kann nicht vorbei. Bitte fahr noch ein Stück vorwärts.	95
B1	Vorwurf	der	der Vorwurf, ¨-e	Eva kann nichts dafür. Mach ihr keine Vorwürfe.	95
B1	waagerecht		waagerecht	Ziehen Sie bitte einen waagerechten Strich.	96
B1	wach		wach	1. Bist du schon lange wach? / 2. Ich bin gerade wach geworden.	96
B1	wachsen		wachsen, wächst, wuchs, ist gewachsen	1. Mein Sohn ist sehr gewachsen. Er ist jetzt schon größer als ich. / 2. Ich will mir die Haare wachsen lassen. / 3. In meinem Garten wachsen Tomaten und Kartoffeln.	96
B1	Wagen	der	der Wagen, -	1. Ich habe meinen Wagen in die Werkstatt gebracht. / 2. Im zweiten Wagen befindet sich das Zugrestaurant.	96
B1	wählen		wählen, wählt, wählte, hat gewählt	1. Sie können wählen: Als Vorspeise gibt es Suppe oder Salat. / 2. Sie müssen erst eine Null wählen. / 3. Ich habe diese Partei nicht gewählt.	96
B1	Wahl	die	die Wahl, -en	1. Sie haben die Wahl: mit Vollpension oder Halbpension? / 2. Die nächste Wahl ist im Herbst.	96
B1	wahnsinnig		wahnsinnig	1. Du fährst viel zu schnell. Bist du wahnsinnig?! / 2. Diese Musik gefällt mir wahnsinnig gut.	96
B1	wahr		wahr	1. Was ich sage, ist wahr. / 2. Es ist eine wahre Geschichte. / 3. Es ist doch schön hier, nicht wahr?	96
B1	Wahrheit	die	die Wahrheit, -en	Sag mir bitte die Wahrheit. Hast du wieder geraucht?	96
B1	während		während	1. Während ich arbeite, höre ich oft Musik. / 2. Während der Prüfung dürfen wir unsere Handys nicht benutzen.	96
B1	wahrscheinlich		wahrscheinlich	Wahrscheinlich mache ich im Herbst noch einen Deutschkurs.	96
B1	Wald	der	der Wald, ¨-er	1. Hinter unserem Haus fängt der Wald an. / 2. Ich gehe gern im Wald spazieren.	96
B1	Wand	die	die Wand, ¨-e	1. Ich stelle das Regal rechts an die Wand. / 2. Die Wände sind hier sehr dünn. Man hört alles.	96
B1	wandern		wandern, wandert, wanderte, ist gewandert	Wir gehen oft wandern.	96
B1	Wanderung	die	die Wanderung, -en	Wir haben in den Ferien eine schöne Wanderung gemacht.	96
B1	wann		wann	1. Wann kommst du? / 2. Wissen Sie, wann der Kurs beginnt? / 3. Bis wann muss ich mich anmelden? / 4. Ab wann haben Sie geöffnet?	96
B1	Ware	die	die Ware, -n	Wir liefern Ihnen die Ware direkt ins Haus.	96
B1	warm		warm	1. Hier ist es sehr warm. / 2. Abends essen wir oft warm. / 3. Du musst dich warm anziehen. / 4. Mittags möchte ich gern ein warmes Essen. / 5. Für den Winter brauche ich einen warmen Pullover.	96
B1	Wärme	die	die Wärme	Wärme ist gut gegen meine Schmerzen.	96
B1	warnen		warnen, warnt, warnte, hat gewarnt	Ich warne Sie. Der Hund ist gefährlich.	96
B1	warten		warten, wartet, wartete, hat gewartet	1. Können Sie ein paar Minuten warten? / 2. Ich warte seit einer Stunde auf den Bus.	96
B1	warum		warum	1. Warum besuchst du mich nicht? / 2. Ich weiß nicht, warum es hier so kalt ist.	96
B1	was		was	1. Was ist das? / 2. Was möchten Sie? / 3. Wissen Sie, was das ist? / 4. Hast du schon (et)was gegessen?	96
B1	was für ein-		was für ein- (sich) waschen, wäscht, wusch, hat gewaschen	Ich will mir ein Auto kaufen. – Was denn für eins? / 1. Ich habe die Bluse gerade frisch gewaschen. / 2. Wo kann ich mir die Hände waschen?	96
B1	Wäsche	die	die Wäsche	1. Ich muss heute noch Wäsche waschen. / 2. Kannst du bitte die Wäsche aufhängen?	96
B1	Waschmittel	das	das Waschmittel, -	Diese Bluse darfst du nicht mit jedem Waschmittel waschen.	96
B1	Wasser	das	das Wasser	1. Kann ich bitte ein Glas Wasser haben? / 2. Eine Cola und zwei Wasser, bitte! / 3. Gibt es hier kein warmes Wasser?	96
B1	wechseln		wechseln, wechselt, wechselte, hat gewechselt	1. Können Sie 50 Euro in Kleingeld/in Dollar wechseln? / 2. Kannst du Reifen wechseln? / 3. Ich werde den Arzt wechseln. Dieser hier ist zu teuer.	96
B1	wecken		wecken, weckt, weckte, hat geweckt	Können Sie mich morgen früh um sechs wecken?	96
B1	Wecker	der	der Wecker, -	Hast du den Wecker schon gestellt?	96
B1	weder … noch		weder … noch	Für Urlaub haben wir weder Zeit noch Geld.	97
B1	Weg	der	der Weg, -e	1. Dieser Weg ist sehr breit und angenehm. / 2. Wir wohnen im/am Oberweg 10. / 3. Können Sie mir den Weg zum Bahnhof erklären?	97
B1	weg/weg-		weg/weg-	1. Meine Handtasche ist weg! / 2. Den Brief darfst du nicht wegwerfen.	97
B1	wegen		wegen	1. Wegen Nebels konnte unser Flugzeug nicht landen. / 2. Ich rufe wegen meiner Tochter an.	97
B1	wehtun		wehtun, tut weh, tat weh, hat wehgetan	1. Wo tut es weh? / 2. Mir tut der Rücken weh. / 3. Hast du dir wehgetan?	97
B1	weiblich		weiblich	Kreuzen Sie bitte an: „weiblich“ oder „männlich“.	97
B1	weich		weich	1. Ich möchte zum Frühstück ein weiches Ei. / 2. Das Bett im Hotel war mir zu weich.	97
B1	weigern		sich weigern, weigert sich, weigerte sich, hat sich geweigert	Ich weigere mich diese Arbeit zu tun.	97
B1	weil		weil	Ich kann nicht kommen, weil ich krank bin.	97
B1	Wein	der	der Wein, -e	In diesem Restaurant gibt es sehr guten Wein.	97
B1	weinen		weinen, weint, weinte, hat geweint	Bitte nicht weinen. Du bekommst eine neue Puppe.	97
B1	-weise		-weise	1. War der Test schwierig? – Teilweise. / 2. Das ist möglicherweise nicht so einfach.	97
B1	weit		weit	1. Wie weit ist es noch bis München? / 2. Wie weit sind Sie mit der Arbeit? / 3. Die Jacke ist mir zu weit.	97
B1	weiter/weiter-		weiter/weiter-	1. Ich möchte nicht stören. Bitte essen Sie ruhig weiter. / 2. Haben Sie noch weitere Fragen?	97
B1	Weiterbildung	die	die Weiterbildung, -en	Ich möchte eine Weiterbildung machen.	97
B1	welcher		welcher, welche, welches	1. Welcher Tag ist heute? / 2. Welchen Kurs hast du gemacht?	97
B1	Welt	die	die Welt	1. Überall auf der Welt gibt es Probleme. / 2. Ich habe die besten Eltern der Welt.	97
B1	weltweit		weltweit	1. Unsere Firma produziert für den weltweiten Markt. / 2. Das Zertifikat B1 wird weltweit angeboten.	97
B1	wenden		wenden, wendet, wendete, hat gewendet	Sie müssen zurückfahren, aber hier dürfen Sie nicht wenden.	97
B1	wenig/wenige		wenig/wenige	1. Essen Sie immer so wenig? / 2. Ich habe nur wenig geschlafen. / 3. Hier gibt es nur wenige Geschäfte.	97
B1	wenigstens		wenigstens	Ich habe keinen Hunger. – Ach, essen Sie wenigstens ein Stück Kuchen.	97
B1	wenn		wenn	Kommst du zu der Party? - Vielleicht, wenn ich nicht arbeiten muss.	97
B1	wer		wer	1. Wer ist das? Kennst du die Frau? / 2. Wer will die Prüfung machen?	97
B1	Werbung	die	die Werbung, -en	1. Ich sehe gern Werbung im Fernsehen. / 2. Ich möchte keine Werbung im Briefkasten.	97
B1	werden		werden, wird, wurde, ist geworden	1. Es wird kalt. / 2. Ich habe morgen Geburtstag. − Wie alt wirst du denn? / 3. Warum fährst du so schnell? Bist du verrückt geworden?! / 4. Mein Sohn möchte Polizist werden. / 5. Wohin fahren Sie in Urlaub? – Ich glaube, wir werden dieses Jahr zu Hause bleiben.	97
B1	werfen		werfen, wirft, warf, hat geworfen	Die Kinder haben Steine ins Wasser geworfen.	97
B1	Werk	das	das Werk, -e	Wir haben gestern das Werk besichtigt.	97
B1	Werkstatt	die	die Werkstatt, ¨-en	Mein Wagen ist zurzeit in der Werkstatt.	97
B1	Werkzeug	das	das Werkzeug, -e	Wir hatten kein Werkzeug für die Reparatur dabei.	97
B1	wert		wert	Das Auto ist vielleicht noch 1000 Euro wert.	97
B1	Wert	der	der Wert, -e	1. Das Haus hat einen Wert von ca. 1 Mio. / Euro. / 2. Es hat ja doch keinen Wert. / 3. Auf Ihr Urteil lege ich großen Wert.	97
B1	wertlos		wertlos	Diese alten Geldscheine sind heute völlig wertlos.	97
B1	wertvoll		wertvoll	Ich habe einen sehr wertvollen Ring von meiner Großmutter.	97
B1	weshalb		weshalb	1. Weshalb rufst du an? / 2. Ich bekomme Besuch, weshalb ich leider nicht zur Party gehen werde.	97
B1	Wettbewerb	der	der Wettbewerb, -e	Meine Tochter hat bei einem Wettbewerb gewonnen. Sie hat das beste Bild gemalt.	98
B1	wetten		wetten, wettet, wettete, hat gewettet	1. Wir haben gewettet, dass sie wieder zu spät kommt. / 2. Wetten, dass es bald regnet?	98
B1	Wetter	das	das Wetter	1. Ich habe Radio gehört. Das Wetter soll schön werden. / 2. Wir hatten im Urlaub schlechtes Wetter. / 3. Bei schönem Wetter könnten wir ein Picknick machen.	98
B1	Wetterbericht	der	der Wetterbericht, -e	Hast du schon den Wetterbericht gehört?	98
B1	Wettervorhersage	die	die Wettervorhersage, -n	Die Wettervorhersage für morgen: trocken und sonnig.	98
B1	wichtig		wichtig	1. Die Prüfung ist sehr wichtig für mich. / 2. Morgen habe ich einen wichtigen Termin.	98
B1	widersprechen		widersprechen, widerspricht, widersprach, hat widersprochen	1. Da muss ich Ihnen widersprechen. / 2. Das widerspricht sich aber.	98
B1	wie		wie	1. Wie heißt du? / 2. Wie lange bist du schon hier? / 3. Meine Frau ist so alt wie ich. / 4. Wie schreibt man das? / 5. Wie bitte? / 6. Wie gefällt dir unsere Wohnung?	98
B1	wieder/wieder-		wieder/wieder-	1. Wann kommst du wieder? / 2. Meine Mutter war krank. Jetzt ist sie aber wieder gesund. / 3. Mein Bruder kommt schon wieder zu spät. / 4. Meine Eltern sind zu Besuch gekommen. Morgen fahren sie wieder zurück.	98
B1	wiederholen		wiederholen, wiederholt, wiederholte, hat wiederholt	Ich wiederhole: Die Nummer ist 3487.	98
B1	Wiederholung	die	die Wiederholung, -en	Eine Wiederholung der Prüfung ist möglich.	98
B1	wiegen		wiegen, wiegt, wog, hat gewogen	1. Wie viel wiegst du? / 2. Der Brief wiegt mehr als 20 Gramm.	98
B1	wild		wild	1. Das ist ein wilder Fluss. / 2. Spielt nicht so wild!	98
B1	Wiese	die	die Wiese, -n	Vor unserem Haus ist eine Wiese mit Bäumen.	98
B1	wieso		wieso	Wie lange sind Sie hier? – Wieso fragen Sie?	98
B1	wie viel(e)		wie viel(e)	1. Wie viel Geld hast du dabei? / 2. Wie viel ist ein Euro hier wert? / 3. Wie viele Kinder haben Sie?	98
B1	willkommen		willkommen	Herzlich willkommen in Köln.	98
B1	Wind	der	der Wind, -e	Der Wind kommt heute von Westen.	98
B1	windig		windig	Es ist heute sehr windig.	98
B1	winken		winken, winkt, winkte, hat gewinkt	Alle standen auf dem Bahnsteig und winkten zum Abschied.	98
B1	wirken		wirken, wirkt, wirkte, hat gewirkt	Die Tabletten haben nicht gewirkt.	98
B1	Wirkung	die	die Wirkung, -en	Welche Wirkungen hat dieses Medikament? Muss ich vorsichtig sein?	98
B1	wirklich		wirklich	1. Du glaubst mir nicht? Es ist aber wirklich so. / 2. Im Bahnhofsrestaurant isst man wirklich sehr gut.	98
B1	Wirklichkeit	die	die Wirklichkeit	1. Das Buch beschreibt die Wirklichkeit um 1900 sehr gut. / 2. Man sagte mir, das Buch kostet nur 9 Euro. In Wirklichkeit kostet es 14 Euro.	98
B1	Wirt	der	der Wirt, -e	Ich kenne die Wirtin von diesem Lokal.	98
B1	Wirtin	die	die Wirtin, -nen	Sie ist sehr nett.	98
B1	Wirtschaft	die	die Wirtschaft	In der Schule lernen die Kinder viel über Wirtschaft und Politik.	98
B1	wissen		wissen, weiß, wusste, hat gewusst	1. Weißt du, wie der Hausmeister heißt? / 2. Ich habe nicht gewusst, dass Pascal verheiratet ist. / 3. Woher wissen Sie das?	98
B1	Wissen	das	das Wissen	1. Es hat ein großes Wissen über Pflanzen. / 2. Ich tue nichts ohne dein Wissen.	98
B1	Wissenschaft	die	die Wissenschaft, -en	Vertreter von Kunst und Wissenschaft treffen sich heute in Berlin.	98
B1	Wissenschaftler	der	der Wissenschaftler, -	Sie ist Wissenschaftlerin an der	98
B1	dieWissenschaftlerin		dieWissenschaftlerin,-nen	Universität.	98
B1	Witz	der	der Witz, -e	Wir haben Witze erzählt und viel gelacht.	98
B1	wo		wo	1. Wo waren Sie im Urlaub? / 2. Wo wohnen Sie? / 3. Wo ist denn meine Uhr?	98
B1	woher		woher	1. Woher kommst du? / 2. Unsere Nachbarn ziehen nach Berlin. – Woher wissen Sie das?	98
B1	wohin		wohin	1. Wohin kommt der Schrank? / 2. Wohin fährt dieser Bus?	98
B1	wohl		wohl	1. Kann ich nach Hause gehen? Ich fühle mich nicht wohl. / 2. Das wird wohl etwas länger dauern als geplant.	99
B1	wohnen		wohnen, wohnt, wohnte, hat gewohnt	1. Wir wohnen in einem alten Haus. / 2. Ich wohne in München. / 3. Wohnst du noch bei deinen Eltern?	99
B1	Wohnort	der	der Wohnort, -e	Tragen Sie bitte Straße und Wohnort ein.	99
B1	Wohnsitz	der	der Wohnsitz, -e	Er hat einen festen Wohnsitz in dieser Stadt.	99
B1	Wohnung	die	die Wohnung, -en	Wir suchen eine möblierte Wohnung, möglichst im Zentrum.	99
B1	Wohnzimmer	das	das Wohnzimmer, -	Wir sitzen im Wohnzimmer und sehen fern.	99
B1	Wolke	die	die Wolke, -n	Es sind viele Wolken am Himmel.	99
B1	bewölkt		bewölkt	Heute ist es stark bewölkt.	99
B1	Wolle	die	die Wolle	Dieser Pullover ist aus reiner Wolle.	99
B1	wollen		wollen, will, wollte, hat gewollt (hat wollen als Modalverb)	1. Peter will Arzt werden. / 2. Wollen Sie einen Kaffee? / 3. Meine Eltern wollten nicht mitfahren. / 4. Was hast du als Kind werden wollen? / 5. Tut mir leid. Ich wollte das nicht.	99
B1	worüber		worüber	Worüber lachen Sie?	99
B1	worum		worum	Kann ich Herrn Meier sprechen? – Worum geht es denn?	99
B1	Wort	das	das Wort, ¨-er	Ich kenne diese beiden Wörter nicht.	99
B1	Wort	das	das Wort, -e	Sie hat mit wenigen Worten viel gesagt.	99
B1	Wörterbuch	das	das Wörterbuch, ¨-er	Ich muss das Wort im Wörterbuch nachschlagen.	99
B1	Wunde	die	die Wunde, -n	Die Wunde müssen wir sofort verbinden.	99
B1	Wunder	das	das Wunder, -	1. Ich bin mit dem Fahrrad gestürzt. Es war ein Wunder, dass nichts Schlimmes passiert ist. / 2. Du isst zu viel Schokolade. Kein Wunder, dass die Hose nicht mehr passt.	99
B1	wunderbar		wunderbar	1. Im ganzen Urlaub hatten wir wunderbares Wetter. / 2. Diese Schokolade schmeckt wunderbar.	99
B1	wunderschön		wunderschön	1. Wir haben einen Ausflug gemacht. Es war wunderschön. / 2. Ich habe mir ein wunderschönes Kleid gekauft.	99
B1	wundern		sich wundern, wundert sich, wunderte sich, hat sich gewundert	1. Es hat mich gewundert, dass das Essen hier so günstig ist. / 2. Ich wundere mich, dass du schon so früh aus der Schule kommst. Was ist los?	99
B1	wünschen		(sich) wünschen, wünscht, wünschte, hat gewünscht	1. Ich wünsche Ihnen alles Gute. / 2. Was wünschst du dir zum Geburtstag? / 3. Wünsch mir Glück!	99
B1	Wunsch	der	der Wunsch, ¨-e	1. Haben Sie sonst noch einen Wunsch? / 2. Mit den besten Wünschen für Sie und Ihre Familie.	99
B1	Wurst	die	die Wurst, ¨-e	Diese Wurst ist mir zu fett.	99
B1	wütend		wütend	Warum bist du so wütend?	99
B1	Zahl	die	die Zahl, -en	1. Können Sie die Zahl bitte wiederholen? / 2. Die Zahl der Internetnutzer wird immer größer.	99
B1	Anzahl	die	die Anzahl, -en	Die Anzahl der Teilnehmer war groß.	99
B1	zahlreich		zahlreich	Die Gäste sind zahlreich gekommen. / Es gibt zahlreiche Beispiele für gute Zusammenarbeit.	99
B1	zahlen		zahlen, zahlt, zahlte, hat gezahlt	1. Herr Ober, zahlen bitte! / 2. Ich hatte keinen Fahrschein und musste 60 Euro Strafe zahlen. / 3. Wir müssen im nächsten Jahr mehr Steuern zahlen.	99
B1	Zahlung	die	die Zahlung, -en	Bitte geben Sie bei der Zahlung die Rechnungsnummer an.	99
B1	zählen		zählen, zählt, zählte, hat gezählt	1. Bitte zählen Sie das Wechselgeld sofort nach. / 2. Mein Sohn kann schon bis 100 zählen. / 3. Ich zähle auf dich!	99
B1	Zahn	der	der Zahn, ¨-e	Der Zahn tut mir schon lange weh.	99
B1	Zahncreme/-pasta	die	die Zahncreme/-pasta	Die neue Zahncreme riecht sehr gut.	99
B1	Zange	die	die Zange, -n	Um das Fahrrad zu reparieren, brauchst du eine Zange.	99
B1	Zeichen	das	das Zeichen, -	Bitte fangen Sie erst an, wenn ich Ihnen ein Zeichen gebe.	99
B1	Verkehrszeichen	das	das Verkehrszeichen, -	Meine Kinder lernen in der Schule gerade die Verkehrszeichen.	100
B1	zeichnen		zeichnen, zeichnet, zeichnete, hat gezeichnet	Meine Tochter kann sehr gut zeichnen.	100
B1	Zeichnung	die	die Zeichnung, -en	Das ist eine schöne Zeichnung.	100
B1	zeigen		zeigen, zeigt, zeigte, hat gezeigt	1. Zeig mir bitte deine Hausaufgaben. / 2. Der Bahnhof ist nicht weit entfernt. Ich zeige Ihnen den Weg. / 3. Komm her! Ich zeige dir etwas.	100
B1	Zeile	die	die Zeile, -n	Das Wort steht in der fünften Zeile von oben.	100
B1	Zeit	die	die Zeit	1. Ich habe heute keine Zeit. / 2. Es ist noch früh. Wir haben noch viel Zeit. / 3. Um welche Zeit sind Sie normalerweise zu Hause? / 4. Um diese Zeit ist hier wenig los.	100
B1	Zeitpunkt	der	der Zeitpunkt, -	Er ist krank. Das ist kein guter Zeit-	100
B1	e		e	punkt für einen Besuch.	100
B1	zurzeit		zurzeit	Zurzeit habe ich sehr viel zu tun.	100
B1	Zeitschrift	die	die Zeitschrift, -en	Diese Zeitschrift kaufe ich jede Woche.	100
B1	Zeitung	die	die Zeitung, -en	Ich lese manchmal Zeitung.	100
B1	Zelt	das	das Zelt, -e	Wir machen Camping-Urlaub und nehmen ein Zelt mit.	100
B1	zelten		zelten, zeltet, zeltete, hat gezeltet	Ich habe noch nie gezeltet.	100
B1	zentral		zentral	Wir suchen eine Zweizimmerwohnung in zentraler Lage.	100
B1	Zentrum	das	das Zentrum, Zentren	1. Im Zentrum gibt es fast keine Parkplätze. / 2. Es gibt ein neues Zentrum mit vielen Geschäften. Es wird am Samstag eröffnet.	100
B1	zerstören		zerstören, zerstört, zerstörte, hat zerstört	Der Sturm hat viele Häuser zerstört.	100
B1	Zertifikat	das	das Zertifikat, -e	Wenn ich die Prüfung schaffe, bekomme ich ein Zertifikat.	100
B1	Zettel	der	der Zettel, -	Hast du einen Zettel für mich? Ich muss etwas aufschreiben.	100
B1	Zeug/-zeug	das	das Zeug/-zeug	Was hast du mit meinen Sachen gemacht? – Ich habe dein ganzes Zeug in dein Zimmer getan.	100
B1	Zeuge	der	der Zeuge, -n	Die Polizei sucht noch Zeugen für den	100
B1	Zeugin	die	die Zeugin, -nen	Unfall.	100
B1	Zeugnis	das	das Zeugnis, -se	Wenn Sie die Prüfung schaffen, bekommen Sie ein Zeugnis.	100
B1	ziehen		ziehen, zieht, zog, hat/ist gezogen	1. Sie müssen ziehen, nicht drücken. / 2. Wir sind vor drei Wochen nach Hamburg gezogen. / 3. Machen Sie bitte die Tür zu, es zieht.	100
B1	Ziel	das	das Ziel, -e	Ich will die Prüfung unbedingt schaffen. Das ist mein Ziel.	100
B1	ziemlich		ziemlich	1. Ich bin schon ziemlich müde. Ich gehe ins Bett. / 2. Ich musste beim Arzt ziemlich lange warten.	100
B1	Zigarette	die	die Zigarette, -n	Wie viele Zigaretten rauchst du am Tag?	100
B1	Zimmer	das	das Zimmer, -	1. Die Wohnung hat drei Zimmer. / 2. Ich habe ein Zimmer im Hotel Eden reserviert.	100
B1	Zinsen	die	die Zinsen (nur Pl.)	Wie viele Zinsen bekomme ich für mein Sparkonto?	100
B1	Zirkus	der	der Zirkus, -se	Heute gehen wir mit den Kindern in den Zirkus.	100
B1	Zitrone	die	die Zitrone, -n	Ich hätte gern einen Tee mit Zitrone.	100
B1	Zivilstand	der	der Zivilstand (CH) →Personenstand; D, A: Familienstand	Bei „Zivilstand“ musst du „ledig“ ankreuzen.	100
B1	Zoll	der	der Zoll, ¨-e	Das war die Passkontrolle. Wir müssen jetzt noch durch den Zoll.	100
B1	Zone	die	die Zone, -n	Hier können wir nicht fahren. Das ist eine Fußgängerzone.	100
B1	Zoo	der	der Zoo, -s	Am Sonntag gehen wir mit den Kindern in den Zoo.	100
B1	zu		zu	1. Ich bringe Sie zum Bahnhof. / 2. Wann sind Sie zu Hause? / 3. Am besten gehen Sie zu Fuß. / 4. Gehen Ihre Kinder schon/noch zur Schule? / 5. Das Kleid ist mir zu teuer. / 6. Bitte zwanzig Briefmarken zu 55 Cent. / 7. Ich trinke zum Essen ein Bier. / 8. Unsere Mannschaft hat 2 zu 1 gewonnen. / 9. Ich habe vor, mir ein neues Auto zu kaufen. / 10.Hast du etwas zu trinken für mich?	100
B1	zubereiten		zubereiten, bereitet zu, bereitete zu, hat zubereitet	Sie bereitet das Fleisch mit Kartoffeln zu.	100
B1	Zucker	der	der Zucker	Nehmen Sie Zucker in den Tee?	100
B1	zuerst		zuerst	1. Wer war zuerst? – Der Herr hier. / 2. Zuerst gibt es Mittagessen. Dann könnt ihr Schokolade essen. / 3. Zuerst hat mir die Arbeit gar nicht gefallen. Jetzt geht es besser.	101
B1	Zufall	der	der Zufall, ¨-e	1. So ein Zufall, dass ich dich hier treffe. / 2. Durch Zufall habe ich gehört, dass die Wohnung frei ist.	101
B1	zufällig		zufällig	1. Wir haben uns zufällig am Bahnhof getroffen. / 2. Hast du zufällig meine Brille gesehen?	101
B1	zufrieden		zufrieden	1. Meine Kinder haben heute Zeugnisse bekommen. Ich bin zufrieden. / 2. Ich bin mit der Wohnung zufrieden. Sie ist nicht so groß, aber sie hat einen Balkon.	101
B1	Zugang	der	der Zugang, ¨-e	1. Der Zugang zu diesem Haus ist schwierig. / 2. Hast du Zugang zum Internet?	101
B1	zugänglich		zugänglich	Der Park ist für alle zugänglich.	101
B1	Zug	der	der Zug, ¨-e	1. Unser Zug hatte 40 Minuten Verspätung. / 2. Ich fahre gern mit dem Zug.	101
B1	zugehen		zugehen, geht zu, ging zu, ist zugegangen	Die Tür geht nicht zu. Kannst du mir helfen?	101
B1	Zuhause	das	das Zuhause	Ich fühle mich hier wohl. Das ist mein Zuhause.	101
B1	zuhören		zuhören, hört zu, hörte zu, hat zugehört	Hör mir doch mal zu!	101
B1	Zuhörer	der	der Zuhörer, -	Liebe Zuhörerinnen und Zuhörer, Ihre	101
B1	Zuhörerin	die	die Zuhörerin, -nen	Meinung interessiert uns. Bitte rufen Sie an!	101
B1	Zukunft	die	die Zukunft	1. Du musst mehr für die Schule lernen. / Denk an die Zukunft. / 2. In Zukunft werde ich vorsichtiger sein.	101
B1	zukünftig		zukünftig	Ich bitte dich, zukünftig früher zu kommen.	101
B1	zuletzt		zuletzt	1. Die Kleider packen wir zuletzt ein. / 2. Wir haben uns vor drei Jahren zuletzt gesehen.	101
B1	zumachen		zumachen, macht zu, machte zu, hat zugemacht	Mach bitte die Tür zu!	101
B1	zumindest		zumindest	Ich möchte nicht in der Stadt wohnen, zumindest jetzt nicht, wenn die Kinder noch so klein sind.	101
B1	zunächst		zunächst	Zunächst möchte ich alle begrüßen!	101
B1	Zünder	die	die Zünder (A) (Pl.) → Streichholz; Zündholz	Ich hätte gern eine Schachtel Zünder.	101
B1	Zündholz	das	das Zündholz, ¨-er →Streichholz; A: Zünder	Ich hätte gern eine Schachtel Zündhölzer.	101
B1	zunehmen		zunehmen, nimmt zu, nahm zu, hat zugenommen	Ich habe im Urlaub 1 Kilo zugenommen.	101
B1	zurechtkommen		zurechtkommen, kommt zurecht, kam zurecht, ist zurechtgekommen	Soll ich Ihnen helfen? - Danke. Ich komme allein zurecht.	101
B1	zurück/zurück-		zurück/zurück-	1. Bitte eine Fahrkarte nach Frankfurt und zurück! / 2. Wann wirst du zurückkommen? / 3. Wann muss ich das Buch zurückgeben?	101
B1	zurzeit		zurzeit	Zurzeit ist kein Zimmer frei.	101
B1	zusagen		zusagen, sagt zu, sagte zu, hat zugesagt	Meine Eltern haben uns zum Essen eingeladen. Ich habe zugesagt.	101
B1	zusammen/zusammen-		zusammen/zusammen-	1. Wir haben als Kinder oft zusammen gespielt. / 2. Zahlen bitte. - Zusammen oder getrennt? / 3. Das macht zusammen 10 Euro 80. / 4. Fuß und Ball musst du zusammenschreiben – Fußball!	101
B1	Zusammenarbeit	die	die Zusammenarbeit	Sie sind der neue Kollege? Auf gute Zusammenarbeit!	101
B1	zusammenfassen		zusammenfassen, fasst zusammen, fasste zusammen, hat zusammengefasst	Können Sie das bitte noch einmal kurz zusammenfassen?	101
B1	Zusammenhang	der	der Zusammenhang, ¨-e	1. In diesem Zusammenhang möchte ich Sie auf zwei Bücher aufmerksam machen. / 2. Was ist der Zusammenhang zwischen diesen beiden Themen?	101
B1	zusätzlich		zusätzlich	Sie müssen in Zukunft eine Stunde zusätzlich arbeiten.	101
B1	zuschauen		zuschauen, schaut zu, schaute zu, hat zugeschaut	Willst du mitspielen? – Nein, ich schaue lieber nur zu.	101
B1	Zuschauer	der	der Zuschauer, -	Liebe Zuschauer, wir wünschen Ihnen	101
B1	Zuschauerin	die	die Zuschauerin, -nen	gute Unterhaltung.	101
B1	Zuschlag	der	der Zuschlag, ¨-e	Für diesen Zug müssen Sie einen Zuschlag zahlen.	101
B1	zu sein		zu sein, ist zu, war zu, ist	1. Am Sonntag sind die die meisten	102
B1	zu gewesen		zu gewesen	Läden zu. / 2. Das Fenster war nicht zu.	102
B1	Zustand	der	der Zustand, ¨-e	Als wir in die Wohnung eingezogen sind, war sie in sehr schlechtem Zustand.	102
B1	zuständig		zuständig	Wir haben ein Problem mit der Heizung. Wer ist dafür zuständig?	102
B1	zustimmen		zustimmen, stimmt zu, stimmte zu, hat zugestimmt	1. Ich stimme dir in dieser Sache völlig zu. / 2. Er nickt zustimmend.	102
B1	Zustimmung	die	die Zustimmung, -en	Wir brauchen Ihre Zustimmung, um Ihnen Werbung zu schicken.	102
B1	Zutaten	die	die Zutaten (Pl.)	Welche Zutaten braucht man für diesen Kuchen?	102
B1	zuverlässig		zuverlässig	Der Kollege kommt bestimmt gleich. Er ist immer sehr zuverlässig.	102
B1	das/der Zvieri/Znüni		das/der Zvieri/Znüni, -s	Es ist Zeit für ein kleines Zvieri.	102
B1	(CH)		(CH) →D: Imbiss; A: Jause		102
B1	zwar		zwar	1. Diese Schuhe sind zwar teuer, aber gut. / 2. Ich kriege jetzt doch eine Woche Urlaub, und zwar nächsten Monat.	102
B1	Zweck	der	der Zweck, -e	Ich glaube, es hat keinen Zweck, sich zu bewerben. Der Job ist sicher schon weg.	102
B1	zweifeln		zweifeln, zweifelt, zweifelte, hat gezweifelt	Ich zweifle nicht daran, dass Sie recht haben.	102
B1	Zweifel	der	der Zweifel, -	1. Da ist ohne Zweifel die beste Lösung. / 2. Allmählich bekomme ich Zweifel daran.	102
B1	Zwiebel	die	die Zwiebel, -n	Eine Zwiebel in kleine Stücke schneiden und zusammen mit dem Fleisch braten.	102
B1	zwingen		(sich) zwingen, zwingt, zwang, hat gezwungen	1. Bitte zwing mich nicht etwas zu essen. / Ich bin wirklich nicht hungrig. / 2. Das schlechte Wetter zwang uns umzukehren.	102
B1	zwischen		zwischen	1. Das Regal stellen wir zwischen die beiden Schränke. / 2. Heidelberg liegt zwischen Frankfurt und Stuttgart. / 3. Zwischen 8 und 10 Uhr bin ich zu Hause.	102
